S01000006161615F656D7074792E73333733
S3150817400001009AB2010000D0FEFFFF0FFFFFFFFF66
S315081740103C90FFFF8B10398C00E017085B8D366CC8
S31508174020105D175E00000000020000000000000087
S31508174030505341004B45590000000000010000008D
S3150817404012710001003C0000090600060000000076
S3150817405020000000F208B5AFDE0F60840341BBAD40
S31508174060E29F4177C415AF2DF789FE640012D8F081
S315081740700FF3D0CF0B103994020000000B11398CAF
S31508174080001000008B113984E00100000B12398CDF
S31508174090001200008B123984D60100000B133984DD
S315081740A0001400008B13397CF500000009063994B3
S315081740B09A14FFFF8B063984412D4F4B8905398C86
S315081740C01532FFFF190739844375727461696E20B3
S315081740D0436F6E74726F6C6C6572FFFF9C08398C30
S315081740E068747470733A2F2F7777772E616F6B739F
S315081740F07A2E636F6DFFFFFF098439940100FFFF5E
S315081741008B07397C56312E301502399432303236B0
S3150817411030333033313735363031FFFFA70F396C27
S3150817412065373761343762626437633539613532D3
S3150817413061646163313962343763386135383532CA
S3150817414017003994304331373737443639463536B9
S31508174150393446388903398C5C07FFFF000539E47B
S31508174160840000B8483661775A79366A4E592B62F1
S31508174170794430383859336D4B735A304934787314
S31508174180484A39454A4A6C6857714D475437554511
S315081741902B315477336A37525737516D75424F3823
S315081741A05364374C515A512F4379546447336E36F3
S315081741B047644E416146513045514F4D3545566C0A
S315081741C04636424A44744F2F784353664A594E37F0
S315081741D04873685433474F526B4C617678415A5A2D
S315081741E06335593764673D3D0B043994E803000076
S315081741F09F04397C6E6F464161485A4651676B6210
S31508174200615330416A4B443148513D3D92023994C6
S31508174210D0A4A8904180EBDA2D3F0AFF2780778034
S31508174220313734363166346533396538343562385B
S31508174230623735666165323731333235653331372B
S31508174240CBB63664105D175E000000000100020049
S3150817425000000000505341004B455900000000006C
S3150817426001000000001180000114000009008003F6
S31508174270000000001000000096EDBA7ED4A692CE74
S3150817428078F1B51AA3C5B8E11102399C323032361E
S315081742902D30332D3033FFFF090C39940100FFFFFA
S315081742A0038439948B013A8C05000000178C397CE6
S315081742B03334393346313243304239303439303072
S315081742C08B903984010000000D90398C000000008E
S315081742D00000FFFF8E803A8C672F73756D0F00FFEE
S315081742E015813A8C672F6C6B67741526004438B896
S315081742F02C18FFFF90813A94672F6763632F4F3304
S3150817430002FFFFFF10823A9C672F6764637FD0A668
S3150817431008FFFFFF96823A84672F696D2F6563003A
S3150817432000010000000000FF8B1F008A0400000030
S3150817433000803AE4200300B8C2263034E8997C0A8C
S31508174340A1E30000000000000000000000000000C4
S315081743500000000000000000000000000000000038
S315081743600000000000000000000000000000000028
S315081743700000000000000000000000000000000018
S315081743800000000000000000000000000000000008
S3150817439000000000000000000000000000000000F8
S315081743A000000000000000000000000000000000E8
S315081743B000000000000000000000000000000000D8
S315081743C000000000000000000000000000000000C8
S315081743D000000000000000000000000000000000B8
S315081743E000000000000000000000000000000000A8
S315081743F00000000000000000000000000000000098
S315081744000000000000000000000000000000000087
S315081744100000000000000000000000000000000077
S315081744200000000000000000000000000000000067
S315081744300000000000000000000000000000000057
S315081744400000000000000000000000000000000047
S315081744500000000000000000000000000000000037
S315081744600000000000000000000000000000000027
S315081744700000000000000000000000000000000017
S315081744800000000000000000000000000000000007
S3150817449000000000000000000000000000000000F7
S315081744A000000000000000000000000000000000E7
S315081744B000000000000000000000000000000000D7
S315081744C000000000000000000000000000000000C7
S315081744D000000000000000000000000000000000B7
S315081744E000000000000000000000000000000000A7
S315081744F00000000000000000000000000000000097
S315081745000000000000000000000000000000000086
S315081745100000000000000000000000000000000076
S315081745200000000000000000000000000000000066
S315081745300000000000000000000000000000000056
S315081745400000000000000000000000000000000046
S315081745500000000000000000000000000000000036
S315081745600000000000000000000000000000000026
S315081745700000000000000000000000000000000016
S315081745800000000000000000000000000000000006
S3150817459000000000000000000000000000000000F6
S315081745A000000000000000000000000000000000E6
S315081745B000000000000000000000000000000000D6
S315081745C000000000000000000000000000000000C6
S315081745D000000000000000000000000000000000B6
S315081745E000000000000000000000000000000000A6
S315081745F00000000000000000000000000000000096
S315081746000000000000000000000000000000000085
S315081746100000000000000000000000000000000075
S315081746200000000000000000000000000000000065
S315081746300000000000000000000000000000000055
S315081746400000000000000000000000000000000045
S3150817465000000000000000008B903984020000005B
S3150817466090813A94672F67636317533302FFFFFFE7
S3150817467010823A9C672F67646367D4A608FFFFFF03
S3150817468096823A84672F696D2F65630000020000CA
S31508174690000000FF8B9039840300000090813A943C
S315081746A0672F676363FF563302FFFFFF10823A9C33
S315081746B0672F6764634FD8A608FFFFFF96823A8469
S315081746C0672F696D2F65630000030000000000FF60
S315081746D09107788802900100010186000000FFFF04
S315081746E022507898EFAB060000000101000101027D
S315081746F0000201030003010400040105000501FF78
S315081747008B9039840400000090813A94672F676369
S3150817471063E75A3302FFFFFF10823A9C672F6764D5
S315081747206337DCA608FFFFFF96823A84672F696D01
S315081747302F65630000040000000000FF11833A8C00
S31508174740672F612F332F382F30FEFFFF91833A8457
S31508174750672F612F342F382F30FEFFFF17843A84BF
S31508174760672F612F302F32622F3005656E2D5553FF
S3150817477093843A84672F612F312F3130322F37615F
S3150817478093843A84672F612F312F3130322F372987
S3150817479013853A84672F612F322F3130322F3763BB
S315081747A013853A84672F612F322F3130322F372BE3
S315081747B000803AE4200300B8C2263034E8997C0A08
S315081747C0A1E33772B0FD5AED8F744C5F00000000F5
S315081747D000000000000000000000000000000000B4
S315081747E000000000000000000000000000000000A4
S315081747F00000000000000000000000000000000094
S315081748000000000000000000000000000000000083
S315081748100000000000000000000000000000000073
S315081748200000000000000000000000000000000063
S315081748300000000000000000000000000000000053
S315081748400000000000000000000000000000000043
S315081748500000000000000000000000000000000033
S315081748600000000000000000000000000000000023
S315081748700000000000000000000000000000000013
S315081748800000000000000000000000000000000003
S3150817489000000000000000000000000000000000F3
S315081748A000000000000000000000000000000000E3
S315081748B000000000000000000000000000000000D3
S315081748C000000000000000000000000000000000C3
S315081748D000000000000000000000000000000000B3
S315081748E000000000000000000000000000000000A3
S315081748F00000000000000000000000000000000093
S315081749000000000000000000000000000000000082
S315081749100000000000000000000000000000000072
S315081749200000000000000000000000000000000062
S315081749300000000000000000000000000000000052
S315081749400000000000000000000000000000000042
S315081749500000000000000000000000000000000032
S315081749600000000000000000000000000000000022
S315081749700000000000000000000000000000000012
S315081749800000000000000000000000000000000002
S3150817499000000000000000000000000000000000F2
S315081749A000000000000000000000000000000000E2
S315081749B000000000000000000000000000000000D2
S315081749C000000000000000000000000000000000C2
S315081749D000000000000000000000000000000000B2
S315081749E000000000000000000000000000000000A2
S315081749F00000000000000000000000000000000092
S31508174A000000000000000000000000000000000081
S31508174A100000000000000000000000000000000071
S31508174A200000000000000000000000000000000061
S31508174A300000000000000000000000000000000051
S31508174A400000000000000000000000000000000041
S31508174A500000000000000000000000000000000031
S31508174A600000000000000000000000000000000021
S31508174A700000000000000000000000000000000011
S31508174A800000000000000000000000000000000001
S31508174A9000000000000000000000000000000000F1
S31508174AA000000000000000000000000000000000E1
S31508174AB000000000000000000000000000000000D1
S31508174AC000000000000000000000000000000000C1
S31508174AD000000000000000008B90398405000000D4
S31508174AE090813A94672F676363CF5E3302FFFFFFA0
S31508174AF010823A9C672F6764631FE0A608FFFFFFBB
S31508174B0096823A84672F696D2F6563000005000042
S31508174B10000000FF93843A84672F612F312F3130B5
S31508174B20322F376993843A84672F612F312F3130A3
S31508174B30322F372913853A84672F612F322F313051
S31508174B40322F376B13853A84672F612F322F3130FF
S31508174B50322F372B8B843984000000000985398C4E
S31508174B60434EFFFF5B943674105D175E0000000016
S31508174B700044000000000000505341004B455900FF
S31508174B800000000001000000127100010014000067
S31508174B9009060006000000002000000067A106832A
S31508174BA0D4626F08D12B4EAC2EAB400E32601ECE98
S31508174BB06326D8D0EC29A45D2BDBE5B7EF853A64D5
S31508174BC0662F312F6B2F3015240100240201360367
S31508174BD0152404002505C3E5300610F9F142B8C0B7
S31508174BE05467C5F12F8969BDE4A2A11815240400D5
S31508174BF02405003006100000000000000000000021
S31508174C0000000000000018152404002405003006CB
S31508174C10100000000000000000000000000000005F
S31508174C200018182507FFFF1814863A8C672F67662A
S31508174C306C1524010124020118FFFFFFA3863A7C8D
S31508174C40662F312F67152401002402002403002438
S31508174C5004002405002406012407001823873A7C34
S31508174C60662F312F61632F302F3015240105240243
S31508174C70023603065277E436183404188D873A74C1
S31508174C80672F66732F6EFFFFCBBB365C105D175EFB
S31508174C900000000003000200000000005053410006
S31508174CA04B45590000000000010000000110800064
S31508174CB0010000000000008000000000100000003E
S31508174CC0F6F00BDAF3FE58BFEE9F136BE7DCC2CB91
S31508174CD04BAC3674105D175E000000000400020026
S31508174CE000000000505341004B45590000000000D2
S31508174CF0010000000110800001000000000000807C
S31508174D0000000000100000008FCD7D1C3BA92E5215
S31508174D10612F74EB71A5EA5A728000A90E08000074
S31508174D20668799D3000000030000193506000400AA
S31508174D301FFFC00208536F423A33064EFE0708FD97
S31508174D40ED8F521985D930051000000000000000B4
S31508174D5000000000000000000003104D79486F6D31
S31508174D6065313037373238343032300102E2980439
S31508174D7010000000000000000000000000000000FE
S31508174D80000C0402A0F7F8FF83B63674CBB6366460
S31508174D90105D175E00000000010002000000000009
S31508174DA0505341004B455900000000000100000010
S31508174DB0001180000114000009008003000000009C
S31508174DC010000000F6F00BDAF3FE58BFEE9F136BD0
S31508174DD0E7DCC2CB110002B94682F0281BD47891BA
S31508174DE00400FFFF2D8001A1020409B81100000075
S31508174DF0E9030000EA030000062919300A4A0C706D
S31508174E007732CF5CE5B6C04E082A70440500FFFF17
S31508174E1027800399F79274CC4A2B8378EA331EB9FD
S31508174E2028C4DE95B416EB3C6CAF1BA4E414728C3D
S31508174E30D35EF15300803AE4200300B8C226303413
S31508174E40E8997C0AA1E33772B0FD5AED8F744C5F67
S31508174E5029A2184D188E02108A8700000000000034
S31508174E60000000000000000000000000000000001D
S31508174E70000000000000000000000000000000000D
S31508174E8000000000000000000000000000000000FD
S31508174E9000000000000000000000000000000000ED
S31508174EA000000000000000000000000000000000DD
S31508174EB000000000000000000000000000000000CD
S31508174EC000000000000000000000000000000000BD
S31508174ED000000000000000000000000000000000AD
S31508174EE0000000000000000000000000000000009D
S31508174EF0000000000000000000000000000000008D
S31508174F00000000000000000000000000000000007C
S31508174F10000000000000000000000000000000006C
S31508174F20000000000000000000000000000000005C
S31508174F30000000000000000000000000000000004C
S31508174F40000000000000000000000000000000003C
S31508174F50000000000000000000000000000000002C
S31508174F60000000000000000000000000000000001C
S31508174F70000000000000000000000000000000000C
S31508174F8000000000000000000000000000000000FC
S31508174F9000000000000000000000000000000000EC
S31508174FA000000000000000000000000000000000DC
S31508174FB000000000000000000000000000000000CC
S31508174FC000000000000000000000000000000000BC
S31508174FD000000000000000000000000000000000AC
S31508174FE0000000000000000000000000000000009C
S31508174FF0000000000000000000000000000000008C
S31508175000000000000000000000000000000000007B
S31508175010000000000000000000000000000000006B
S31508175020000000000000000000000000000000005B
S31508175030000000000000000000000000000000004B
S31508175040000000000000000000000000000000003B
S31508175050000000000000000000000000000000002B
S31508175060000000000000000000000000000000001B
S31508175070000000000000000000000000000000000B
S3150817508000000000000000000000000000000000FB
S3150817509000000000000000000000000000000000EB
S315081750A000000000000000000000000000000000DB
S315081750B000000000000000000000000000000000CB
S315081750C000000000000000000000000000000000BB
S315081750D000000000000000000000000000000000AB
S315081750E0000000000000000000000000000000009B
S315081750F0000000000000000000000000000000008B
S31508175100000000000000000000000000000000007A
S31508175110000000000000000000000000000000006A
S31508175120000000000000000000000000000000005A
S31508175130000000000000000000000000000000004A
S31508175140000000000000000000000000000000003A
S315081751500000000000000000000000005B95366C98
S31508175160105D175E0000000007000200000000002F
S31508175170505341004B45590000000000010000003C
S3150817518012710001003C0000FF060006000000002F
S31508175190200000003A5DF8AE9F90C602B58D82D6FC
S315081751A001439877782FE6C6F1DF17FECA9A8F2735
S315081751B0D977708164883A8C662F312F732F3030E0
S315081751C0303030303030333645343737353215309E
S315081751D00310DB23D37461C12991808BEAE13686E4
S315081751E09F1230042094A184C8A757EAD9450D6A97
S315081751F046C87C53F5911C6B3AFE5E22F6D8F5A77E
S315081752002E75C15F5F30050C0100E91C0000000010
S315081752100000000018FFFFFFAE883A7C672F732F30
S3150817522032795054644748424B5A4741692B72683A
S315081752304E6F616645673D3D152401012602527773
S31508175240E43618FF19893A84672F73726916152475
S31508175250010126025277E4361818FFFF94893A8413
S31508175260672F66732F6315240001290118FFFFFF9F
S31508175270158A3A84662F312F6D15250049132C0187
S315081752800018FFFF0D90398C010000000000FFFF82
S31508175290808A3AE4020100B0662F312F6E15300165
S315081752A0010124020137032614C9728A0126150734
S315081752B0E43D11182604426E3931240500370626AF
S315081752C01507E43D112611E1AD51A018240701244D
S315081752D00801300941047B78418E73732F95B20AFA
S315081752E029FE92370EC8E8EB11E8C622B59ED8E80C
S315081752F05A175C255037CA28EC5B12F318BC0FEA05
S31508175300904FA3761B3BECB9A47EE94E3F7FD62177
S3150817531004665D14B16D370A350128011824020190
S315081753203603040204011830041498423A13BCC70A
S315081753303A02783BAA1EDD68423E9D78EC93300503
S3150817534014AE5FF7384B4CA193EEFAFBAE6DA25D20
S31508175350A42472D48718300B404EB22B4049B63F57
S31508175360A313978963471AD96CF9727F52936E3AC2
S31508175370EC02E3155468F15B23976977D34B0F86CD
S3150817538009224ECF36A2CDE02AC8F3B65BDBEC145A
S31508175390B5574B92B8D1EE711318FFFF008B3AE445
S315081753A0FB00009C662F312F72153001010024026D
S315081753B00137032614C9728A01261507E43D111801
S315081753C02604426E393124050037062614C9728A0F
S315081753D001261507E43D1118240701240801300989
S315081753E04104F362319290BC23249332A5FB1D86A0
S315081753F04D29C5835C9506341698F37568A9D7227F
S315081754003CAF927801FB1060913509C617FD23F753
S315081754108FD50EA073AE5D050169593C316E6EAA1C
S31508175420FF49370A3501290118240260300414AEDA
S315081754305FF7384B4CA193EEFAFBAE6DA25DA42429
S3150817544072D487300514AE5FF7384B4CA193EEFA32
S31508175450FBAE6DA25DA42472D48718300B40922137
S315081754605842F2BA6E497FD99E24771CB319656DCF
S315081754709FE269CE5D0E45078D87444576CA0B9A16
S3150817548020C3CB595D69BD9D3DC43BB3A65BCF50C1
S315081754909DECFBD17C0E5B79007A63C33D3518FF0B
S315081754A015813A8C672F6C6B6774152600426E390F
S315081754B03118FFFF978B3A6C672F6669647815243E
S315081754C0000236010401181883893A8483873A7CBF
S315081754D02C873A7C662F312F61632F302F3015248E
S315081754E001052402023603067038E9A5070100E903
S315081754F01CFDFFFFFF18340418FFFFFFA7873A6C38
S31508175500662F312F61632F302F311524010324029B
S31508175510023603070100DD04FDFFFFFF18340418E0
S31508175520D6893A74672F73752F301526015277E483
S31508175530362402012603B55D569E24040025055810
S3150817554002280637073509250BFFFF260CFFFFFF2D
S31508175550FF260DFFFFFFFF18183708350A24100115
S31508175560250BFFFF260CFFFFFFFF260EFFFFFFFF8A
S31508175570181818FF00803AE4200300B8C2263034FA
S31508175580E8997C0AA1E33772B0FD5AED8F744C5F20
S3150817559029A2184D188E0210507779FF74B8D7F0CC
S315081755A0ECCD3CCB9DC778DA66BC0000000000003E
S315081755B000000000000000000000000000000000C6
S315081755C000000000000000000000000000000000B6
S315081755D000000000000000000000000000000000A6
S315081755E00000000000000000000000000000000096
S315081755F00000000000000000000000000000000086
S315081756000000000000000000000000000000000075
S315081756100000000000000000000000000000000065
S315081756200000000000000000000000000000000055
S315081756300000000000000000000000000000000045
S315081756400000000000000000000000000000000035
S315081756500000000000000000000000000000000025
S315081756600000000000000000000000000000000015
S315081756700000000000000000000000000000000005
S3150817568000000000000000000000000000000000F5
S3150817569000000000000000000000000000000000E5
S315081756A000000000000000000000000000000000D5
S315081756B000000000000000000000000000000000C5
S315081756C000000000000000000000000000000000B5
S315081756D000000000000000000000000000000000A5
S315081756E00000000000000000000000000000000095
S315081756F00000000000000000000000000000000085
S315081757000000000000000000000000000000000074
S315081757100000000000000000000000000000000064
S315081757200000000000000000000000000000000054
S315081757300000000000000000000000000000000044
S315081757400000000000000000000000000000000034
S315081757500000000000000000000000000000000024
S315081757600000000000000000000000000000000014
S315081757700000000000000000000000000000000004
S3150817578000000000000000000000000000000000F4
S3150817579000000000000000000000000000000000E4
S315081757A000000000000000000000000000000000D4
S315081757B000000000000000000000000000000000C4
S315081757C000000000000000000000000000000000B4
S315081757D000000000000000000000000000000000A4
S315081757E00000000000000000000000000000000094
S315081757F00000000000000000000000000000000084
S315081758000000000000000000000000000000000073
S315081758100000000000000000000000000000000063
S315081758200000000000000000000000000000000053
S315081758300000000000000000000000000000000043
S315081758400000000000000000000000000000000033
S315081758500000000000000000000000000000000023
S315081758600000000000000000000000000000000013
S315081758700000000000000000000000000000000003
S3150817588000000000000000000000000000000000F3
S31508175890000000000000000000000000DBA03674BE
S315081758A0105D175E000000000144000000000000AC
S315081758B0505341004B4559000000000001000000F5
S315081758C01271000100140000090600060000000006
S315081758D0200000001AA16D54CF9EC842627925A0F0
S315081758E09825260BDA5B8765F3D98DB8FCE1B7F8E7
S315081758F0EB86811B6F8C3A6C662F322F6B2F301500
S3150817590024010024020136031524040025050FC5B2
S31508175910300610430F841FFFE6DBFA6478F34374E7
S31508175920B5C2F8181524040024050030061000001F
S315081759300000000000000000000000000000181515
S31508175940240400240500300610000000000000009B
S3150817595000000000000000000018182507FFFF18B0
S3150817596014863A8C672F67666C152401022402027F
S3150817597018FFFFFFA38C3A7C662F322F6715240171
S315081759800024020024030024040024050024060129
S3150817599024070118278D3A74662F322F61632F3023
S315081759A02F30152401052402023603074AA8921236
S315081759B0E50C185818340418E48D3A74662F322FE4
S315081759C0732F353831383043453531323932413806
S315081759D03441153003103990FE23FB4D3F32C85812
S315081759E038A04B3A72213004202187818F23C605A8
S315081759F09FFF658C0A7DB922F1B20C80B1DE565924
S31508175A002329BE10EB2B27BFAE30050C000000006C
S31508175A10000000000000000018FFFFFF328E3A7CD6
S31508175A20672F732F4F5A442B492F744E507A4C4968
S31508175A3057446967537A707949513D3D15240102D0
S31508175A4027024AA89212E50C185818FF28893A8C83
S31508175A50672F737269161524010126025277E436E1
S31508175A60181524010227024AA89212E50C18581885
S31508175A7018FFFFFF948E3A7C672F66732F631524DA
S31508175A800002290118FFFFFF158F3A74662F322F68
S31508175A906D15250084132C010018FFFF0D90398CFE
S31508175AA0010200000000FFFF808F3AE4060100A4F8
S31508175AB0662F322F6E15300101012402013703278D
S31508175AC01457FD1235D53838EB2615D5E939AA18DE
S31508175AD02604566E393124050037062615D5E939B1
S31508175AE0AA261141482FC11824070124080130098D
S31508175AF04104726E77FCABF6276126389F059873B3
S31508175B00912E2767478ED74D72901F29BA7DB7638F
S31508175B10ED8D8543BA8CAA91362A12E4E5AC876FC0
S31508175B202E799AFFF53966674755F1A611CF234C93
S31508175B309E35370A3501280118240201360304024F
S31508175B40040118300414045654CC5631DD32ED5876
S31508175B50AE5C4A3260749054E6BE30051410B6EE41
S31508175B606A4CE7F525399EEA8363C024ECD741BE0C
S31508175B704D18300B40725E424B0162968068751B52
S31508175B8037005400847CB28B7B6DF340728BC1331C
S31508175B90FEF89656C2B45A77BAEC7CA448B1891F50
S31508175BA006B82E1AFAC7E6DB2E77A1F7E4874BED68
S31508175BB028AC2ED6E718FFFF00903AE4030100B485
S31508175BC0662F322F72153001010024020137032779
S31508175BD01457FD1235D53838EB2615D5E939AA18CD
S31508175BE026042B82CB2C2405003706271457FD12BB
S31508175BF035D53838EB2615D5E939AA1824070124D7
S31508175C0008013009410423548ACBF0E605A8FDA1FB
S31508175C10F0D100CE48DD6ADDCE2D769FC5E9760729
S31508175C2053742439CDDA9BA64BD8ED216102133E5E
S31508175C30CA4733BECA3B882BFA84D758872BC7550A
S31508175C400A14AEB990B6370A350129011824026025
S31508175C5030041410B6EE6A4CE7F525399EEA8363C5
S31508175C60C024ECD741BE4D30051410B6EE6A4CE782
S31508175C70F525399EEA8363C024ECD741BE4D183003
S31508175C800B4055057703A6233B02B9C1602EFC4D79
S31508175C906B8B117ADC80A842F2AC49344FB51D6E6E
S31508175CA0804727E8AD1E66E19A85D7B10CE2EBC6A1
S31508175CB0A6064D12174EB4C3BDC5CD4618B5691BF2
S31508175CC0867D18FF15813A8C672F6C6B67741526B6
S31508175CD000566E393118FFFF998B3A74672F666924
S31508175CE06478152400033601040104021818FFFF07
S31508175CF0838E3A7C00803AEC040300B4C22630340B
S31508175D00E8997C0AA1E33772B0FD5AED8F744C5F98
S31508175D1029A2184D188E0210507779FF74B8D7F044
S31508175D20ECCD3CCB9DC778DA66BC30924DB8135983
S31508175D30D670C68200009BCEC36EBF3E0000000019
S31508175D40000000000000000000000000000000002E
S31508175D50000000000000000000000000000000001E
S31508175D60000000000000000000000000000000000E
S31508175D7000000000000000000000000000000000FE
S31508175D8000000000000000000000000000000000EE
S31508175D9000000000000000000000000000000000DE
S31508175DA000000000000000000000000000000000CE
S31508175DB000000000000000000000000000000000BE
S31508175DC000000000000000000000000000000000AE
S31508175DD0000000000000000000000000000000009E
S31508175DE0000000000000000000000000000000008E
S31508175DF0000000000000000000000000000000007E
S31508175E00000000000000000000000000000000006D
S31508175E10000000000000000000000000000000005D
S31508175E20000000000000000000000000000000004D
S31508175E30000000000000000000000000000000003D
S31508175E40000000000000000000000000000000002D
S31508175E50000000000000000000000000000000001D
S31508175E60000000000000000000000000000000000D
S31508175E7000000000000000000000000000000000FD
S31508175E8000000000000000000000000000000000ED
S31508175E9000000000000000000000000000000000DD
S31508175EA000000000000000000000000000000000CD
S31508175EB000000000000000000000000000000000BD
S31508175EC000000000000000000000000000000000AD
S31508175ED0000000000000000000000000000000009D
S31508175EE0000000000000000000000000000000008D
S31508175EF0000000000000000000000000000000007D
S31508175F00000000000000000000000000000000006C
S31508175F10000000000000000000000000000000005C
S31508175F20000000000000000000000000000000004C
S31508175F30000000000000000000000000000000003C
S31508175F40000000000000000000000000000000002C
S31508175F50000000000000000000000000000000001C
S31508175F60000000000000000000000000000000000C
S31508175F7000000000000000000000000000000000FC
S31508175F8000000000000000000000000000000000EC
S31508175F9000000000000000000000000000000000DC
S31508175FA000000000000000000000000000000000CC
S31508175FB000000000000000000000000000000000BC
S31508175FC000000000000000000000000000000000AC
S31508175FD0000000000000000000000000000000009C
S31508175FE0000000000000000000000000000000008C
S31508175FF0000000000000000000000000000000007C
S3150817600001009AB2010000D0FEFFFF0FFFFFFFFF46
S315081760103C90FFFF00803AFC1C0000B0000000000F
S31508176020000000000000000000000000000000004B
S3150817603000000000000000001E8A3A7C662F312FE8
S315081760406D15250049132C0109E68891E79A84E509
S31508176050AEB618FFE48E3A74662F312F732F303089
S3150817606030303030303041354539333837301530E0
S315081760700310E95416393383D24DC1E59733EF1018
S31508176080B901300420E9CD0E6319EE9EF104E152E9
S315081760908AFB946B5A4775504EDB078AEA01605D8F
S315081760A0A16A82C75830050C0000000000000000DE
S315081760B00000000018FFFFFFAE903A7C672F732F7A
S315081760C0365651574F544F44306B3342355A637AC5
S315081760D03778433541513D3D15240101260270385D
S315081760E0E9A518FF33893A7C672F73726916152441
S315081760F0010126025277E436181524010227024AA7
S31508176100A89212E50C18581815240101260270389A
S31508176110E9A5181856913A7C672F73752F311526E6
S31508176120017038E9A52402012603FFA122DE2404FB
S315081761300025055802280637073509250BFFFF26B8
S315081761400CFFFFFFFF260DFFFFFFFF18183708354F
S315081761500A241001250BFFFF260CFFFFFFFF260E4B
S31508176160FFFFFFFF181818FF00803AE4200300B84E
S31508176170C2263034E8997C0AA1E33772B0FD5AED86
S315081761808F744C5F29A2184D188E0210507779FF15
S3150817619074B8D7F0ECCD3CCB9DC778DA66BC30928D
S315081761A04DB81359D670C6829A1F9BCEC36EBF3E7B
S315081761B0C23B1B370000000000000000000000006B
S315081761C000000000000000000000000000000000AA
S315081761D0000000000000000000000000000000009A
S315081761E0000000000000000000000000000000008A
S315081761F0000000000000000000000000000000007A
S315081762000000000000000000000000000000000069
S315081762100000000000000000000000000000000059
S315081762200000000000000000000000000000000049
S315081762300000000000000000000000000000000039
S315081762400000000000000000000000000000000029
S315081762500000000000000000000000000000000019
S315081762600000000000000000000000000000000009
S3150817627000000000000000000000000000000000F9
S3150817628000000000000000000000000000000000E9
S3150817629000000000000000000000000000000000D9
S315081762A000000000000000000000000000000000C9
S315081762B000000000000000000000000000000000B9
S315081762C000000000000000000000000000000000A9
S315081762D00000000000000000000000000000000099
S315081762E00000000000000000000000000000000089
S315081762F00000000000000000000000000000000079
S315081763000000000000000000000000000000000068
S315081763100000000000000000000000000000000058
S315081763200000000000000000000000000000000048
S315081763300000000000000000000000000000000038
S315081763400000000000000000000000000000000028
S315081763500000000000000000000000000000000018
S315081763600000000000000000000000000000000008
S3150817637000000000000000000000000000000000F8
S3150817638000000000000000000000000000000000E8
S3150817639000000000000000000000000000000000D8
S315081763A000000000000000000000000000000000C8
S315081763B000000000000000000000000000000000B8
S315081763C000000000000000000000000000000000A8
S315081763D00000000000000000000000000000000098
S315081763E00000000000000000000000000000000088
S315081763F00000000000000000000000000000000078
S315081764000000000000000000000000000000000067
S315081764100000000000000000000000000000000057
S315081764200000000000000000000000000000000047
S315081764300000000000000000000000000000000037
S315081764400000000000000000000000000000000027
S315081764500000000000000000000000000000000017
S315081764600000000000000000000000000000000007
S3150817647000000000000000000000000000000000F7
S3150817648000000000000000000000000000000000E7
S315081764909D913A74672F6F2F6470161526017038F9
S315081764A0E9A524020024FE011818FFFF00803AE424
S315081764B0200300B8C2263034E8997C0AA1E337725C
S315081764C0B0FD5AED8F744C5F29A2184D188E02101D
S315081764D0507779FF74B8D7F0ECCD3CCB9DC778DAEF
S315081764E066BC30924DB81359D670C6829A1F9BCE82
S315081764F0C36EBF3EC23B1B37561F00000000000085
S315081765000000000000000000000000000000000066
S315081765100000000000000000000000000000000056
S315081765200000000000000000000000000000000046
S315081765300000000000000000000000000000000036
S315081765400000000000000000000000000000000026
S315081765500000000000000000000000000000000016
S315081765600000000000000000000000000000000006
S3150817657000000000000000000000000000000000F6
S3150817658000000000000000000000000000000000E6
S3150817659000000000000000000000000000000000D6
S315081765A000000000000000000000000000000000C6
S315081765B000000000000000000000000000000000B6
S315081765C000000000000000000000000000000000A6
S315081765D00000000000000000000000000000000096
S315081765E00000000000000000000000000000000086
S315081765F00000000000000000000000000000000076
S315081766000000000000000000000000000000000065
S315081766100000000000000000000000000000000055
S315081766200000000000000000000000000000000045
S315081766300000000000000000000000000000000035
S315081766400000000000000000000000000000000025
S315081766500000000000000000000000000000000015
S315081766600000000000000000000000000000000005
S3150817667000000000000000000000000000000000F5
S3150817668000000000000000000000000000000000E5
S3150817669000000000000000000000000000000000D5
S315081766A000000000000000000000000000000000C5
S315081766B000000000000000000000000000000000B5
S315081766C000000000000000000000000000000000A5
S315081766D00000000000000000000000000000000095
S315081766E00000000000000000000000000000000085
S315081766F00000000000000000000000000000000075
S315081767000000000000000000000000000000000064
S315081767100000000000000000000000000000000054
S315081767200000000000000000000000000000000044
S315081767300000000000000000000000000000000034
S315081767400000000000000000000000000000000024
S315081767500000000000000000000000000000000014
S315081767600000000000000000000000000000000004
S3150817677000000000000000000000000000000000F4
S3150817678000000000000000000000000000000000E4
S3150817679000000000000000000000000000000000D4
S315081767A000000000000000000000000000000000C4
S315081767B000000000000000000000000000000000B4
S315081767C000000000000000000000000000000000A4
S315081767D000000000038001B12D8001A1020409B849
S315081767E011000000EA030000D20700000629193035
S315081767F00A4A0C707732CF5CE5B6C04E082A704441
S315081768000500FFFF83893A8400803AE4200300B81D
S31508176810C2263034E8997C0AA1E33772B0FD5AEDDF
S315081768208F744C5F29A2184D188E0210507779FF6E
S3150817683074B8D7F000003CCB9DC778DA66BC30929F
S315081768404DB81359D670C6829A1F9BCEC36EBF3ED4
S31508176850C23B1B37561F000000000000000000004F
S315081768600000000000000000000000000000000003
S3150817687000000000000000000000000000000000F3
S3150817688000000000000000000000000000000000E3
S3150817689000000000000000000000000000000000D3
S315081768A000000000000000000000000000000000C3
S315081768B000000000000000000000000000000000B3
S315081768C000000000000000000000000000000000A3
S315081768D00000000000000000000000000000000093
S315081768E00000000000000000000000000000000083
S315081768F00000000000000000000000000000000073
S315081769000000000000000000000000000000000062
S315081769100000000000000000000000000000000052
S315081769200000000000000000000000000000000042
S315081769300000000000000000000000000000000032
S315081769400000000000000000000000000000000022
S315081769500000000000000000000000000000000012
S315081769600000000000000000000000000000000002
S3150817697000000000000000000000000000000000F2
S3150817698000000000000000000000000000000000E2
S3150817699000000000000000000000000000000000D2
S315081769A000000000000000000000000000000000C2
S315081769B000000000000000000000000000000000B2
S315081769C000000000000000000000000000000000A2
S315081769D00000000000000000000000000000000092
S315081769E00000000000000000000000000000000082
S315081769F00000000000000000000000000000000072
S31508176A000000000000000000000000000000000061
S31508176A100000000000000000000000000000000051
S31508176A200000000000000000000000000000000041
S31508176A300000000000000000000000000000000031
S31508176A400000000000000000000000000000000021
S31508176A500000000000000000000000000000000011
S31508176A600000000000000000000000000000000001
S31508176A7000000000000000000000000000000000F1
S31508176A8000000000000000000000000000000000E1
S31508176A9000000000000000000000000000000000D1
S31508176AA000000000000000000000000000000000C1
S31508176AB000000000000000000000000000000000B1
S31508176AC000000000000000000000000000000000A1
S31508176AD00000000000000000000000000000000091
S31508176AE00000000000000000000000000000000081
S31508176AF00000000000000000000000000000000071
S31508176B000000000000000000000000000000000060
S31508176B100000000000000000000000000000000050
S31508176B200000000000000000000000000000000040
S31508176B30038001B12D8001A1020409B811000000D4
S31508176B40EA030000BA0B0000062919300A4A0C7026
S31508176B507732CF5CE5B6C04E082A70440500FFFFAA
S31508176B60FFFFFFFFFFFFFFFFFFFFFFFFFFFFFFFF10
S31508176B70FFFFFFFFFFFFFFFFFFFFFFFFFFFFFFFF00
S31508176B80FFFFFFFFFFFFFFFFFFFFFFFFFFFFFFFFF0
S31508176B90FFFFFFFFFFFFFFFFFFFFFFFFFFFFFFFFE0
S31508176BA0FFFFFFFFFFFFFFFFFFFFFFFFFFFFFFFFD0
S31508176BB0FFFFFFFFFFFFFFFFFFFFFFFFFFFFFFFFC0
S31508176BC0FFFFFFFFFFFFFFFFFFFFFFFFFFFFFFFFB0
S31508176BD0FFFFFFFFFFFFFFFFFFFFFFFFFFFFFFFFA0
S31508176BE0FFFFFFFFFFFFFFFFFFFFFFFFFFFFFFFF90
S31508176BF0FFFFFFFFFFFFFFFFFFFFFFFFFFFFFFFF80
S31508176C00FFFFFFFFFFFFFFFFFFFFFFFFFFFFFFFF6F
S31508176C10FFFFFFFFFFFFFFFFFFFFFFFFFFFFFFFF5F
S31508176C20FFFFFFFFFFFFFFFFFFFFFFFFFFFFFFFF4F
S31508176C30FFFFFFFFFFFFFFFFFFFFFFFFFFFFFFFF3F
S31508176C40FFFFFFFFFFFFFFFFFFFFFFFFFFFFFFFF2F
S31508176C50FFFFFFFFFFFFFFFFFFFFFFFFFFFFFFFF1F
S31508176C60FFFFFFFFFFFFFFFFFFFFFFFFFFFFFFFF0F
S31508176C70FFFFFFFFFFFFFFFFFFFFFFFFFFFFFFFFFF
S31508176C80FFFFFFFFFFFFFFFFFFFFFFFFFFFFFFFFEF
S31508176C90FFFFFFFFFFFFFFFFFFFFFFFFFFFFFFFFDF
S31508176CA0FFFFFFFFFFFFFFFFFFFFFFFFFFFFFFFFCF
S31508176CB0FFFFFFFFFFFFFFFFFFFFFFFFFFFFFFFFBF
S31508176CC0FFFFFFFFFFFFFFFFFFFFFFFFFFFFFFFFAF
S31508176CD0FFFFFFFFFFFFFFFFFFFFFFFFFFFFFFFF9F
S31508176CE0FFFFFFFFFFFFFFFFFFFFFFFFFFFFFFFF8F
S31508176CF0FFFFFFFFFFFFFFFFFFFFFFFFFFFFFFFF7F
S31508176D00FFFFFFFFFFFFFFFFFFFFFFFFFFFFFFFF6E
S31508176D10FFFFFFFFFFFFFFFFFFFFFFFFFFFFFFFF5E
S31508176D20FFFFFFFFFFFFFFFFFFFFFFFFFFFFFFFF4E
S31508176D30FFFFFFFFFFFFFFFFFFFFFFFFFFFFFFFF3E
S31508176D40FFFFFFFFFFFFFFFFFFFFFFFFFFFFFFFF2E
S31508176D50FFFFFFFFFFFFFFFFFFFFFFFFFFFFFFFF1E
S31508176D60FFFFFFFFFFFFFFFFFFFFFFFFFFFFFFFF0E
S31508176D70FFFFFFFFFFFFFFFFFFFFFFFFFFFFFFFFFE
S31508176D80FFFFFFFFFFFFFFFFFFFFFFFFFFFFFFFFEE
S31508176D90FFFFFFFFFFFFFFFFFFFFFFFFFFFFFFFFDE
S31508176DA0FFFFFFFFFFFFFFFFFFFFFFFFFFFFFFFFCE
S31508176DB0FFFFFFFFFFFFFFFFFFFFFFFFFFFFFFFFBE
S31508176DC0FFFFFFFFFFFFFFFFFFFFFFFFFFFFFFFFAE
S31508176DD0FFFFFFFFFFFFFFFFFFFFFFFFFFFFFFFF9E
S31508176DE0FFFFFFFFFFFFFFFFFFFFFFFFFFFFFFFF8E
S31508176DF0FFFFFFFFFFFFFFFFFFFFFFFFFFFFFFFF7E
S31508176E00FFFFFFFFFFFFFFFFFFFFFFFFFFFFFFFF6D
S31508176E10FFFFFFFFFFFFFFFFFFFFFFFFFFFFFFFF5D
S31508176E20FFFFFFFFFFFFFFFFFFFFFFFFFFFFFFFF4D
S31508176E30FFFFFFFFFFFFFFFFFFFFFFFFFFFFFFFF3D
S31508176E40FFFFFFFFFFFFFFFFFFFFFFFFFFFFFFFF2D
S31508176E50FFFFFFFFFFFFFFFFFFFFFFFFFFFFFFFF1D
S31508176E60FFFFFFFFFFFFFFFFFFFFFFFFFFFFFFFF0D
S31508176E70FFFFFFFFFFFFFFFFFFFFFFFFFFFFFFFFFD
S31508176E80FFFFFFFFFFFFFFFFFFFFFFFFFFFFFFFFED
S31508176E90FFFFFFFFFFFFFFFFFFFFFFFFFFFFFFFFDD
S31508176EA0FFFFFFFFFFFFFFFFFFFFFFFFFFFFFFFFCD
S31508176EB0FFFFFFFFFFFFFFFFFFFFFFFFFFFFFFFFBD
S31508176EC0FFFFFFFFFFFFFFFFFFFFFFFFFFFFFFFFAD
S31508176ED0FFFFFFFFFFFFFFFFFFFFFFFFFFFFFFFF9D
S31508176EE0FFFFFFFFFFFFFFFFFFFFFFFFFFFFFFFF8D
S31508176EF0FFFFFFFFFFFFFFFFFFFFFFFFFFFFFFFF7D
S31508176F00FFFFFFFFFFFFFFFFFFFFFFFFFFFFFFFF6C
S31508176F10FFFFFFFFFFFFFFFFFFFFFFFFFFFFFFFF5C
S31508176F20FFFFFFFFFFFFFFFFFFFFFFFFFFFFFFFF4C
S31508176F30FFFFFFFFFFFFFFFFFFFFFFFFFFFFFFFF3C
S31508176F40FFFFFFFFFFFFFFFFFFFFFFFFFFFFFFFF2C
S31508176F50FFFFFFFFFFFFFFFFFFFFFFFFFFFFFFFF1C
S31508176F60FFFFFFFFFFFFFFFFFFFFFFFFFFFFFFFF0C
S31508176F70FFFFFFFFFFFFFFFFFFFFFFFFFFFFFFFFFC
S31508176F80FFFFFFFFFFFFFFFFFFFFFFFFFFFFFFFFEC
S31508176F90FFFFFFFFFFFFFFFFFFFFFFFFFFFFFFFFDC
S31508176FA0FFFFFFFFFFFFFFFFFFFFFFFFFFFFFFFFCC
S31508176FB0FFFFFFFFFFFFFFFFFFFFFFFFFFFFFFFFBC
S31508176FC0FFFFFFFFFFFFFFFFFFFFFFFFFFFFFFFFAC
S31508176FD0FFFFFFFFFFFFFFFFFFFFFFFFFFFFFFFF9C
S31508176FE0FFFFFFFFFFFFFFFFFFFFFFFFFFFFFFFF8C
S31508176FF0FFFFFFFFFFFFFFFFFFFFFFFFFFFFFFFF7C
S31508177000FFFFFFFFFFFFFFFFFFFFFFFFFFFFFFFF6B
S31508177010FFFFFFFFFFFFFFFFFFFFFFFFFFFFFFFF5B
S31508177020FFFFFFFFFFFFFFFFFFFFFFFFFFFFFFFF4B
S31508177030FFFFFFFFFFFFFFFFFFFFFFFFFFFFFFFF3B
S31508177040FFFFFFFFFFFFFFFFFFFFFFFFFFFFFFFF2B
S31508177050FFFFFFFFFFFFFFFFFFFFFFFFFFFFFFFF1B
S31508177060FFFFFFFFFFFFFFFFFFFFFFFFFFFFFFFF0B
S31508177070FFFFFFFFFFFFFFFFFFFFFFFFFFFFFFFFFB
S31508177080FFFFFFFFFFFFFFFFFFFFFFFFFFFFFFFFEB
S31508177090FFFFFFFFFFFFFFFFFFFFFFFFFFFFFFFFDB
S315081770A0FFFFFFFFFFFFFFFFFFFFFFFFFFFFFFFFCB
S315081770B0FFFFFFFFFFFFFFFFFFFFFFFFFFFFFFFFBB
S315081770C0FFFFFFFFFFFFFFFFFFFFFFFFFFFFFFFFAB
S315081770D0FFFFFFFFFFFFFFFFFFFFFFFFFFFFFFFF9B
S315081770E0FFFFFFFFFFFFFFFFFFFFFFFFFFFFFFFF8B
S315081770F0FFFFFFFFFFFFFFFFFFFFFFFFFFFFFFFF7B
S31508177100FFFFFFFFFFFFFFFFFFFFFFFFFFFFFFFF6A
S31508177110FFFFFFFFFFFFFFFFFFFFFFFFFFFFFFFF5A
S31508177120FFFFFFFFFFFFFFFFFFFFFFFFFFFFFFFF4A
S31508177130FFFFFFFFFFFFFFFFFFFFFFFFFFFFFFFF3A
S31508177140FFFFFFFFFFFFFFFFFFFFFFFFFFFFFFFF2A
S31508177150FFFFFFFFFFFFFFFFFFFFFFFFFFFFFFFF1A
S31508177160FFFFFFFFFFFFFFFFFFFFFFFFFFFFFFFF0A
S31508177170FFFFFFFFFFFFFFFFFFFFFFFFFFFFFFFFFA
S31508177180FFFFFFFFFFFFFFFFFFFFFFFFFFFFFFFFEA
S31508177190FFFFFFFFFFFFFFFFFFFFFFFFFFFFFFFFDA
S315081771A0FFFFFFFFFFFFFFFFFFFFFFFFFFFFFFFFCA
S315081771B0FFFFFFFFFFFFFFFFFFFFFFFFFFFFFFFFBA
S315081771C0FFFFFFFFFFFFFFFFFFFFFFFFFFFFFFFFAA
S315081771D0FFFFFFFFFFFFFFFFFFFFFFFFFFFFFFFF9A
S315081771E0FFFFFFFFFFFFFFFFFFFFFFFFFFFFFFFF8A
S315081771F0FFFFFFFFFFFFFFFFFFFFFFFFFFFFFFFF7A
S31508177200FFFFFFFFFFFFFFFFFFFFFFFFFFFFFFFF69
S31508177210FFFFFFFFFFFFFFFFFFFFFFFFFFFFFFFF59
S31508177220FFFFFFFFFFFFFFFFFFFFFFFFFFFFFFFF49
S31508177230FFFFFFFFFFFFFFFFFFFFFFFFFFFFFFFF39
S31508177240FFFFFFFFFFFFFFFFFFFFFFFFFFFFFFFF29
S31508177250FFFFFFFFFFFFFFFFFFFFFFFFFFFFFFFF19
S31508177260FFFFFFFFFFFFFFFFFFFFFFFFFFFFFFFF09
S31508177270FFFFFFFFFFFFFFFFFFFFFFFFFFFFFFFFF9
S31508177280FFFFFFFFFFFFFFFFFFFFFFFFFFFFFFFFE9
S31508177290FFFFFFFFFFFFFFFFFFFFFFFFFFFFFFFFD9
S315081772A0FFFFFFFFFFFFFFFFFFFFFFFFFFFFFFFFC9
S315081772B0FFFFFFFFFFFFFFFFFFFFFFFFFFFFFFFFB9
S315081772C0FFFFFFFFFFFFFFFFFFFFFFFFFFFFFFFFA9
S315081772D0FFFFFFFFFFFFFFFFFFFFFFFFFFFFFFFF99
S315081772E0FFFFFFFFFFFFFFFFFFFFFFFFFFFFFFFF89
S315081772F0FFFFFFFFFFFFFFFFFFFFFFFFFFFFFFFF79
S31508177300FFFFFFFFFFFFFFFFFFFFFFFFFFFFFFFF68
S31508177310FFFFFFFFFFFFFFFFFFFFFFFFFFFFFFFF58
S31508177320FFFFFFFFFFFFFFFFFFFFFFFFFFFFFFFF48
S31508177330FFFFFFFFFFFFFFFFFFFFFFFFFFFFFFFF38
S31508177340FFFFFFFFFFFFFFFFFFFFFFFFFFFFFFFF28
S31508177350FFFFFFFFFFFFFFFFFFFFFFFFFFFFFFFF18
S31508177360FFFFFFFFFFFFFFFFFFFFFFFFFFFFFFFF08
S31508177370FFFFFFFFFFFFFFFFFFFFFFFFFFFFFFFFF8
S31508177380FFFFFFFFFFFFFFFFFFFFFFFFFFFFFFFFE8
S31508177390FFFFFFFFFFFFFFFFFFFFFFFFFFFFFFFFD8
S315081773A0FFFFFFFFFFFFFFFFFFFFFFFFFFFFFFFFC8
S315081773B0FFFFFFFFFFFFFFFFFFFFFFFFFFFFFFFFB8
S315081773C0FFFFFFFFFFFFFFFFFFFFFFFFFFFFFFFFA8
S315081773D0FFFFFFFFFFFFFFFFFFFFFFFFFFFFFFFF98
S315081773E0FFFFFFFFFFFFFFFFFFFFFFFFFFFFFFFF88
S315081773F0FFFFFFFFFFFFFFFFFFFFFFFFFFFFFFFF78
S31508177400FFFFFFFFFFFFFFFFFFFFFFFFFFFFFFFF67
S31508177410FFFFFFFFFFFFFFFFFFFFFFFFFFFFFFFF57
S31508177420FFFFFFFFFFFFFFFFFFFFFFFFFFFFFFFF47
S31508177430FFFFFFFFFFFFFFFFFFFFFFFFFFFFFFFF37
S31508177440FFFFFFFFFFFFFFFFFFFFFFFFFFFFFFFF27
S31508177450FFFFFFFFFFFFFFFFFFFFFFFFFFFFFFFF17
S31508177460FFFFFFFFFFFFFFFFFFFFFFFFFFFFFFFF07
S31508177470FFFFFFFFFFFFFFFFFFFFFFFFFFFFFFFFF7
S31508177480FFFFFFFFFFFFFFFFFFFFFFFFFFFFFFFFE7
S31508177490FFFFFFFFFFFFFFFFFFFFFFFFFFFFFFFFD7
S315081774A0FFFFFFFFFFFFFFFFFFFFFFFFFFFFFFFFC7
S315081774B0FFFFFFFFFFFFFFFFFFFFFFFFFFFFFFFFB7
S315081774C0FFFFFFFFFFFFFFFFFFFFFFFFFFFFFFFFA7
S315081774D0FFFFFFFFFFFFFFFFFFFFFFFFFFFFFFFF97
S315081774E0FFFFFFFFFFFFFFFFFFFFFFFFFFFFFFFF87
S315081774F0FFFFFFFFFFFFFFFFFFFFFFFFFFFFFFFF77
S31508177500FFFFFFFFFFFFFFFFFFFFFFFFFFFFFFFF66
S31508177510FFFFFFFFFFFFFFFFFFFFFFFFFFFFFFFF56
S31508177520FFFFFFFFFFFFFFFFFFFFFFFFFFFFFFFF46
S31508177530FFFFFFFFFFFFFFFFFFFFFFFFFFFFFFFF36
S31508177540FFFFFFFFFFFFFFFFFFFFFFFFFFFFFFFF26
S31508177550FFFFFFFFFFFFFFFFFFFFFFFFFFFFFFFF16
S31508177560FFFFFFFFFFFFFFFFFFFFFFFFFFFFFFFF06
S31508177570FFFFFFFFFFFFFFFFFFFFFFFFFFFFFFFFF6
S31508177580FFFFFFFFFFFFFFFFFFFFFFFFFFFFFFFFE6
S31508177590FFFFFFFFFFFFFFFFFFFFFFFFFFFFFFFFD6
S315081775A0FFFFFFFFFFFFFFFFFFFFFFFFFFFFFFFFC6
S315081775B0FFFFFFFFFFFFFFFFFFFFFFFFFFFFFFFFB6
S315081775C0FFFFFFFFFFFFFFFFFFFFFFFFFFFFFFFFA6
S315081775D0FFFFFFFFFFFFFFFFFFFFFFFFFFFFFFFF96
S315081775E0FFFFFFFFFFFFFFFFFFFFFFFFFFFFFFFF86
S315081775F0FFFFFFFFFFFFFFFFFFFFFFFFFFFFFFFF76
S31508177600FFFFFFFFFFFFFFFFFFFFFFFFFFFFFFFF65
S31508177610FFFFFFFFFFFFFFFFFFFFFFFFFFFFFFFF55
S31508177620FFFFFFFFFFFFFFFFFFFFFFFFFFFFFFFF45
S31508177630FFFFFFFFFFFFFFFFFFFFFFFFFFFFFFFF35
S31508177640FFFFFFFFFFFFFFFFFFFFFFFFFFFFFFFF25
S31508177650FFFFFFFFFFFFFFFFFFFFFFFFFFFFFFFF15
S31508177660FFFFFFFFFFFFFFFFFFFFFFFFFFFFFFFF05
S31508177670FFFFFFFFFFFFFFFFFFFFFFFFFFFFFFFFF5
S31508177680FFFFFFFFFFFFFFFFFFFFFFFFFFFFFFFFE5
S31508177690FFFFFFFFFFFFFFFFFFFFFFFFFFFFFFFFD5
S315081776A0FFFFFFFFFFFFFFFFFFFFFFFFFFFFFFFFC5
S315081776B0FFFFFFFFFFFFFFFFFFFFFFFFFFFFFFFFB5
S315081776C0FFFFFFFFFFFFFFFFFFFFFFFFFFFFFFFFA5
S315081776D0FFFFFFFFFFFFFFFFFFFFFFFFFFFFFFFF95
S315081776E0FFFFFFFFFFFFFFFFFFFFFFFFFFFFFFFF85
S315081776F0FFFFFFFFFFFFFFFFFFFFFFFFFFFFFFFF75
S31508177700FFFFFFFFFFFFFFFFFFFFFFFFFFFFFFFF64
S31508177710FFFFFFFFFFFFFFFFFFFFFFFFFFFFFFFF54
S31508177720FFFFFFFFFFFFFFFFFFFFFFFFFFFFFFFF44
S31508177730FFFFFFFFFFFFFFFFFFFFFFFFFFFFFFFF34
S31508177740FFFFFFFFFFFFFFFFFFFFFFFFFFFFFFFF24
S31508177750FFFFFFFFFFFFFFFFFFFFFFFFFFFFFFFF14
S31508177760FFFFFFFFFFFFFFFFFFFFFFFFFFFFFFFF04
S31508177770FFFFFFFFFFFFFFFFFFFFFFFFFFFFFFFFF4
S31508177780FFFFFFFFFFFFFFFFFFFFFFFFFFFFFFFFE4
S31508177790FFFFFFFFFFFFFFFFFFFFFFFFFFFFFFFFD4
S315081777A0FFFFFFFFFFFFFFFFFFFFFFFFFFFFFFFFC4
S315081777B0FFFFFFFFFFFFFFFFFFFFFFFFFFFFFFFFB4
S315081777C0FFFFFFFFFFFFFFFFFFFFFFFFFFFFFFFFA4
S315081777D0FFFFFFFFFFFFFFFFFFFFFFFFFFFFFFFF94
S315081777E0FFFFFFFFFFFFFFFFFFFFFFFFFFFFFFFF84
S315081777F0FFFFFFFFFFFFFFFFFFFFFFFFFFFFFFFF74
S31508177800FFFFFFFFFFFFFFFFFFFFFFFFFFFFFFFF63
S31508177810FFFFFFFFFFFFFFFFFFFFFFFFFFFFFFFF53
S31508177820FFFFFFFFFFFFFFFFFFFFFFFFFFFFFFFF43
S31508177830FFFFFFFFFFFFFFFFFFFFFFFFFFFFFFFF33
S31508177840FFFFFFFFFFFFFFFFFFFFFFFFFFFFFFFF23
S31508177850FFFFFFFFFFFFFFFFFFFFFFFFFFFFFFFF13
S31508177860FFFFFFFFFFFFFFFFFFFFFFFFFFFFFFFF03
S31508177870FFFFFFFFFFFFFFFFFFFFFFFFFFFFFFFFF3
S31508177880FFFFFFFFFFFFFFFFFFFFFFFFFFFFFFFFE3
S31508177890FFFFFFFFFFFFFFFFFFFFFFFFFFFFFFFFD3
S315081778A0FFFFFFFFFFFFFFFFFFFFFFFFFFFFFFFFC3
S315081778B0FFFFFFFFFFFFFFFFFFFFFFFFFFFFFFFFB3
S315081778C0FFFFFFFFFFFFFFFFFFFFFFFFFFFFFFFFA3
S315081778D0FFFFFFFFFFFFFFFFFFFFFFFFFFFFFFFF93
S315081778E0FFFFFFFFFFFFFFFFFFFFFFFFFFFFFFFF83
S315081778F0FFFFFFFFFFFFFFFFFFFFFFFFFFFFFFFF73
S31508177900FFFFFFFFFFFFFFFFFFFFFFFFFFFFFFFF62
S31508177910FFFFFFFFFFFFFFFFFFFFFFFFFFFFFFFF52
S31508177920FFFFFFFFFFFFFFFFFFFFFFFFFFFFFFFF42
S31508177930FFFFFFFFFFFFFFFFFFFFFFFFFFFFFFFF32
S31508177940FFFFFFFFFFFFFFFFFFFFFFFFFFFFFFFF22
S31508177950FFFFFFFFFFFFFFFFFFFFFFFFFFFFFFFF12
S31508177960FFFFFFFFFFFFFFFFFFFFFFFFFFFFFFFF02
S31508177970FFFFFFFFFFFFFFFFFFFFFFFFFFFFFFFFF2
S31508177980FFFFFFFFFFFFFFFFFFFFFFFFFFFFFFFFE2
S31508177990FFFFFFFFFFFFFFFFFFFFFFFFFFFFFFFFD2
S315081779A0FFFFFFFFFFFFFFFFFFFFFFFFFFFFFFFFC2
S315081779B0FFFFFFFFFFFFFFFFFFFFFFFFFFFFFFFFB2
S315081779C0FFFFFFFFFFFFFFFFFFFFFFFFFFFFFFFFA2
S315081779D0FFFFFFFFFFFFFFFFFFFFFFFFFFFFFFFF92
S315081779E0FFFFFFFFFFFFFFFFFFFFFFFFFFFFFFFF82
S315081779F0FFFFFFFFFFFFFFFFFFFFFFFFFFFFFFFF72
S31508177A00FFFFFFFFFFFFFFFFFFFFFFFFFFFFFFFF61
S31508177A10FFFFFFFFFFFFFFFFFFFFFFFFFFFFFFFF51
S31508177A20FFFFFFFFFFFFFFFFFFFFFFFFFFFFFFFF41
S31508177A30FFFFFFFFFFFFFFFFFFFFFFFFFFFFFFFF31
S31508177A40FFFFFFFFFFFFFFFFFFFFFFFFFFFFFFFF21
S31508177A50FFFFFFFFFFFFFFFFFFFFFFFFFFFFFFFF11
S31508177A60FFFFFFFFFFFFFFFFFFFFFFFFFFFFFFFF01
S31508177A70FFFFFFFFFFFFFFFFFFFFFFFFFFFFFFFFF1
S31508177A80FFFFFFFFFFFFFFFFFFFFFFFFFFFFFFFFE1
S31508177A90FFFFFFFFFFFFFFFFFFFFFFFFFFFFFFFFD1
S31508177AA0FFFFFFFFFFFFFFFFFFFFFFFFFFFFFFFFC1
S31508177AB0FFFFFFFFFFFFFFFFFFFFFFFFFFFFFFFFB1
S31508177AC0FFFFFFFFFFFFFFFFFFFFFFFFFFFFFFFFA1
S31508177AD0FFFFFFFFFFFFFFFFFFFFFFFFFFFFFFFF91
S31508177AE0FFFFFFFFFFFFFFFFFFFFFFFFFFFFFFFF81
S31508177AF0FFFFFFFFFFFFFFFFFFFFFFFFFFFFFFFF71
S31508177B00FFFFFFFFFFFFFFFFFFFFFFFFFFFFFFFF60
S31508177B10FFFFFFFFFFFFFFFFFFFFFFFFFFFFFFFF50
S31508177B20FFFFFFFFFFFFFFFFFFFFFFFFFFFFFFFF40
S31508177B30FFFFFFFFFFFFFFFFFFFFFFFFFFFFFFFF30
S31508177B40FFFFFFFFFFFFFFFFFFFFFFFFFFFFFFFF20
S31508177B50FFFFFFFFFFFFFFFFFFFFFFFFFFFFFFFF10
S31508177B60FFFFFFFFFFFFFFFFFFFFFFFFFFFFFFFF00
S31508177B70FFFFFFFFFFFFFFFFFFFFFFFFFFFFFFFFF0
S31508177B80FFFFFFFFFFFFFFFFFFFFFFFFFFFFFFFFE0
S31508177B90FFFFFFFFFFFFFFFFFFFFFFFFFFFFFFFFD0
S31508177BA0FFFFFFFFFFFFFFFFFFFFFFFFFFFFFFFFC0
S31508177BB0FFFFFFFFFFFFFFFFFFFFFFFFFFFFFFFFB0
S31508177BC0FFFFFFFFFFFFFFFFFFFFFFFFFFFFFFFFA0
S31508177BD0FFFFFFFFFFFFFFFFFFFFFFFFFFFFFFFF90
S31508177BE0FFFFFFFFFFFFFFFFFFFFFFFFFFFFFFFF80
S31508177BF0FFFFFFFFFFFFFFFFFFFFFFFFFFFFFFFF70
S31508177C00FFFFFFFFFFFFFFFFFFFFFFFFFFFFFFFF5F
S31508177C10FFFFFFFFFFFFFFFFFFFFFFFFFFFFFFFF4F
S31508177C20FFFFFFFFFFFFFFFFFFFFFFFFFFFFFFFF3F
S31508177C30FFFFFFFFFFFFFFFFFFFFFFFFFFFFFFFF2F
S31508177C40FFFFFFFFFFFFFFFFFFFFFFFFFFFFFFFF1F
S31508177C50FFFFFFFFFFFFFFFFFFFFFFFFFFFFFFFF0F
S31508177C60FFFFFFFFFFFFFFFFFFFFFFFFFFFFFFFFFF
S31508177C70FFFFFFFFFFFFFFFFFFFFFFFFFFFFFFFFEF
S31508177C80FFFFFFFFFFFFFFFFFFFFFFFFFFFFFFFFDF
S31508177C90FFFFFFFFFFFFFFFFFFFFFFFFFFFFFFFFCF
S31508177CA0FFFFFFFFFFFFFFFFFFFFFFFFFFFFFFFFBF
S31508177CB0FFFFFFFFFFFFFFFFFFFFFFFFFFFFFFFFAF
S31508177CC0FFFFFFFFFFFFFFFFFFFFFFFFFFFFFFFF9F
S31508177CD0FFFFFFFFFFFFFFFFFFFFFFFFFFFFFFFF8F
S31508177CE0FFFFFFFFFFFFFFFFFFFFFFFFFFFFFFFF7F
S31508177CF0FFFFFFFFFFFFFFFFFFFFFFFFFFFFFFFF6F
S31508177D00FFFFFFFFFFFFFFFFFFFFFFFFFFFFFFFF5E
S31508177D10FFFFFFFFFFFFFFFFFFFFFFFFFFFFFFFF4E
S31508177D20FFFFFFFFFFFFFFFFFFFFFFFFFFFFFFFF3E
S31508177D30FFFFFFFFFFFFFFFFFFFFFFFFFFFFFFFF2E
S31508177D40FFFFFFFFFFFFFFFFFFFFFFFFFFFFFFFF1E
S31508177D50FFFFFFFFFFFFFFFFFFFFFFFFFFFFFFFF0E
S31508177D60FFFFFFFFFFFFFFFFFFFFFFFFFFFFFFFFFE
S31508177D70FFFFFFFFFFFFFFFFFFFFFFFFFFFFFFFFEE
S31508177D80FFFFFFFFFFFFFFFFFFFFFFFFFFFFFFFFDE
S31508177D90FFFFFFFFFFFFFFFFFFFFFFFFFFFFFFFFCE
S31508177DA0FFFFFFFFFFFFFFFFFFFFFFFFFFFFFFFFBE
S31508177DB0FFFFFFFFFFFFFFFFFFFFFFFFFFFFFFFFAE
S31508177DC0FFFFFFFFFFFFFFFFFFFFFFFFFFFFFFFF9E
S31508177DD0FFFFFFFFFFFFFFFFFFFFFFFFFFFFFFFF8E
S31508177DE0FFFFFFFFFFFFFFFFFFFFFFFFFFFFFFFF7E
S31508177DF0FFFFFFFFFFFFFFFFFFFFFFFFFFFFFFFF6E
S31508177E00FFFFFFFFFFFFFFFFFFFFFFFFFFFFFFFF5D
S31508177E10FFFFFFFFFFFFFFFFFFFFFFFFFFFFFFFF4D
S31508177E20FFFFFFFFFFFFFFFFFFFFFFFFFFFFFFFF3D
S31508177E30FFFFFFFFFFFFFFFFFFFFFFFFFFFFFFFF2D
S31508177E40FFFFFFFFFFFFFFFFFFFFFFFFFFFFFFFF1D
S31508177E50FFFFFFFFFFFFFFFFFFFFFFFFFFFFFFFF0D
S31508177E60FFFFFFFFFFFFFFFFFFFFFFFFFFFFFFFFFD
S31508177E70FFFFFFFFFFFFFFFFFFFFFFFFFFFFFFFFED
S31508177E80FFFFFFFFFFFFFFFFFFFFFFFFFFFFFFFFDD
S31508177E90FFFFFFFFFFFFFFFFFFFFFFFFFFFFFFFFCD
S31508177EA0FFFFFFFFFFFFFFFFFFFFFFFFFFFFFFFFBD
S31508177EB0FFFFFFFFFFFFFFFFFFFFFFFFFFFFFFFFAD
S31508177EC0FFFFFFFFFFFFFFFFFFFFFFFFFFFFFFFF9D
S31508177ED0FFFFFFFFFFFFFFFFFFFFFFFFFFFFFFFF8D
S31508177EE0FFFFFFFFFFFFFFFFFFFFFFFFFFFFFFFF7D
S31508177EF0FFFFFFFFFFFFFFFFFFFFFFFFFFFFFFFF6D
S31508177F00FFFFFFFFFFFFFFFFFFFFFFFFFFFFFFFF5C
S31508177F10FFFFFFFFFFFFFFFFFFFFFFFFFFFFFFFF4C
S31508177F20FFFFFFFFFFFFFFFFFFFFFFFFFFFFFFFF3C
S31508177F30FFFFFFFFFFFFFFFFFFFFFFFFFFFFFFFF2C
S31508177F40FFFFFFFFFFFFFFFFFFFFFFFFFFFFFFFF1C
S31508177F50FFFFFFFFFFFFFFFFFFFFFFFFFFFFFFFF0C
S31508177F60FFFFFFFFFFFFFFFFFFFFFFFFFFFFFFFFFC
S31508177F70FFFFFFFFFFFFFFFFFFFFFFFFFFFFFFFFEC
S31508177F80FFFFFFFFFFFFFFFFFFFFFFFFFFFFFFFFDC
S31508177F90FFFFFFFFFFFFFFFFFFFFFFFFFFFFFFFFCC
S31508177FA0FFFFFFFFFFFFFFFFFFFFFFFFFFFFFFFFBC
S31508177FB0FFFFFFFFFFFFFFFFFFFFFFFFFFFFFFFFAC
S31508177FC0FFFFFFFFFFFFFFFFFFFFFFFFFFFFFFFF9C
S31508177FD0FFFFFFFFFFFFFFFFFFFFFFFFFFFFFFFF8C
S31508177FE0FFFFFFFFFFFFFFFFFFFFFFFFFFFFFFFF7C
S31508177FF0FFFFFFFFFFFFFFFFFFFFFFFFFFFFFFFF6C
S3150817800001009AB2010000D0FEFFFF0FFFFFFFFF26
S315081780103C90FFFFFFFFFFFFFFFFFFFFFFFFFFFF7D
S31508178020FFFFFFFFFFFFFFFFFFFFFFFFFFFFFFFF3B
S31508178030FFFFFFFFFFFFFFFFFFFFFFFFFFFFFFFF2B
S31508178040FFFFFFFFFFFFFFFFFFFFFFFFFFFFFFFF1B
S31508178050FFFFFFFFFFFFFFFFFFFFFFFFFFFFFFFF0B
S31508178060FFFFFFFFFFFFFFFFFFFFFFFFFFFFFFFFFB
S31508178070FFFFFFFFFFFFFFFFFFFFFFFFFFFFFFFFEB
S31508178080FFFFFFFFFFFFFFFFFFFFFFFFFFFFFFFFDB
S31508178090FFFFFFFFFFFFFFFFFFFFFFFFFFFFFFFFCB
S315081780A0FFFFFFFFFFFFFFFFFFFFFFFFFFFFFFFFBB
S315081780B0FFFFFFFFFFFFFFFFFFFFFFFFFFFFFFFFAB
S315081780C0FFFFFFFFFFFFFFFFFFFFFFFFFFFFFFFF9B
S315081780D0FFFFFFFFFFFFFFFFFFFFFFFFFFFFFFFF8B
S315081780E0FFFFFFFFFFFFFFFFFFFFFFFFFFFFFFFF7B
S315081780F0FFFFFFFFFFFFFFFFFFFFFFFFFFFFFFFF6B
S31508178100FFFFFFFFFFFFFFFFFFFFFFFFFFFFFFFF5A
S31508178110FFFFFFFFFFFFFFFFFFFFFFFFFFFFFFFF4A
S31508178120FFFFFFFFFFFFFFFFFFFFFFFFFFFFFFFF3A
S31508178130FFFFFFFFFFFFFFFFFFFFFFFFFFFFFFFF2A
S31508178140FFFFFFFFFFFFFFFFFFFFFFFFFFFFFFFF1A
S31508178150FFFFFFFFFFFFFFFFFFFFFFFFFFFFFFFF0A
S31508178160FFFFFFFFFFFFFFFFFFFFFFFFFFFFFFFFFA
S31508178170FFFFFFFFFFFFFFFFFFFFFFFFFFFFFFFFEA
S31508178180FFFFFFFFFFFFFFFFFFFFFFFFFFFFFFFFDA
S31508178190FFFFFFFFFFFFFFFFFFFFFFFFFFFFFFFFCA
S315081781A0FFFFFFFFFFFFFFFFFFFFFFFFFFFFFFFFBA
S315081781B0FFFFFFFFFFFFFFFFFFFFFFFFFFFFFFFFAA
S315081781C0FFFFFFFFFFFFFFFFFFFFFFFFFFFFFFFF9A
S315081781D0FFFFFFFFFFFFFFFFFFFFFFFFFFFFFFFF8A
S315081781E0FFFFFFFFFFFFFFFFFFFFFFFFFFFFFFFF7A
S315081781F0FFFFFFFFFFFFFFFFFFFFFFFFFFFFFFFF6A
S31508178200FFFFFFFFFFFFFFFFFFFFFFFFFFFFFFFF59
S31508178210FFFFFFFFFFFFFFFFFFFFFFFFFFFFFFFF49
S31508178220FFFFFFFFFFFFFFFFFFFFFFFFFFFFFFFF39
S31508178230FFFFFFFFFFFFFFFFFFFFFFFFFFFFFFFF29
S31508178240FFFFFFFFFFFFFFFFFFFFFFFFFFFFFFFF19
S31508178250FFFFFFFFFFFFFFFFFFFFFFFFFFFFFFFF09
S31508178260FFFFFFFFFFFFFFFFFFFFFFFFFFFFFFFFF9
S31508178270FFFFFFFFFFFFFFFFFFFFFFFFFFFFFFFFE9
S31508178280FFFFFFFFFFFFFFFFFFFFFFFFFFFFFFFFD9
S31508178290FFFFFFFFFFFFFFFFFFFFFFFFFFFFFFFFC9
S315081782A0FFFFFFFFFFFFFFFFFFFFFFFFFFFFFFFFB9
S315081782B0FFFFFFFFFFFFFFFFFFFFFFFFFFFFFFFFA9
S315081782C0FFFFFFFFFFFFFFFFFFFFFFFFFFFFFFFF99
S315081782D0FFFFFFFFFFFFFFFFFFFFFFFFFFFFFFFF89
S315081782E0FFFFFFFFFFFFFFFFFFFFFFFFFFFFFFFF79
S315081782F0FFFFFFFFFFFFFFFFFFFFFFFFFFFFFFFF69
S31508178300FFFFFFFFFFFFFFFFFFFFFFFFFFFFFFFF58
S31508178310FFFFFFFFFFFFFFFFFFFFFFFFFFFFFFFF48
S31508178320FFFFFFFFFFFFFFFFFFFFFFFFFFFFFFFF38
S31508178330FFFFFFFFFFFFFFFFFFFFFFFFFFFFFFFF28
S31508178340FFFFFFFFFFFFFFFFFFFFFFFFFFFFFFFF18
S31508178350FFFFFFFFFFFFFFFFFFFFFFFFFFFFFFFF08
S31508178360FFFFFFFFFFFFFFFFFFFFFFFFFFFFFFFFF8
S31508178370FFFFFFFFFFFFFFFFFFFFFFFFFFFFFFFFE8
S31508178380FFFFFFFFFFFFFFFFFFFFFFFFFFFFFFFFD8
S31508178390FFFFFFFFFFFFFFFFFFFFFFFFFFFFFFFFC8
S315081783A0FFFFFFFFFFFFFFFFFFFFFFFFFFFFFFFFB8
S315081783B0FFFFFFFFFFFFFFFFFFFFFFFFFFFFFFFFA8
S315081783C0FFFFFFFFFFFFFFFFFFFFFFFFFFFFFFFF98
S315081783D0FFFFFFFFFFFFFFFFFFFFFFFFFFFFFFFF88
S315081783E0FFFFFFFFFFFFFFFFFFFFFFFFFFFFFFFF78
S315081783F0FFFFFFFFFFFFFFFFFFFFFFFFFFFFFFFF68
S31508178400FFFFFFFFFFFFFFFFFFFFFFFFFFFFFFFF57
S31508178410FFFFFFFFFFFFFFFFFFFFFFFFFFFFFFFF47
S31508178420FFFFFFFFFFFFFFFFFFFFFFFFFFFFFFFF37
S31508178430FFFFFFFFFFFFFFFFFFFFFFFFFFFFFFFF27
S31508178440FFFFFFFFFFFFFFFFFFFFFFFFFFFFFFFF17
S31508178450FFFFFFFFFFFFFFFFFFFFFFFFFFFFFFFF07
S31508178460FFFFFFFFFFFFFFFFFFFFFFFFFFFFFFFFF7
S31508178470FFFFFFFFFFFFFFFFFFFFFFFFFFFFFFFFE7
S31508178480FFFFFFFFFFFFFFFFFFFFFFFFFFFFFFFFD7
S31508178490FFFFFFFFFFFFFFFFFFFFFFFFFFFFFFFFC7
S315081784A0FFFFFFFFFFFFFFFFFFFFFFFFFFFFFFFFB7
S315081784B0FFFFFFFFFFFFFFFFFFFFFFFFFFFFFFFFA7
S315081784C0FFFFFFFFFFFFFFFFFFFFFFFFFFFFFFFF97
S315081784D0FFFFFFFFFFFFFFFFFFFFFFFFFFFFFFFF87
S315081784E0FFFFFFFFFFFFFFFFFFFFFFFFFFFFFFFF77
S315081784F0FFFFFFFFFFFFFFFFFFFFFFFFFFFFFFFF67
S31508178500FFFFFFFFFFFFFFFFFFFFFFFFFFFFFFFF56
S31508178510FFFFFFFFFFFFFFFFFFFFFFFFFFFFFFFF46
S31508178520FFFFFFFFFFFFFFFFFFFFFFFFFFFFFFFF36
S31508178530FFFFFFFFFFFFFFFFFFFFFFFFFFFFFFFF26
S31508178540FFFFFFFFFFFFFFFFFFFFFFFFFFFFFFFF16
S31508178550FFFFFFFFFFFFFFFFFFFFFFFFFFFFFFFF06
S31508178560FFFFFFFFFFFFFFFFFFFFFFFFFFFFFFFFF6
S31508178570FFFFFFFFFFFFFFFFFFFFFFFFFFFFFFFFE6
S31508178580FFFFFFFFFFFFFFFFFFFFFFFFFFFFFFFFD6
S31508178590FFFFFFFFFFFFFFFFFFFFFFFFFFFFFFFFC6
S315081785A0FFFFFFFFFFFFFFFFFFFFFFFFFFFFFFFFB6
S315081785B0FFFFFFFFFFFFFFFFFFFFFFFFFFFFFFFFA6
S315081785C0FFFFFFFFFFFFFFFFFFFFFFFFFFFFFFFF96
S315081785D0FFFFFFFFFFFFFFFFFFFFFFFFFFFFFFFF86
S315081785E0FFFFFFFFFFFFFFFFFFFFFFFFFFFFFFFF76
S315081785F0FFFFFFFFFFFFFFFFFFFFFFFFFFFFFFFF66
S31508178600FFFFFFFFFFFFFFFFFFFFFFFFFFFFFFFF55
S31508178610FFFFFFFFFFFFFFFFFFFFFFFFFFFFFFFF45
S31508178620FFFFFFFFFFFFFFFFFFFFFFFFFFFFFFFF35
S31508178630FFFFFFFFFFFFFFFFFFFFFFFFFFFFFFFF25
S31508178640FFFFFFFFFFFFFFFFFFFFFFFFFFFFFFFF15
S31508178650FFFFFFFFFFFFFFFFFFFFFFFFFFFFFFFF05
S31508178660FFFFFFFFFFFFFFFFFFFFFFFFFFFFFFFFF5
S31508178670FFFFFFFFFFFFFFFFFFFFFFFFFFFFFFFFE5
S31508178680FFFFFFFFFFFFFFFFFFFFFFFFFFFFFFFFD5
S31508178690FFFFFFFFFFFFFFFFFFFFFFFFFFFFFFFFC5
S315081786A0FFFFFFFFFFFFFFFFFFFFFFFFFFFFFFFFB5
S315081786B0FFFFFFFFFFFFFFFFFFFFFFFFFFFFFFFFA5
S315081786C0FFFFFFFFFFFFFFFFFFFFFFFFFFFFFFFF95
S315081786D0FFFFFFFFFFFFFFFFFFFFFFFFFFFFFFFF85
S315081786E0FFFFFFFFFFFFFFFFFFFFFFFFFFFFFFFF75
S315081786F0FFFFFFFFFFFFFFFFFFFFFFFFFFFFFFFF65
S31508178700FFFFFFFFFFFFFFFFFFFFFFFFFFFFFFFF54
S31508178710FFFFFFFFFFFFFFFFFFFFFFFFFFFFFFFF44
S31508178720FFFFFFFFFFFFFFFFFFFFFFFFFFFFFFFF34
S31508178730FFFFFFFFFFFFFFFFFFFFFFFFFFFFFFFF24
S31508178740FFFFFFFFFFFFFFFFFFFFFFFFFFFFFFFF14
S31508178750FFFFFFFFFFFFFFFFFFFFFFFFFFFFFFFF04
S31508178760FFFFFFFFFFFFFFFFFFFFFFFFFFFFFFFFF4
S31508178770FFFFFFFFFFFFFFFFFFFFFFFFFFFFFFFFE4
S31508178780FFFFFFFFFFFFFFFFFFFFFFFFFFFFFFFFD4
S31508178790FFFFFFFFFFFFFFFFFFFFFFFFFFFFFFFFC4
S315081787A0FFFFFFFFFFFFFFFFFFFFFFFFFFFFFFFFB4
S315081787B0FFFFFFFFFFFFFFFFFFFFFFFFFFFFFFFFA4
S315081787C0FFFFFFFFFFFFFFFFFFFFFFFFFFFFFFFF94
S315081787D0FFFFFFFFFFFFFFFFFFFFFFFFFFFFFFFF84
S315081787E0FFFFFFFFFFFFFFFFFFFFFFFFFFFFFFFF74
S315081787F0FFFFFFFFFFFFFFFFFFFFFFFFFFFFFFFF64
S31508178800FFFFFFFFFFFFFFFFFFFFFFFFFFFFFFFF53
S31508178810FFFFFFFFFFFFFFFFFFFFFFFFFFFFFFFF43
S31508178820FFFFFFFFFFFFFFFFFFFFFFFFFFFFFFFF33
S31508178830FFFFFFFFFFFFFFFFFFFFFFFFFFFFFFFF23
S31508178840FFFFFFFFFFFFFFFFFFFFFFFFFFFFFFFF13
S31508178850FFFFFFFFFFFFFFFFFFFFFFFFFFFFFFFF03
S31508178860FFFFFFFFFFFFFFFFFFFFFFFFFFFFFFFFF3
S31508178870FFFFFFFFFFFFFFFFFFFFFFFFFFFFFFFFE3
S31508178880FFFFFFFFFFFFFFFFFFFFFFFFFFFFFFFFD3
S31508178890FFFFFFFFFFFFFFFFFFFFFFFFFFFFFFFFC3
S315081788A0FFFFFFFFFFFFFFFFFFFFFFFFFFFFFFFFB3
S315081788B0FFFFFFFFFFFFFFFFFFFFFFFFFFFFFFFFA3
S315081788C0FFFFFFFFFFFFFFFFFFFFFFFFFFFFFFFF93
S315081788D0FFFFFFFFFFFFFFFFFFFFFFFFFFFFFFFF83
S315081788E0FFFFFFFFFFFFFFFFFFFFFFFFFFFFFFFF73
S315081788F0FFFFFFFFFFFFFFFFFFFFFFFFFFFFFFFF63
S31508178900FFFFFFFFFFFFFFFFFFFFFFFFFFFFFFFF52
S31508178910FFFFFFFFFFFFFFFFFFFFFFFFFFFFFFFF42
S31508178920FFFFFFFFFFFFFFFFFFFFFFFFFFFFFFFF32
S31508178930FFFFFFFFFFFFFFFFFFFFFFFFFFFFFFFF22
S31508178940FFFFFFFFFFFFFFFFFFFFFFFFFFFFFFFF12
S31508178950FFFFFFFFFFFFFFFFFFFFFFFFFFFFFFFF02
S31508178960FFFFFFFFFFFFFFFFFFFFFFFFFFFFFFFFF2
S31508178970FFFFFFFFFFFFFFFFFFFFFFFFFFFFFFFFE2
S31508178980FFFFFFFFFFFFFFFFFFFFFFFFFFFFFFFFD2
S31508178990FFFFFFFFFFFFFFFFFFFFFFFFFFFFFFFFC2
S315081789A0FFFFFFFFFFFFFFFFFFFFFFFFFFFFFFFFB2
S315081789B0FFFFFFFFFFFFFFFFFFFFFFFFFFFFFFFFA2
S315081789C0FFFFFFFFFFFFFFFFFFFFFFFFFFFFFFFF92
S315081789D0FFFFFFFFFFFFFFFFFFFFFFFFFFFFFFFF82
S315081789E0FFFFFFFFFFFFFFFFFFFFFFFFFFFFFFFF72
S315081789F0FFFFFFFFFFFFFFFFFFFFFFFFFFFFFFFF62
S31508178A00FFFFFFFFFFFFFFFFFFFFFFFFFFFFFFFF51
S31508178A10FFFFFFFFFFFFFFFFFFFFFFFFFFFFFFFF41
S31508178A20FFFFFFFFFFFFFFFFFFFFFFFFFFFFFFFF31
S31508178A30FFFFFFFFFFFFFFFFFFFFFFFFFFFFFFFF21
S31508178A40FFFFFFFFFFFFFFFFFFFFFFFFFFFFFFFF11
S31508178A50FFFFFFFFFFFFFFFFFFFFFFFFFFFFFFFF01
S31508178A60FFFFFFFFFFFFFFFFFFFFFFFFFFFFFFFFF1
S31508178A70FFFFFFFFFFFFFFFFFFFFFFFFFFFFFFFFE1
S31508178A80FFFFFFFFFFFFFFFFFFFFFFFFFFFFFFFFD1
S31508178A90FFFFFFFFFFFFFFFFFFFFFFFFFFFFFFFFC1
S31508178AA0FFFFFFFFFFFFFFFFFFFFFFFFFFFFFFFFB1
S31508178AB0FFFFFFFFFFFFFFFFFFFFFFFFFFFFFFFFA1
S31508178AC0FFFFFFFFFFFFFFFFFFFFFFFFFFFFFFFF91
S31508178AD0FFFFFFFFFFFFFFFFFFFFFFFFFFFFFFFF81
S31508178AE0FFFFFFFFFFFFFFFFFFFFFFFFFFFFFFFF71
S31508178AF0FFFFFFFFFFFFFFFFFFFFFFFFFFFFFFFF61
S31508178B00FFFFFFFFFFFFFFFFFFFFFFFFFFFFFFFF50
S31508178B10FFFFFFFFFFFFFFFFFFFFFFFFFFFFFFFF40
S31508178B20FFFFFFFFFFFFFFFFFFFFFFFFFFFFFFFF30
S31508178B30FFFFFFFFFFFFFFFFFFFFFFFFFFFFFFFF20
S31508178B40FFFFFFFFFFFFFFFFFFFFFFFFFFFFFFFF10
S31508178B50FFFFFFFFFFFFFFFFFFFFFFFFFFFFFFFF00
S31508178B60FFFFFFFFFFFFFFFFFFFFFFFFFFFFFFFFF0
S31508178B70FFFFFFFFFFFFFFFFFFFFFFFFFFFFFFFFE0
S31508178B80FFFFFFFFFFFFFFFFFFFFFFFFFFFFFFFFD0
S31508178B90FFFFFFFFFFFFFFFFFFFFFFFFFFFFFFFFC0
S31508178BA0FFFFFFFFFFFFFFFFFFFFFFFFFFFFFFFFB0
S31508178BB0FFFFFFFFFFFFFFFFFFFFFFFFFFFFFFFFA0
S31508178BC0FFFFFFFFFFFFFFFFFFFFFFFFFFFFFFFF90
S31508178BD0FFFFFFFFFFFFFFFFFFFFFFFFFFFFFFFF80
S31508178BE0FFFFFFFFFFFFFFFFFFFFFFFFFFFFFFFF70
S31508178BF0FFFFFFFFFFFFFFFFFFFFFFFFFFFFFFFF60
S31508178C00FFFFFFFFFFFFFFFFFFFFFFFFFFFFFFFF4F
S31508178C10FFFFFFFFFFFFFFFFFFFFFFFFFFFFFFFF3F
S31508178C20FFFFFFFFFFFFFFFFFFFFFFFFFFFFFFFF2F
S31508178C30FFFFFFFFFFFFFFFFFFFFFFFFFFFFFFFF1F
S31508178C40FFFFFFFFFFFFFFFFFFFFFFFFFFFFFFFF0F
S31508178C50FFFFFFFFFFFFFFFFFFFFFFFFFFFFFFFFFF
S31508178C60FFFFFFFFFFFFFFFFFFFFFFFFFFFFFFFFEF
S31508178C70FFFFFFFFFFFFFFFFFFFFFFFFFFFFFFFFDF
S31508178C80FFFFFFFFFFFFFFFFFFFFFFFFFFFFFFFFCF
S31508178C90FFFFFFFFFFFFFFFFFFFFFFFFFFFFFFFFBF
S31508178CA0FFFFFFFFFFFFFFFFFFFFFFFFFFFFFFFFAF
S31508178CB0FFFFFFFFFFFFFFFFFFFFFFFFFFFFFFFF9F
S31508178CC0FFFFFFFFFFFFFFFFFFFFFFFFFFFFFFFF8F
S31508178CD0FFFFFFFFFFFFFFFFFFFFFFFFFFFFFFFF7F
S31508178CE0FFFFFFFFFFFFFFFFFFFFFFFFFFFFFFFF6F
S31508178CF0FFFFFFFFFFFFFFFFFFFFFFFFFFFFFFFF5F
S31508178D00FFFFFFFFFFFFFFFFFFFFFFFFFFFFFFFF4E
S31508178D10FFFFFFFFFFFFFFFFFFFFFFFFFFFFFFFF3E
S31508178D20FFFFFFFFFFFFFFFFFFFFFFFFFFFFFFFF2E
S31508178D30FFFFFFFFFFFFFFFFFFFFFFFFFFFFFFFF1E
S31508178D40FFFFFFFFFFFFFFFFFFFFFFFFFFFFFFFF0E
S31508178D50FFFFFFFFFFFFFFFFFFFFFFFFFFFFFFFFFE
S31508178D60FFFFFFFFFFFFFFFFFFFFFFFFFFFFFFFFEE
S31508178D70FFFFFFFFFFFFFFFFFFFFFFFFFFFFFFFFDE
S31508178D80FFFFFFFFFFFFFFFFFFFFFFFFFFFFFFFFCE
S31508178D90FFFFFFFFFFFFFFFFFFFFFFFFFFFFFFFFBE
S31508178DA0FFFFFFFFFFFFFFFFFFFFFFFFFFFFFFFFAE
S31508178DB0FFFFFFFFFFFFFFFFFFFFFFFFFFFFFFFF9E
S31508178DC0FFFFFFFFFFFFFFFFFFFFFFFFFFFFFFFF8E
S31508178DD0FFFFFFFFFFFFFFFFFFFFFFFFFFFFFFFF7E
S31508178DE0FFFFFFFFFFFFFFFFFFFFFFFFFFFFFFFF6E
S31508178DF0FFFFFFFFFFFFFFFFFFFFFFFFFFFFFFFF5E
S31508178E00FFFFFFFFFFFFFFFFFFFFFFFFFFFFFFFF4D
S31508178E10FFFFFFFFFFFFFFFFFFFFFFFFFFFFFFFF3D
S31508178E20FFFFFFFFFFFFFFFFFFFFFFFFFFFFFFFF2D
S31508178E30FFFFFFFFFFFFFFFFFFFFFFFFFFFFFFFF1D
S31508178E40FFFFFFFFFFFFFFFFFFFFFFFFFFFFFFFF0D
S31508178E50FFFFFFFFFFFFFFFFFFFFFFFFFFFFFFFFFD
S31508178E60FFFFFFFFFFFFFFFFFFFFFFFFFFFFFFFFED
S31508178E70FFFFFFFFFFFFFFFFFFFFFFFFFFFFFFFFDD
S31508178E80FFFFFFFFFFFFFFFFFFFFFFFFFFFFFFFFCD
S31508178E90FFFFFFFFFFFFFFFFFFFFFFFFFFFFFFFFBD
S31508178EA0FFFFFFFFFFFFFFFFFFFFFFFFFFFFFFFFAD
S31508178EB0FFFFFFFFFFFFFFFFFFFFFFFFFFFFFFFF9D
S31508178EC0FFFFFFFFFFFFFFFFFFFFFFFFFFFFFFFF8D
S31508178ED0FFFFFFFFFFFFFFFFFFFFFFFFFFFFFFFF7D
S31508178EE0FFFFFFFFFFFFFFFFFFFFFFFFFFFFFFFF6D
S31508178EF0FFFFFFFFFFFFFFFFFFFFFFFFFFFFFFFF5D
S31508178F00FFFFFFFFFFFFFFFFFFFFFFFFFFFFFFFF4C
S31508178F10FFFFFFFFFFFFFFFFFFFFFFFFFFFFFFFF3C
S31508178F20FFFFFFFFFFFFFFFFFFFFFFFFFFFFFFFF2C
S31508178F30FFFFFFFFFFFFFFFFFFFFFFFFFFFFFFFF1C
S31508178F40FFFFFFFFFFFFFFFFFFFFFFFFFFFFFFFF0C
S31508178F50FFFFFFFFFFFFFFFFFFFFFFFFFFFFFFFFFC
S31508178F60FFFFFFFFFFFFFFFFFFFFFFFFFFFFFFFFEC
S31508178F70FFFFFFFFFFFFFFFFFFFFFFFFFFFFFFFFDC
S31508178F80FFFFFFFFFFFFFFFFFFFFFFFFFFFFFFFFCC
S31508178F90FFFFFFFFFFFFFFFFFFFFFFFFFFFFFFFFBC
S31508178FA0FFFFFFFFFFFFFFFFFFFFFFFFFFFFFFFFAC
S31508178FB0FFFFFFFFFFFFFFFFFFFFFFFFFFFFFFFF9C
S31508178FC0FFFFFFFFFFFFFFFFFFFFFFFFFFFFFFFF8C
S31508178FD0FFFFFFFFFFFFFFFFFFFFFFFFFFFFFFFF7C
S31508178FE0FFFFFFFFFFFFFFFFFFFFFFFFFFFFFFFF6C
S31508178FF0FFFFFFFFFFFFFFFFFFFFFFFFFFFFFFFF5C
S31508179000FFFFFFFFFFFFFFFFFFFFFFFFFFFFFFFF4B
S31508179010FFFFFFFFFFFFFFFFFFFFFFFFFFFFFFFF3B
S31508179020FFFFFFFFFFFFFFFFFFFFFFFFFFFFFFFF2B
S31508179030FFFFFFFFFFFFFFFFFFFFFFFFFFFFFFFF1B
S31508179040FFFFFFFFFFFFFFFFFFFFFFFFFFFFFFFF0B
S31508179050FFFFFFFFFFFFFFFFFFFFFFFFFFFFFFFFFB
S31508179060FFFFFFFFFFFFFFFFFFFFFFFFFFFFFFFFEB
S31508179070FFFFFFFFFFFFFFFFFFFFFFFFFFFFFFFFDB
S31508179080FFFFFFFFFFFFFFFFFFFFFFFFFFFFFFFFCB
S31508179090FFFFFFFFFFFFFFFFFFFFFFFFFFFFFFFFBB
S315081790A0FFFFFFFFFFFFFFFFFFFFFFFFFFFFFFFFAB
S315081790B0FFFFFFFFFFFFFFFFFFFFFFFFFFFFFFFF9B
S315081790C0FFFFFFFFFFFFFFFFFFFFFFFFFFFFFFFF8B
S315081790D0FFFFFFFFFFFFFFFFFFFFFFFFFFFFFFFF7B
S315081790E0FFFFFFFFFFFFFFFFFFFFFFFFFFFFFFFF6B
S315081790F0FFFFFFFFFFFFFFFFFFFFFFFFFFFFFFFF5B
S31508179100FFFFFFFFFFFFFFFFFFFFFFFFFFFFFFFF4A
S31508179110FFFFFFFFFFFFFFFFFFFFFFFFFFFFFFFF3A
S31508179120FFFFFFFFFFFFFFFFFFFFFFFFFFFFFFFF2A
S31508179130FFFFFFFFFFFFFFFFFFFFFFFFFFFFFFFF1A
S31508179140FFFFFFFFFFFFFFFFFFFFFFFFFFFFFFFF0A
S31508179150FFFFFFFFFFFFFFFFFFFFFFFFFFFFFFFFFA
S31508179160FFFFFFFFFFFFFFFFFFFFFFFFFFFFFFFFEA
S31508179170FFFFFFFFFFFFFFFFFFFFFFFFFFFFFFFFDA
S31508179180FFFFFFFFFFFFFFFFFFFFFFFFFFFFFFFFCA
S31508179190FFFFFFFFFFFFFFFFFFFFFFFFFFFFFFFFBA
S315081791A0FFFFFFFFFFFFFFFFFFFFFFFFFFFFFFFFAA
S315081791B0FFFFFFFFFFFFFFFFFFFFFFFFFFFFFFFF9A
S315081791C0FFFFFFFFFFFFFFFFFFFFFFFFFFFFFFFF8A
S315081791D0FFFFFFFFFFFFFFFFFFFFFFFFFFFFFFFF7A
S315081791E0FFFFFFFFFFFFFFFFFFFFFFFFFFFFFFFF6A
S315081791F0FFFFFFFFFFFFFFFFFFFFFFFFFFFFFFFF5A
S31508179200FFFFFFFFFFFFFFFFFFFFFFFFFFFFFFFF49
S31508179210FFFFFFFFFFFFFFFFFFFFFFFFFFFFFFFF39
S31508179220FFFFFFFFFFFFFFFFFFFFFFFFFFFFFFFF29
S31508179230FFFFFFFFFFFFFFFFFFFFFFFFFFFFFFFF19
S31508179240FFFFFFFFFFFFFFFFFFFFFFFFFFFFFFFF09
S31508179250FFFFFFFFFFFFFFFFFFFFFFFFFFFFFFFFF9
S31508179260FFFFFFFFFFFFFFFFFFFFFFFFFFFFFFFFE9
S31508179270FFFFFFFFFFFFFFFFFFFFFFFFFFFFFFFFD9
S31508179280FFFFFFFFFFFFFFFFFFFFFFFFFFFFFFFFC9
S31508179290FFFFFFFFFFFFFFFFFFFFFFFFFFFFFFFFB9
S315081792A0FFFFFFFFFFFFFFFFFFFFFFFFFFFFFFFFA9
S315081792B0FFFFFFFFFFFFFFFFFFFFFFFFFFFFFFFF99
S315081792C0FFFFFFFFFFFFFFFFFFFFFFFFFFFFFFFF89
S315081792D0FFFFFFFFFFFFFFFFFFFFFFFFFFFFFFFF79
S315081792E0FFFFFFFFFFFFFFFFFFFFFFFFFFFFFFFF69
S315081792F0FFFFFFFFFFFFFFFFFFFFFFFFFFFFFFFF59
S31508179300FFFFFFFFFFFFFFFFFFFFFFFFFFFFFFFF48
S31508179310FFFFFFFFFFFFFFFFFFFFFFFFFFFFFFFF38
S31508179320FFFFFFFFFFFFFFFFFFFFFFFFFFFFFFFF28
S31508179330FFFFFFFFFFFFFFFFFFFFFFFFFFFFFFFF18
S31508179340FFFFFFFFFFFFFFFFFFFFFFFFFFFFFFFF08
S31508179350FFFFFFFFFFFFFFFFFFFFFFFFFFFFFFFFF8
S31508179360FFFFFFFFFFFFFFFFFFFFFFFFFFFFFFFFE8
S31508179370FFFFFFFFFFFFFFFFFFFFFFFFFFFFFFFFD8
S31508179380FFFFFFFFFFFFFFFFFFFFFFFFFFFFFFFFC8
S31508179390FFFFFFFFFFFFFFFFFFFFFFFFFFFFFFFFB8
S315081793A0FFFFFFFFFFFFFFFFFFFFFFFFFFFFFFFFA8
S315081793B0FFFFFFFFFFFFFFFFFFFFFFFFFFFFFFFF98
S315081793C0FFFFFFFFFFFFFFFFFFFFFFFFFFFFFFFF88
S315081793D0FFFFFFFFFFFFFFFFFFFFFFFFFFFFFFFF78
S315081793E0FFFFFFFFFFFFFFFFFFFFFFFFFFFFFFFF68
S315081793F0FFFFFFFFFFFFFFFFFFFFFFFFFFFFFFFF58
S31508179400FFFFFFFFFFFFFFFFFFFFFFFFFFFFFFFF47
S31508179410FFFFFFFFFFFFFFFFFFFFFFFFFFFFFFFF37
S31508179420FFFFFFFFFFFFFFFFFFFFFFFFFFFFFFFF27
S31508179430FFFFFFFFFFFFFFFFFFFFFFFFFFFFFFFF17
S31508179440FFFFFFFFFFFFFFFFFFFFFFFFFFFFFFFF07
S31508179450FFFFFFFFFFFFFFFFFFFFFFFFFFFFFFFFF7
S31508179460FFFFFFFFFFFFFFFFFFFFFFFFFFFFFFFFE7
S31508179470FFFFFFFFFFFFFFFFFFFFFFFFFFFFFFFFD7
S31508179480FFFFFFFFFFFFFFFFFFFFFFFFFFFFFFFFC7
S31508179490FFFFFFFFFFFFFFFFFFFFFFFFFFFFFFFFB7
S315081794A0FFFFFFFFFFFFFFFFFFFFFFFFFFFFFFFFA7
S315081794B0FFFFFFFFFFFFFFFFFFFFFFFFFFFFFFFF97
S315081794C0FFFFFFFFFFFFFFFFFFFFFFFFFFFFFFFF87
S315081794D0FFFFFFFFFFFFFFFFFFFFFFFFFFFFFFFF77
S315081794E0FFFFFFFFFFFFFFFFFFFFFFFFFFFFFFFF67
S315081794F0FFFFFFFFFFFFFFFFFFFFFFFFFFFFFFFF57
S31508179500FFFFFFFFFFFFFFFFFFFFFFFFFFFFFFFF46
S31508179510FFFFFFFFFFFFFFFFFFFFFFFFFFFFFFFF36
S31508179520FFFFFFFFFFFFFFFFFFFFFFFFFFFFFFFF26
S31508179530FFFFFFFFFFFFFFFFFFFFFFFFFFFFFFFF16
S31508179540FFFFFFFFFFFFFFFFFFFFFFFFFFFFFFFF06
S31508179550FFFFFFFFFFFFFFFFFFFFFFFFFFFFFFFFF6
S31508179560FFFFFFFFFFFFFFFFFFFFFFFFFFFFFFFFE6
S31508179570FFFFFFFFFFFFFFFFFFFFFFFFFFFFFFFFD6
S31508179580FFFFFFFFFFFFFFFFFFFFFFFFFFFFFFFFC6
S31508179590FFFFFFFFFFFFFFFFFFFFFFFFFFFFFFFFB6
S315081795A0FFFFFFFFFFFFFFFFFFFFFFFFFFFFFFFFA6
S315081795B0FFFFFFFFFFFFFFFFFFFFFFFFFFFFFFFF96
S315081795C0FFFFFFFFFFFFFFFFFFFFFFFFFFFFFFFF86
S315081795D0FFFFFFFFFFFFFFFFFFFFFFFFFFFFFFFF76
S315081795E0FFFFFFFFFFFFFFFFFFFFFFFFFFFFFFFF66
S315081795F0FFFFFFFFFFFFFFFFFFFFFFFFFFFFFFFF56
S31508179600FFFFFFFFFFFFFFFFFFFFFFFFFFFFFFFF45
S31508179610FFFFFFFFFFFFFFFFFFFFFFFFFFFFFFFF35
S31508179620FFFFFFFFFFFFFFFFFFFFFFFFFFFFFFFF25
S31508179630FFFFFFFFFFFFFFFFFFFFFFFFFFFFFFFF15
S31508179640FFFFFFFFFFFFFFFFFFFFFFFFFFFFFFFF05
S31508179650FFFFFFFFFFFFFFFFFFFFFFFFFFFFFFFFF5
S31508179660FFFFFFFFFFFFFFFFFFFFFFFFFFFFFFFFE5
S31508179670FFFFFFFFFFFFFFFFFFFFFFFFFFFFFFFFD5
S31508179680FFFFFFFFFFFFFFFFFFFFFFFFFFFFFFFFC5
S31508179690FFFFFFFFFFFFFFFFFFFFFFFFFFFFFFFFB5
S315081796A0FFFFFFFFFFFFFFFFFFFFFFFFFFFFFFFFA5
S315081796B0FFFFFFFFFFFFFFFFFFFFFFFFFFFFFFFF95
S315081796C0FFFFFFFFFFFFFFFFFFFFFFFFFFFFFFFF85
S315081796D0FFFFFFFFFFFFFFFFFFFFFFFFFFFFFFFF75
S315081796E0FFFFFFFFFFFFFFFFFFFFFFFFFFFFFFFF65
S315081796F0FFFFFFFFFFFFFFFFFFFFFFFFFFFFFFFF55
S31508179700FFFFFFFFFFFFFFFFFFFFFFFFFFFFFFFF44
S31508179710FFFFFFFFFFFFFFFFFFFFFFFFFFFFFFFF34
S31508179720FFFFFFFFFFFFFFFFFFFFFFFFFFFFFFFF24
S31508179730FFFFFFFFFFFFFFFFFFFFFFFFFFFFFFFF14
S31508179740FFFFFFFFFFFFFFFFFFFFFFFFFFFFFFFF04
S31508179750FFFFFFFFFFFFFFFFFFFFFFFFFFFFFFFFF4
S31508179760FFFFFFFFFFFFFFFFFFFFFFFFFFFFFFFFE4
S31508179770FFFFFFFFFFFFFFFFFFFFFFFFFFFFFFFFD4
S31508179780FFFFFFFFFFFFFFFFFFFFFFFFFFFFFFFFC4
S31508179790FFFFFFFFFFFFFFFFFFFFFFFFFFFFFFFFB4
S315081797A0FFFFFFFFFFFFFFFFFFFFFFFFFFFFFFFFA4
S315081797B0FFFFFFFFFFFFFFFFFFFFFFFFFFFFFFFF94
S315081797C0FFFFFFFFFFFFFFFFFFFFFFFFFFFFFFFF84
S315081797D0FFFFFFFFFFFFFFFFFFFFFFFFFFFFFFFF74
S315081797E0FFFFFFFFFFFFFFFFFFFFFFFFFFFFFFFF64
S315081797F0FFFFFFFFFFFFFFFFFFFFFFFFFFFFFFFF54
S31508179800FFFFFFFFFFFFFFFFFFFFFFFFFFFFFFFF43
S31508179810FFFFFFFFFFFFFFFFFFFFFFFFFFFFFFFF33
S31508179820FFFFFFFFFFFFFFFFFFFFFFFFFFFFFFFF23
S31508179830FFFFFFFFFFFFFFFFFFFFFFFFFFFFFFFF13
S31508179840FFFFFFFFFFFFFFFFFFFFFFFFFFFFFFFF03
S31508179850FFFFFFFFFFFFFFFFFFFFFFFFFFFFFFFFF3
S31508179860FFFFFFFFFFFFFFFFFFFFFFFFFFFFFFFFE3
S31508179870FFFFFFFFFFFFFFFFFFFFFFFFFFFFFFFFD3
S31508179880FFFFFFFFFFFFFFFFFFFFFFFFFFFFFFFFC3
S31508179890FFFFFFFFFFFFFFFFFFFFFFFFFFFFFFFFB3
S315081798A0FFFFFFFFFFFFFFFFFFFFFFFFFFFFFFFFA3
S315081798B0FFFFFFFFFFFFFFFFFFFFFFFFFFFFFFFF93
S315081798C0FFFFFFFFFFFFFFFFFFFFFFFFFFFFFFFF83
S315081798D0FFFFFFFFFFFFFFFFFFFFFFFFFFFFFFFF73
S315081798E0FFFFFFFFFFFFFFFFFFFFFFFFFFFFFFFF63
S315081798F0FFFFFFFFFFFFFFFFFFFFFFFFFFFFFFFF53
S31508179900FFFFFFFFFFFFFFFFFFFFFFFFFFFFFFFF42
S31508179910FFFFFFFFFFFFFFFFFFFFFFFFFFFFFFFF32
S31508179920FFFFFFFFFFFFFFFFFFFFFFFFFFFFFFFF22
S31508179930FFFFFFFFFFFFFFFFFFFFFFFFFFFFFFFF12
S31508179940FFFFFFFFFFFFFFFFFFFFFFFFFFFFFFFF02
S31508179950FFFFFFFFFFFFFFFFFFFFFFFFFFFFFFFFF2
S31508179960FFFFFFFFFFFFFFFFFFFFFFFFFFFFFFFFE2
S31508179970FFFFFFFFFFFFFFFFFFFFFFFFFFFFFFFFD2
S31508179980FFFFFFFFFFFFFFFFFFFFFFFFFFFFFFFFC2
S31508179990FFFFFFFFFFFFFFFFFFFFFFFFFFFFFFFFB2
S315081799A0FFFFFFFFFFFFFFFFFFFFFFFFFFFFFFFFA2
S315081799B0FFFFFFFFFFFFFFFFFFFFFFFFFFFFFFFF92
S315081799C0FFFFFFFFFFFFFFFFFFFFFFFFFFFFFFFF82
S315081799D0FFFFFFFFFFFFFFFFFFFFFFFFFFFFFFFF72
S315081799E0FFFFFFFFFFFFFFFFFFFFFFFFFFFFFFFF62
S315081799F0FFFFFFFFFFFFFFFFFFFFFFFFFFFFFFFF52
S31508179A00FFFFFFFFFFFFFFFFFFFFFFFFFFFFFFFF41
S31508179A10FFFFFFFFFFFFFFFFFFFFFFFFFFFFFFFF31
S31508179A20FFFFFFFFFFFFFFFFFFFFFFFFFFFFFFFF21
S31508179A30FFFFFFFFFFFFFFFFFFFFFFFFFFFFFFFF11
S31508179A40FFFFFFFFFFFFFFFFFFFFFFFFFFFFFFFF01
S31508179A50FFFFFFFFFFFFFFFFFFFFFFFFFFFFFFFFF1
S31508179A60FFFFFFFFFFFFFFFFFFFFFFFFFFFFFFFFE1
S31508179A70FFFFFFFFFFFFFFFFFFFFFFFFFFFFFFFFD1
S31508179A80FFFFFFFFFFFFFFFFFFFFFFFFFFFFFFFFC1
S31508179A90FFFFFFFFFFFFFFFFFFFFFFFFFFFFFFFFB1
S31508179AA0FFFFFFFFFFFFFFFFFFFFFFFFFFFFFFFFA1
S31508179AB0FFFFFFFFFFFFFFFFFFFFFFFFFFFFFFFF91
S31508179AC0FFFFFFFFFFFFFFFFFFFFFFFFFFFFFFFF81
S31508179AD0FFFFFFFFFFFFFFFFFFFFFFFFFFFFFFFF71
S31508179AE0FFFFFFFFFFFFFFFFFFFFFFFFFFFFFFFF61
S31508179AF0FFFFFFFFFFFFFFFFFFFFFFFFFFFFFFFF51
S31508179B00FFFFFFFFFFFFFFFFFFFFFFFFFFFFFFFF40
S31508179B10FFFFFFFFFFFFFFFFFFFFFFFFFFFFFFFF30
S31508179B20FFFFFFFFFFFFFFFFFFFFFFFFFFFFFFFF20
S31508179B30FFFFFFFFFFFFFFFFFFFFFFFFFFFFFFFF10
S31508179B40FFFFFFFFFFFFFFFFFFFFFFFFFFFFFFFF00
S31508179B50FFFFFFFFFFFFFFFFFFFFFFFFFFFFFFFFF0
S31508179B60FFFFFFFFFFFFFFFFFFFFFFFFFFFFFFFFE0
S31508179B70FFFFFFFFFFFFFFFFFFFFFFFFFFFFFFFFD0
S31508179B80FFFFFFFFFFFFFFFFFFFFFFFFFFFFFFFFC0
S31508179B90FFFFFFFFFFFFFFFFFFFFFFFFFFFFFFFFB0
S31508179BA0FFFFFFFFFFFFFFFFFFFFFFFFFFFFFFFFA0
S31508179BB0FFFFFFFFFFFFFFFFFFFFFFFFFFFFFFFF90
S31508179BC0FFFFFFFFFFFFFFFFFFFFFFFFFFFFFFFF80
S31508179BD0FFFFFFFFFFFFFFFFFFFFFFFFFFFFFFFF70
S31508179BE0FFFFFFFFFFFFFFFFFFFFFFFFFFFFFFFF60
S31508179BF0FFFFFFFFFFFFFFFFFFFFFFFFFFFFFFFF50
S31508179C00FFFFFFFFFFFFFFFFFFFFFFFFFFFFFFFF3F
S31508179C10FFFFFFFFFFFFFFFFFFFFFFFFFFFFFFFF2F
S31508179C20FFFFFFFFFFFFFFFFFFFFFFFFFFFFFFFF1F
S31508179C30FFFFFFFFFFFFFFFFFFFFFFFFFFFFFFFF0F
S31508179C40FFFFFFFFFFFFFFFFFFFFFFFFFFFFFFFFFF
S31508179C50FFFFFFFFFFFFFFFFFFFFFFFFFFFFFFFFEF
S31508179C60FFFFFFFFFFFFFFFFFFFFFFFFFFFFFFFFDF
S31508179C70FFFFFFFFFFFFFFFFFFFFFFFFFFFFFFFFCF
S31508179C80FFFFFFFFFFFFFFFFFFFFFFFFFFFFFFFFBF
S31508179C90FFFFFFFFFFFFFFFFFFFFFFFFFFFFFFFFAF
S31508179CA0FFFFFFFFFFFFFFFFFFFFFFFFFFFFFFFF9F
S31508179CB0FFFFFFFFFFFFFFFFFFFFFFFFFFFFFFFF8F
S31508179CC0FFFFFFFFFFFFFFFFFFFFFFFFFFFFFFFF7F
S31508179CD0FFFFFFFFFFFFFFFFFFFFFFFFFFFFFFFF6F
S31508179CE0FFFFFFFFFFFFFFFFFFFFFFFFFFFFFFFF5F
S31508179CF0FFFFFFFFFFFFFFFFFFFFFFFFFFFFFFFF4F
S31508179D00FFFFFFFFFFFFFFFFFFFFFFFFFFFFFFFF3E
S31508179D10FFFFFFFFFFFFFFFFFFFFFFFFFFFFFFFF2E
S31508179D20FFFFFFFFFFFFFFFFFFFFFFFFFFFFFFFF1E
S31508179D30FFFFFFFFFFFFFFFFFFFFFFFFFFFFFFFF0E
S31508179D40FFFFFFFFFFFFFFFFFFFFFFFFFFFFFFFFFE
S31508179D50FFFFFFFFFFFFFFFFFFFFFFFFFFFFFFFFEE
S31508179D60FFFFFFFFFFFFFFFFFFFFFFFFFFFFFFFFDE
S31508179D70FFFFFFFFFFFFFFFFFFFFFFFFFFFFFFFFCE
S31508179D80FFFFFFFFFFFFFFFFFFFFFFFFFFFFFFFFBE
S31508179D90FFFFFFFFFFFFFFFFFFFFFFFFFFFFFFFFAE
S31508179DA0FFFFFFFFFFFFFFFFFFFFFFFFFFFFFFFF9E
S31508179DB0FFFFFFFFFFFFFFFFFFFFFFFFFFFFFFFF8E
S31508179DC0FFFFFFFFFFFFFFFFFFFFFFFFFFFFFFFF7E
S31508179DD0FFFFFFFFFFFFFFFFFFFFFFFFFFFFFFFF6E
S31508179DE0FFFFFFFFFFFFFFFFFFFFFFFFFFFFFFFF5E
S31508179DF0FFFFFFFFFFFFFFFFFFFFFFFFFFFFFFFF4E
S31508179E00FFFFFFFFFFFFFFFFFFFFFFFFFFFFFFFF3D
S31508179E10FFFFFFFFFFFFFFFFFFFFFFFFFFFFFFFF2D
S31508179E20FFFFFFFFFFFFFFFFFFFFFFFFFFFFFFFF1D
S31508179E30FFFFFFFFFFFFFFFFFFFFFFFFFFFFFFFF0D
S31508179E40FFFFFFFFFFFFFFFFFFFFFFFFFFFFFFFFFD
S31508179E50FFFFFFFFFFFFFFFFFFFFFFFFFFFFFFFFED
S31508179E60FFFFFFFFFFFFFFFFFFFFFFFFFFFFFFFFDD
S31508179E70FFFFFFFFFFFFFFFFFFFFFFFFFFFFFFFFCD
S31508179E80FFFFFFFFFFFFFFFFFFFFFFFFFFFFFFFFBD
S31508179E90FFFFFFFFFFFFFFFFFFFFFFFFFFFFFFFFAD
S31508179EA0FFFFFFFFFFFFFFFFFFFFFFFFFFFFFFFF9D
S31508179EB0FFFFFFFFFFFFFFFFFFFFFFFFFFFFFFFF8D
S31508179EC0FFFFFFFFFFFFFFFFFFFFFFFFFFFFFFFF7D
S31508179ED0FFFFFFFFFFFFFFFFFFFFFFFFFFFFFFFF6D
S31508179EE0FFFFFFFFFFFFFFFFFFFFFFFFFFFFFFFF5D
S31508179EF0FFFFFFFFFFFFFFFFFFFFFFFFFFFFFFFF4D
S31508179F00FFFFFFFFFFFFFFFFFFFFFFFFFFFFFFFF3C
S31508179F10FFFFFFFFFFFFFFFFFFFFFFFFFFFFFFFF2C
S31508179F20FFFFFFFFFFFFFFFFFFFFFFFFFFFFFFFF1C
S31508179F30FFFFFFFFFFFFFFFFFFFFFFFFFFFFFFFF0C
S31508179F40FFFFFFFFFFFFFFFFFFFFFFFFFFFFFFFFFC
S31508179F50FFFFFFFFFFFFFFFFFFFFFFFFFFFFFFFFEC
S31508179F60FFFFFFFFFFFFFFFFFFFFFFFFFFFFFFFFDC
S31508179F70FFFFFFFFFFFFFFFFFFFFFFFFFFFFFFFFCC
S31508179F80FFFFFFFFFFFFFFFFFFFFFFFFFFFFFFFFBC
S31508179F90FFFFFFFFFFFFFFFFFFFFFFFFFFFFFFFFAC
S31508179FA0FFFFFFFFFFFFFFFFFFFFFFFFFFFFFFFF9C
S31508179FB0FFFFFFFFFFFFFFFFFFFFFFFFFFFFFFFF8C
S31508179FC0FFFFFFFFFFFFFFFFFFFFFFFFFFFFFFFF7C
S31508179FD0FFFFFFFFFFFFFFFFFFFFFFFFFFFFFFFF6C
S31508179FE0FFFFFFFFFFFFFFFFFFFFFFFFFFFFFFFF5C
S31508179FF0FFFFFFFFFFFFFFFFFFFFFFFFFFFFFFFF4C
S3150817A00001009AB2010000D0FEFFFF0FFFFFFFFF06
S3150817A0103C90FFFFFFFFFFFFFFFFFFFFFFFFFFFF5D
S3150817A020FFFFFFFFFFFFFFFFFFFFFFFFFFFFFFFF1B
S3150817A030FFFFFFFFFFFFFFFFFFFFFFFFFFFFFFFF0B
S3150817A040FFFFFFFFFFFFFFFFFFFFFFFFFFFFFFFFFB
S3150817A050FFFFFFFFFFFFFFFFFFFFFFFFFFFFFFFFEB
S3150817A060FFFFFFFFFFFFFFFFFFFFFFFFFFFFFFFFDB
S3150817A070FFFFFFFFFFFFFFFFFFFFFFFFFFFFFFFFCB
S3150817A080FFFFFFFFFFFFFFFFFFFFFFFFFFFFFFFFBB
S3150817A090FFFFFFFFFFFFFFFFFFFFFFFFFFFFFFFFAB
S3150817A0A0FFFFFFFFFFFFFFFFFFFFFFFFFFFFFFFF9B
S3150817A0B0FFFFFFFFFFFFFFFFFFFFFFFFFFFFFFFF8B
S3150817A0C0FFFFFFFFFFFFFFFFFFFFFFFFFFFFFFFF7B
S3150817A0D0FFFFFFFFFFFFFFFFFFFFFFFFFFFFFFFF6B
S3150817A0E0FFFFFFFFFFFFFFFFFFFFFFFFFFFFFFFF5B
S3150817A0F0FFFFFFFFFFFFFFFFFFFFFFFFFFFFFFFF4B
S3150817A100FFFFFFFFFFFFFFFFFFFFFFFFFFFFFFFF3A
S3150817A110FFFFFFFFFFFFFFFFFFFFFFFFFFFFFFFF2A
S3150817A120FFFFFFFFFFFFFFFFFFFFFFFFFFFFFFFF1A
S3150817A130FFFFFFFFFFFFFFFFFFFFFFFFFFFFFFFF0A
S3150817A140FFFFFFFFFFFFFFFFFFFFFFFFFFFFFFFFFA
S3150817A150FFFFFFFFFFFFFFFFFFFFFFFFFFFFFFFFEA
S3150817A160FFFFFFFFFFFFFFFFFFFFFFFFFFFFFFFFDA
S3150817A170FFFFFFFFFFFFFFFFFFFFFFFFFFFFFFFFCA
S3150817A180FFFFFFFFFFFFFFFFFFFFFFFFFFFFFFFFBA
S3150817A190FFFFFFFFFFFFFFFFFFFFFFFFFFFFFFFFAA
S3150817A1A0FFFFFFFFFFFFFFFFFFFFFFFFFFFFFFFF9A
S3150817A1B0FFFFFFFFFFFFFFFFFFFFFFFFFFFFFFFF8A
S3150817A1C0FFFFFFFFFFFFFFFFFFFFFFFFFFFFFFFF7A
S3150817A1D0FFFFFFFFFFFFFFFFFFFFFFFFFFFFFFFF6A
S3150817A1E0FFFFFFFFFFFFFFFFFFFFFFFFFFFFFFFF5A
S3150817A1F0FFFFFFFFFFFFFFFFFFFFFFFFFFFFFFFF4A
S3150817A200FFFFFFFFFFFFFFFFFFFFFFFFFFFFFFFF39
S3150817A210FFFFFFFFFFFFFFFFFFFFFFFFFFFFFFFF29
S3150817A220FFFFFFFFFFFFFFFFFFFFFFFFFFFFFFFF19
S3150817A230FFFFFFFFFFFFFFFFFFFFFFFFFFFFFFFF09
S3150817A240FFFFFFFFFFFFFFFFFFFFFFFFFFFFFFFFF9
S3150817A250FFFFFFFFFFFFFFFFFFFFFFFFFFFFFFFFE9
S3150817A260FFFFFFFFFFFFFFFFFFFFFFFFFFFFFFFFD9
S3150817A270FFFFFFFFFFFFFFFFFFFFFFFFFFFFFFFFC9
S3150817A280FFFFFFFFFFFFFFFFFFFFFFFFFFFFFFFFB9
S3150817A290FFFFFFFFFFFFFFFFFFFFFFFFFFFFFFFFA9
S3150817A2A0FFFFFFFFFFFFFFFFFFFFFFFFFFFFFFFF99
S3150817A2B0FFFFFFFFFFFFFFFFFFFFFFFFFFFFFFFF89
S3150817A2C0FFFFFFFFFFFFFFFFFFFFFFFFFFFFFFFF79
S3150817A2D0FFFFFFFFFFFFFFFFFFFFFFFFFFFFFFFF69
S3150817A2E0FFFFFFFFFFFFFFFFFFFFFFFFFFFFFFFF59
S3150817A2F0FFFFFFFFFFFFFFFFFFFFFFFFFFFFFFFF49
S3150817A300FFFFFFFFFFFFFFFFFFFFFFFFFFFFFFFF38
S3150817A310FFFFFFFFFFFFFFFFFFFFFFFFFFFFFFFF28
S3150817A320FFFFFFFFFFFFFFFFFFFFFFFFFFFFFFFF18
S3150817A330FFFFFFFFFFFFFFFFFFFFFFFFFFFFFFFF08
S3150817A340FFFFFFFFFFFFFFFFFFFFFFFFFFFFFFFFF8
S3150817A350FFFFFFFFFFFFFFFFFFFFFFFFFFFFFFFFE8
S3150817A360FFFFFFFFFFFFFFFFFFFFFFFFFFFFFFFFD8
S3150817A370FFFFFFFFFFFFFFFFFFFFFFFFFFFFFFFFC8
S3150817A380FFFFFFFFFFFFFFFFFFFFFFFFFFFFFFFFB8
S3150817A390FFFFFFFFFFFFFFFFFFFFFFFFFFFFFFFFA8
S3150817A3A0FFFFFFFFFFFFFFFFFFFFFFFFFFFFFFFF98
S3150817A3B0FFFFFFFFFFFFFFFFFFFFFFFFFFFFFFFF88
S3150817A3C0FFFFFFFFFFFFFFFFFFFFFFFFFFFFFFFF78
S3150817A3D0FFFFFFFFFFFFFFFFFFFFFFFFFFFFFFFF68
S3150817A3E0FFFFFFFFFFFFFFFFFFFFFFFFFFFFFFFF58
S3150817A3F0FFFFFFFFFFFFFFFFFFFFFFFFFFFFFFFF48
S3150817A400FFFFFFFFFFFFFFFFFFFFFFFFFFFFFFFF37
S3150817A410FFFFFFFFFFFFFFFFFFFFFFFFFFFFFFFF27
S3150817A420FFFFFFFFFFFFFFFFFFFFFFFFFFFFFFFF17
S3150817A430FFFFFFFFFFFFFFFFFFFFFFFFFFFFFFFF07
S3150817A440FFFFFFFFFFFFFFFFFFFFFFFFFFFFFFFFF7
S3150817A450FFFFFFFFFFFFFFFFFFFFFFFFFFFFFFFFE7
S3150817A460FFFFFFFFFFFFFFFFFFFFFFFFFFFFFFFFD7
S3150817A470FFFFFFFFFFFFFFFFFFFFFFFFFFFFFFFFC7
S3150817A480FFFFFFFFFFFFFFFFFFFFFFFFFFFFFFFFB7
S3150817A490FFFFFFFFFFFFFFFFFFFFFFFFFFFFFFFFA7
S3150817A4A0FFFFFFFFFFFFFFFFFFFFFFFFFFFFFFFF97
S3150817A4B0FFFFFFFFFFFFFFFFFFFFFFFFFFFFFFFF87
S3150817A4C0FFFFFFFFFFFFFFFFFFFFFFFFFFFFFFFF77
S3150817A4D0FFFFFFFFFFFFFFFFFFFFFFFFFFFFFFFF67
S3150817A4E0FFFFFFFFFFFFFFFFFFFFFFFFFFFFFFFF57
S3150817A4F0FFFFFFFFFFFFFFFFFFFFFFFFFFFFFFFF47
S3150817A500FFFFFFFFFFFFFFFFFFFFFFFFFFFFFFFF36
S3150817A510FFFFFFFFFFFFFFFFFFFFFFFFFFFFFFFF26
S3150817A520FFFFFFFFFFFFFFFFFFFFFFFFFFFFFFFF16
S3150817A530FFFFFFFFFFFFFFFFFFFFFFFFFFFFFFFF06
S3150817A540FFFFFFFFFFFFFFFFFFFFFFFFFFFFFFFFF6
S3150817A550FFFFFFFFFFFFFFFFFFFFFFFFFFFFFFFFE6
S3150817A560FFFFFFFFFFFFFFFFFFFFFFFFFFFFFFFFD6
S3150817A570FFFFFFFFFFFFFFFFFFFFFFFFFFFFFFFFC6
S3150817A580FFFFFFFFFFFFFFFFFFFFFFFFFFFFFFFFB6
S3150817A590FFFFFFFFFFFFFFFFFFFFFFFFFFFFFFFFA6
S3150817A5A0FFFFFFFFFFFFFFFFFFFFFFFFFFFFFFFF96
S3150817A5B0FFFFFFFFFFFFFFFFFFFFFFFFFFFFFFFF86
S3150817A5C0FFFFFFFFFFFFFFFFFFFFFFFFFFFFFFFF76
S3150817A5D0FFFFFFFFFFFFFFFFFFFFFFFFFFFFFFFF66
S3150817A5E0FFFFFFFFFFFFFFFFFFFFFFFFFFFFFFFF56
S3150817A5F0FFFFFFFFFFFFFFFFFFFFFFFFFFFFFFFF46
S3150817A600FFFFFFFFFFFFFFFFFFFFFFFFFFFFFFFF35
S3150817A610FFFFFFFFFFFFFFFFFFFFFFFFFFFFFFFF25
S3150817A620FFFFFFFFFFFFFFFFFFFFFFFFFFFFFFFF15
S3150817A630FFFFFFFFFFFFFFFFFFFFFFFFFFFFFFFF05
S3150817A640FFFFFFFFFFFFFFFFFFFFFFFFFFFFFFFFF5
S3150817A650FFFFFFFFFFFFFFFFFFFFFFFFFFFFFFFFE5
S3150817A660FFFFFFFFFFFFFFFFFFFFFFFFFFFFFFFFD5
S3150817A670FFFFFFFFFFFFFFFFFFFFFFFFFFFFFFFFC5
S3150817A680FFFFFFFFFFFFFFFFFFFFFFFFFFFFFFFFB5
S3150817A690FFFFFFFFFFFFFFFFFFFFFFFFFFFFFFFFA5
S3150817A6A0FFFFFFFFFFFFFFFFFFFFFFFFFFFFFFFF95
S3150817A6B0FFFFFFFFFFFFFFFFFFFFFFFFFFFFFFFF85
S3150817A6C0FFFFFFFFFFFFFFFFFFFFFFFFFFFFFFFF75
S3150817A6D0FFFFFFFFFFFFFFFFFFFFFFFFFFFFFFFF65
S3150817A6E0FFFFFFFFFFFFFFFFFFFFFFFFFFFFFFFF55
S3150817A6F0FFFFFFFFFFFFFFFFFFFFFFFFFFFFFFFF45
S3150817A700FFFFFFFFFFFFFFFFFFFFFFFFFFFFFFFF34
S3150817A710FFFFFFFFFFFFFFFFFFFFFFFFFFFFFFFF24
S3150817A720FFFFFFFFFFFFFFFFFFFFFFFFFFFFFFFF14
S3150817A730FFFFFFFFFFFFFFFFFFFFFFFFFFFFFFFF04
S3150817A740FFFFFFFFFFFFFFFFFFFFFFFFFFFFFFFFF4
S3150817A750FFFFFFFFFFFFFFFFFFFFFFFFFFFFFFFFE4
S3150817A760FFFFFFFFFFFFFFFFFFFFFFFFFFFFFFFFD4
S3150817A770FFFFFFFFFFFFFFFFFFFFFFFFFFFFFFFFC4
S3150817A780FFFFFFFFFFFFFFFFFFFFFFFFFFFFFFFFB4
S3150817A790FFFFFFFFFFFFFFFFFFFFFFFFFFFFFFFFA4
S3150817A7A0FFFFFFFFFFFFFFFFFFFFFFFFFFFFFFFF94
S3150817A7B0FFFFFFFFFFFFFFFFFFFFFFFFFFFFFFFF84
S3150817A7C0FFFFFFFFFFFFFFFFFFFFFFFFFFFFFFFF74
S3150817A7D0FFFFFFFFFFFFFFFFFFFFFFFFFFFFFFFF64
S3150817A7E0FFFFFFFFFFFFFFFFFFFFFFFFFFFFFFFF54
S3150817A7F0FFFFFFFFFFFFFFFFFFFFFFFFFFFFFFFF44
S3150817A800FFFFFFFFFFFFFFFFFFFFFFFFFFFFFFFF33
S3150817A810FFFFFFFFFFFFFFFFFFFFFFFFFFFFFFFF23
S3150817A820FFFFFFFFFFFFFFFFFFFFFFFFFFFFFFFF13
S3150817A830FFFFFFFFFFFFFFFFFFFFFFFFFFFFFFFF03
S3150817A840FFFFFFFFFFFFFFFFFFFFFFFFFFFFFFFFF3
S3150817A850FFFFFFFFFFFFFFFFFFFFFFFFFFFFFFFFE3
S3150817A860FFFFFFFFFFFFFFFFFFFFFFFFFFFFFFFFD3
S3150817A870FFFFFFFFFFFFFFFFFFFFFFFFFFFFFFFFC3
S3150817A880FFFFFFFFFFFFFFFFFFFFFFFFFFFFFFFFB3
S3150817A890FFFFFFFFFFFFFFFFFFFFFFFFFFFFFFFFA3
S3150817A8A0FFFFFFFFFFFFFFFFFFFFFFFFFFFFFFFF93
S3150817A8B0FFFFFFFFFFFFFFFFFFFFFFFFFFFFFFFF83
S3150817A8C0FFFFFFFFFFFFFFFFFFFFFFFFFFFFFFFF73
S3150817A8D0FFFFFFFFFFFFFFFFFFFFFFFFFFFFFFFF63
S3150817A8E0FFFFFFFFFFFFFFFFFFFFFFFFFFFFFFFF53
S3150817A8F0FFFFFFFFFFFFFFFFFFFFFFFFFFFFFFFF43
S3150817A900FFFFFFFFFFFFFFFFFFFFFFFFFFFFFFFF32
S3150817A910FFFFFFFFFFFFFFFFFFFFFFFFFFFFFFFF22
S3150817A920FFFFFFFFFFFFFFFFFFFFFFFFFFFFFFFF12
S3150817A930FFFFFFFFFFFFFFFFFFFFFFFFFFFFFFFF02
S3150817A940FFFFFFFFFFFFFFFFFFFFFFFFFFFFFFFFF2
S3150817A950FFFFFFFFFFFFFFFFFFFFFFFFFFFFFFFFE2
S3150817A960FFFFFFFFFFFFFFFFFFFFFFFFFFFFFFFFD2
S3150817A970FFFFFFFFFFFFFFFFFFFFFFFFFFFFFFFFC2
S3150817A980FFFFFFFFFFFFFFFFFFFFFFFFFFFFFFFFB2
S3150817A990FFFFFFFFFFFFFFFFFFFFFFFFFFFFFFFFA2
S3150817A9A0FFFFFFFFFFFFFFFFFFFFFFFFFFFFFFFF92
S3150817A9B0FFFFFFFFFFFFFFFFFFFFFFFFFFFFFFFF82
S3150817A9C0FFFFFFFFFFFFFFFFFFFFFFFFFFFFFFFF72
S3150817A9D0FFFFFFFFFFFFFFFFFFFFFFFFFFFFFFFF62
S3150817A9E0FFFFFFFFFFFFFFFFFFFFFFFFFFFFFFFF52
S3150817A9F0FFFFFFFFFFFFFFFFFFFFFFFFFFFFFFFF42
S3150817AA00FFFFFFFFFFFFFFFFFFFFFFFFFFFFFFFF31
S3150817AA10FFFFFFFFFFFFFFFFFFFFFFFFFFFFFFFF21
S3150817AA20FFFFFFFFFFFFFFFFFFFFFFFFFFFFFFFF11
S3150817AA30FFFFFFFFFFFFFFFFFFFFFFFFFFFFFFFF01
S3150817AA40FFFFFFFFFFFFFFFFFFFFFFFFFFFFFFFFF1
S3150817AA50FFFFFFFFFFFFFFFFFFFFFFFFFFFFFFFFE1
S3150817AA60FFFFFFFFFFFFFFFFFFFFFFFFFFFFFFFFD1
S3150817AA70FFFFFFFFFFFFFFFFFFFFFFFFFFFFFFFFC1
S3150817AA80FFFFFFFFFFFFFFFFFFFFFFFFFFFFFFFFB1
S3150817AA90FFFFFFFFFFFFFFFFFFFFFFFFFFFFFFFFA1
S3150817AAA0FFFFFFFFFFFFFFFFFFFFFFFFFFFFFFFF91
S3150817AAB0FFFFFFFFFFFFFFFFFFFFFFFFFFFFFFFF81
S3150817AAC0FFFFFFFFFFFFFFFFFFFFFFFFFFFFFFFF71
S3150817AAD0FFFFFFFFFFFFFFFFFFFFFFFFFFFFFFFF61
S3150817AAE0FFFFFFFFFFFFFFFFFFFFFFFFFFFFFFFF51
S3150817AAF0FFFFFFFFFFFFFFFFFFFFFFFFFFFFFFFF41
S3150817AB00FFFFFFFFFFFFFFFFFFFFFFFFFFFFFFFF30
S3150817AB10FFFFFFFFFFFFFFFFFFFFFFFFFFFFFFFF20
S3150817AB20FFFFFFFFFFFFFFFFFFFFFFFFFFFFFFFF10
S3150817AB30FFFFFFFFFFFFFFFFFFFFFFFFFFFFFFFF00
S3150817AB40FFFFFFFFFFFFFFFFFFFFFFFFFFFFFFFFF0
S3150817AB50FFFFFFFFFFFFFFFFFFFFFFFFFFFFFFFFE0
S3150817AB60FFFFFFFFFFFFFFFFFFFFFFFFFFFFFFFFD0
S3150817AB70FFFFFFFFFFFFFFFFFFFFFFFFFFFFFFFFC0
S3150817AB80FFFFFFFFFFFFFFFFFFFFFFFFFFFFFFFFB0
S3150817AB90FFFFFFFFFFFFFFFFFFFFFFFFFFFFFFFFA0
S3150817ABA0FFFFFFFFFFFFFFFFFFFFFFFFFFFFFFFF90
S3150817ABB0FFFFFFFFFFFFFFFFFFFFFFFFFFFFFFFF80
S3150817ABC0FFFFFFFFFFFFFFFFFFFFFFFFFFFFFFFF70
S3150817ABD0FFFFFFFFFFFFFFFFFFFFFFFFFFFFFFFF60
S3150817ABE0FFFFFFFFFFFFFFFFFFFFFFFFFFFFFFFF50
S3150817ABF0FFFFFFFFFFFFFFFFFFFFFFFFFFFFFFFF40
S3150817AC00FFFFFFFFFFFFFFFFFFFFFFFFFFFFFFFF2F
S3150817AC10FFFFFFFFFFFFFFFFFFFFFFFFFFFFFFFF1F
S3150817AC20FFFFFFFFFFFFFFFFFFFFFFFFFFFFFFFF0F
S3150817AC30FFFFFFFFFFFFFFFFFFFFFFFFFFFFFFFFFF
S3150817AC40FFFFFFFFFFFFFFFFFFFFFFFFFFFFFFFFEF
S3150817AC50FFFFFFFFFFFFFFFFFFFFFFFFFFFFFFFFDF
S3150817AC60FFFFFFFFFFFFFFFFFFFFFFFFFFFFFFFFCF
S3150817AC70FFFFFFFFFFFFFFFFFFFFFFFFFFFFFFFFBF
S3150817AC80FFFFFFFFFFFFFFFFFFFFFFFFFFFFFFFFAF
S3150817AC90FFFFFFFFFFFFFFFFFFFFFFFFFFFFFFFF9F
S3150817ACA0FFFFFFFFFFFFFFFFFFFFFFFFFFFFFFFF8F
S3150817ACB0FFFFFFFFFFFFFFFFFFFFFFFFFFFFFFFF7F
S3150817ACC0FFFFFFFFFFFFFFFFFFFFFFFFFFFFFFFF6F
S3150817ACD0FFFFFFFFFFFFFFFFFFFFFFFFFFFFFFFF5F
S3150817ACE0FFFFFFFFFFFFFFFFFFFFFFFFFFFFFFFF4F
S3150817ACF0FFFFFFFFFFFFFFFFFFFFFFFFFFFFFFFF3F
S3150817AD00FFFFFFFFFFFFFFFFFFFFFFFFFFFFFFFF2E
S3150817AD10FFFFFFFFFFFFFFFFFFFFFFFFFFFFFFFF1E
S3150817AD20FFFFFFFFFFFFFFFFFFFFFFFFFFFFFFFF0E
S3150817AD30FFFFFFFFFFFFFFFFFFFFFFFFFFFFFFFFFE
S3150817AD40FFFFFFFFFFFFFFFFFFFFFFFFFFFFFFFFEE
S3150817AD50FFFFFFFFFFFFFFFFFFFFFFFFFFFFFFFFDE
S3150817AD60FFFFFFFFFFFFFFFFFFFFFFFFFFFFFFFFCE
S3150817AD70FFFFFFFFFFFFFFFFFFFFFFFFFFFFFFFFBE
S3150817AD80FFFFFFFFFFFFFFFFFFFFFFFFFFFFFFFFAE
S3150817AD90FFFFFFFFFFFFFFFFFFFFFFFFFFFFFFFF9E
S3150817ADA0FFFFFFFFFFFFFFFFFFFFFFFFFFFFFFFF8E
S3150817ADB0FFFFFFFFFFFFFFFFFFFFFFFFFFFFFFFF7E
S3150817ADC0FFFFFFFFFFFFFFFFFFFFFFFFFFFFFFFF6E
S3150817ADD0FFFFFFFFFFFFFFFFFFFFFFFFFFFFFFFF5E
S3150817ADE0FFFFFFFFFFFFFFFFFFFFFFFFFFFFFFFF4E
S3150817ADF0FFFFFFFFFFFFFFFFFFFFFFFFFFFFFFFF3E
S3150817AE00FFFFFFFFFFFFFFFFFFFFFFFFFFFFFFFF2D
S3150817AE10FFFFFFFFFFFFFFFFFFFFFFFFFFFFFFFF1D
S3150817AE20FFFFFFFFFFFFFFFFFFFFFFFFFFFFFFFF0D
S3150817AE30FFFFFFFFFFFFFFFFFFFFFFFFFFFFFFFFFD
S3150817AE40FFFFFFFFFFFFFFFFFFFFFFFFFFFFFFFFED
S3150817AE50FFFFFFFFFFFFFFFFFFFFFFFFFFFFFFFFDD
S3150817AE60FFFFFFFFFFFFFFFFFFFFFFFFFFFFFFFFCD
S3150817AE70FFFFFFFFFFFFFFFFFFFFFFFFFFFFFFFFBD
S3150817AE80FFFFFFFFFFFFFFFFFFFFFFFFFFFFFFFFAD
S3150817AE90FFFFFFFFFFFFFFFFFFFFFFFFFFFFFFFF9D
S3150817AEA0FFFFFFFFFFFFFFFFFFFFFFFFFFFFFFFF8D
S3150817AEB0FFFFFFFFFFFFFFFFFFFFFFFFFFFFFFFF7D
S3150817AEC0FFFFFFFFFFFFFFFFFFFFFFFFFFFFFFFF6D
S3150817AED0FFFFFFFFFFFFFFFFFFFFFFFFFFFFFFFF5D
S3150817AEE0FFFFFFFFFFFFFFFFFFFFFFFFFFFFFFFF4D
S3150817AEF0FFFFFFFFFFFFFFFFFFFFFFFFFFFFFFFF3D
S3150817AF00FFFFFFFFFFFFFFFFFFFFFFFFFFFFFFFF2C
S3150817AF10FFFFFFFFFFFFFFFFFFFFFFFFFFFFFFFF1C
S3150817AF20FFFFFFFFFFFFFFFFFFFFFFFFFFFFFFFF0C
S3150817AF30FFFFFFFFFFFFFFFFFFFFFFFFFFFFFFFFFC
S3150817AF40FFFFFFFFFFFFFFFFFFFFFFFFFFFFFFFFEC
S3150817AF50FFFFFFFFFFFFFFFFFFFFFFFFFFFFFFFFDC
S3150817AF60FFFFFFFFFFFFFFFFFFFFFFFFFFFFFFFFCC
S3150817AF70FFFFFFFFFFFFFFFFFFFFFFFFFFFFFFFFBC
S3150817AF80FFFFFFFFFFFFFFFFFFFFFFFFFFFFFFFFAC
S3150817AF90FFFFFFFFFFFFFFFFFFFFFFFFFFFFFFFF9C
S3150817AFA0FFFFFFFFFFFFFFFFFFFFFFFFFFFFFFFF8C
S3150817AFB0FFFFFFFFFFFFFFFFFFFFFFFFFFFFFFFF7C
S3150817AFC0FFFFFFFFFFFFFFFFFFFFFFFFFFFFFFFF6C
S3150817AFD0FFFFFFFFFFFFFFFFFFFFFFFFFFFFFFFF5C
S3150817AFE0FFFFFFFFFFFFFFFFFFFFFFFFFFFFFFFF4C
S3150817AFF0FFFFFFFFFFFFFFFFFFFFFFFFFFFFFFFF3C
S3150817B000FFFFFFFFFFFFFFFFFFFFFFFFFFFFFFFF2B
S3150817B010FFFFFFFFFFFFFFFFFFFFFFFFFFFFFFFF1B
S3150817B020FFFFFFFFFFFFFFFFFFFFFFFFFFFFFFFF0B
S3150817B030FFFFFFFFFFFFFFFFFFFFFFFFFFFFFFFFFB
S3150817B040FFFFFFFFFFFFFFFFFFFFFFFFFFFFFFFFEB
S3150817B050FFFFFFFFFFFFFFFFFFFFFFFFFFFFFFFFDB
S3150817B060FFFFFFFFFFFFFFFFFFFFFFFFFFFFFFFFCB
S3150817B070FFFFFFFFFFFFFFFFFFFFFFFFFFFFFFFFBB
S3150817B080FFFFFFFFFFFFFFFFFFFFFFFFFFFFFFFFAB
S3150817B090FFFFFFFFFFFFFFFFFFFFFFFFFFFFFFFF9B
S3150817B0A0FFFFFFFFFFFFFFFFFFFFFFFFFFFFFFFF8B
S3150817B0B0FFFFFFFFFFFFFFFFFFFFFFFFFFFFFFFF7B
S3150817B0C0FFFFFFFFFFFFFFFFFFFFFFFFFFFFFFFF6B
S3150817B0D0FFFFFFFFFFFFFFFFFFFFFFFFFFFFFFFF5B
S3150817B0E0FFFFFFFFFFFFFFFFFFFFFFFFFFFFFFFF4B
S3150817B0F0FFFFFFFFFFFFFFFFFFFFFFFFFFFFFFFF3B
S3150817B100FFFFFFFFFFFFFFFFFFFFFFFFFFFFFFFF2A
S3150817B110FFFFFFFFFFFFFFFFFFFFFFFFFFFFFFFF1A
S3150817B120FFFFFFFFFFFFFFFFFFFFFFFFFFFFFFFF0A
S3150817B130FFFFFFFFFFFFFFFFFFFFFFFFFFFFFFFFFA
S3150817B140FFFFFFFFFFFFFFFFFFFFFFFFFFFFFFFFEA
S3150817B150FFFFFFFFFFFFFFFFFFFFFFFFFFFFFFFFDA
S3150817B160FFFFFFFFFFFFFFFFFFFFFFFFFFFFFFFFCA
S3150817B170FFFFFFFFFFFFFFFFFFFFFFFFFFFFFFFFBA
S3150817B180FFFFFFFFFFFFFFFFFFFFFFFFFFFFFFFFAA
S3150817B190FFFFFFFFFFFFFFFFFFFFFFFFFFFFFFFF9A
S3150817B1A0FFFFFFFFFFFFFFFFFFFFFFFFFFFFFFFF8A
S3150817B1B0FFFFFFFFFFFFFFFFFFFFFFFFFFFFFFFF7A
S3150817B1C0FFFFFFFFFFFFFFFFFFFFFFFFFFFFFFFF6A
S3150817B1D0FFFFFFFFFFFFFFFFFFFFFFFFFFFFFFFF5A
S3150817B1E0FFFFFFFFFFFFFFFFFFFFFFFFFFFFFFFF4A
S3150817B1F0FFFFFFFFFFFFFFFFFFFFFFFFFFFFFFFF3A
S3150817B200FFFFFFFFFFFFFFFFFFFFFFFFFFFFFFFF29
S3150817B210FFFFFFFFFFFFFFFFFFFFFFFFFFFFFFFF19
S3150817B220FFFFFFFFFFFFFFFFFFFFFFFFFFFFFFFF09
S3150817B230FFFFFFFFFFFFFFFFFFFFFFFFFFFFFFFFF9
S3150817B240FFFFFFFFFFFFFFFFFFFFFFFFFFFFFFFFE9
S3150817B250FFFFFFFFFFFFFFFFFFFFFFFFFFFFFFFFD9
S3150817B260FFFFFFFFFFFFFFFFFFFFFFFFFFFFFFFFC9
S3150817B270FFFFFFFFFFFFFFFFFFFFFFFFFFFFFFFFB9
S3150817B280FFFFFFFFFFFFFFFFFFFFFFFFFFFFFFFFA9
S3150817B290FFFFFFFFFFFFFFFFFFFFFFFFFFFFFFFF99
S3150817B2A0FFFFFFFFFFFFFFFFFFFFFFFFFFFFFFFF89
S3150817B2B0FFFFFFFFFFFFFFFFFFFFFFFFFFFFFFFF79
S3150817B2C0FFFFFFFFFFFFFFFFFFFFFFFFFFFFFFFF69
S3150817B2D0FFFFFFFFFFFFFFFFFFFFFFFFFFFFFFFF59
S3150817B2E0FFFFFFFFFFFFFFFFFFFFFFFFFFFFFFFF49
S3150817B2F0FFFFFFFFFFFFFFFFFFFFFFFFFFFFFFFF39
S3150817B300FFFFFFFFFFFFFFFFFFFFFFFFFFFFFFFF28
S3150817B310FFFFFFFFFFFFFFFFFFFFFFFFFFFFFFFF18
S3150817B320FFFFFFFFFFFFFFFFFFFFFFFFFFFFFFFF08
S3150817B330FFFFFFFFFFFFFFFFFFFFFFFFFFFFFFFFF8
S3150817B340FFFFFFFFFFFFFFFFFFFFFFFFFFFFFFFFE8
S3150817B350FFFFFFFFFFFFFFFFFFFFFFFFFFFFFFFFD8
S3150817B360FFFFFFFFFFFFFFFFFFFFFFFFFFFFFFFFC8
S3150817B370FFFFFFFFFFFFFFFFFFFFFFFFFFFFFFFFB8
S3150817B380FFFFFFFFFFFFFFFFFFFFFFFFFFFFFFFFA8
S3150817B390FFFFFFFFFFFFFFFFFFFFFFFFFFFFFFFF98
S3150817B3A0FFFFFFFFFFFFFFFFFFFFFFFFFFFFFFFF88
S3150817B3B0FFFFFFFFFFFFFFFFFFFFFFFFFFFFFFFF78
S3150817B3C0FFFFFFFFFFFFFFFFFFFFFFFFFFFFFFFF68
S3150817B3D0FFFFFFFFFFFFFFFFFFFFFFFFFFFFFFFF58
S3150817B3E0FFFFFFFFFFFFFFFFFFFFFFFFFFFFFFFF48
S3150817B3F0FFFFFFFFFFFFFFFFFFFFFFFFFFFFFFFF38
S3150817B400FFFFFFFFFFFFFFFFFFFFFFFFFFFFFFFF27
S3150817B410FFFFFFFFFFFFFFFFFFFFFFFFFFFFFFFF17
S3150817B420FFFFFFFFFFFFFFFFFFFFFFFFFFFFFFFF07
S3150817B430FFFFFFFFFFFFFFFFFFFFFFFFFFFFFFFFF7
S3150817B440FFFFFFFFFFFFFFFFFFFFFFFFFFFFFFFFE7
S3150817B450FFFFFFFFFFFFFFFFFFFFFFFFFFFFFFFFD7
S3150817B460FFFFFFFFFFFFFFFFFFFFFFFFFFFFFFFFC7
S3150817B470FFFFFFFFFFFFFFFFFFFFFFFFFFFFFFFFB7
S3150817B480FFFFFFFFFFFFFFFFFFFFFFFFFFFFFFFFA7
S3150817B490FFFFFFFFFFFFFFFFFFFFFFFFFFFFFFFF97
S3150817B4A0FFFFFFFFFFFFFFFFFFFFFFFFFFFFFFFF87
S3150817B4B0FFFFFFFFFFFFFFFFFFFFFFFFFFFFFFFF77
S3150817B4C0FFFFFFFFFFFFFFFFFFFFFFFFFFFFFFFF67
S3150817B4D0FFFFFFFFFFFFFFFFFFFFFFFFFFFFFFFF57
S3150817B4E0FFFFFFFFFFFFFFFFFFFFFFFFFFFFFFFF47
S3150817B4F0FFFFFFFFFFFFFFFFFFFFFFFFFFFFFFFF37
S3150817B500FFFFFFFFFFFFFFFFFFFFFFFFFFFFFFFF26
S3150817B510FFFFFFFFFFFFFFFFFFFFFFFFFFFFFFFF16
S3150817B520FFFFFFFFFFFFFFFFFFFFFFFFFFFFFFFF06
S3150817B530FFFFFFFFFFFFFFFFFFFFFFFFFFFFFFFFF6
S3150817B540FFFFFFFFFFFFFFFFFFFFFFFFFFFFFFFFE6
S3150817B550FFFFFFFFFFFFFFFFFFFFFFFFFFFFFFFFD6
S3150817B560FFFFFFFFFFFFFFFFFFFFFFFFFFFFFFFFC6
S3150817B570FFFFFFFFFFFFFFFFFFFFFFFFFFFFFFFFB6
S3150817B580FFFFFFFFFFFFFFFFFFFFFFFFFFFFFFFFA6
S3150817B590FFFFFFFFFFFFFFFFFFFFFFFFFFFFFFFF96
S3150817B5A0FFFFFFFFFFFFFFFFFFFFFFFFFFFFFFFF86
S3150817B5B0FFFFFFFFFFFFFFFFFFFFFFFFFFFFFFFF76
S3150817B5C0FFFFFFFFFFFFFFFFFFFFFFFFFFFFFFFF66
S3150817B5D0FFFFFFFFFFFFFFFFFFFFFFFFFFFFFFFF56
S3150817B5E0FFFFFFFFFFFFFFFFFFFFFFFFFFFFFFFF46
S3150817B5F0FFFFFFFFFFFFFFFFFFFFFFFFFFFFFFFF36
S3150817B600FFFFFFFFFFFFFFFFFFFFFFFFFFFFFFFF25
S3150817B610FFFFFFFFFFFFFFFFFFFFFFFFFFFFFFFF15
S3150817B620FFFFFFFFFFFFFFFFFFFFFFFFFFFFFFFF05
S3150817B630FFFFFFFFFFFFFFFFFFFFFFFFFFFFFFFFF5
S3150817B640FFFFFFFFFFFFFFFFFFFFFFFFFFFFFFFFE5
S3150817B650FFFFFFFFFFFFFFFFFFFFFFFFFFFFFFFFD5
S3150817B660FFFFFFFFFFFFFFFFFFFFFFFFFFFFFFFFC5
S3150817B670FFFFFFFFFFFFFFFFFFFFFFFFFFFFFFFFB5
S3150817B680FFFFFFFFFFFFFFFFFFFFFFFFFFFFFFFFA5
S3150817B690FFFFFFFFFFFFFFFFFFFFFFFFFFFFFFFF95
S3150817B6A0FFFFFFFFFFFFFFFFFFFFFFFFFFFFFFFF85
S3150817B6B0FFFFFFFFFFFFFFFFFFFFFFFFFFFFFFFF75
S3150817B6C0FFFFFFFFFFFFFFFFFFFFFFFFFFFFFFFF65
S3150817B6D0FFFFFFFFFFFFFFFFFFFFFFFFFFFFFFFF55
S3150817B6E0FFFFFFFFFFFFFFFFFFFFFFFFFFFFFFFF45
S3150817B6F0FFFFFFFFFFFFFFFFFFFFFFFFFFFFFFFF35
S3150817B700FFFFFFFFFFFFFFFFFFFFFFFFFFFFFFFF24
S3150817B710FFFFFFFFFFFFFFFFFFFFFFFFFFFFFFFF14
S3150817B720FFFFFFFFFFFFFFFFFFFFFFFFFFFFFFFF04
S3150817B730FFFFFFFFFFFFFFFFFFFFFFFFFFFFFFFFF4
S3150817B740FFFFFFFFFFFFFFFFFFFFFFFFFFFFFFFFE4
S3150817B750FFFFFFFFFFFFFFFFFFFFFFFFFFFFFFFFD4
S3150817B760FFFFFFFFFFFFFFFFFFFFFFFFFFFFFFFFC4
S3150817B770FFFFFFFFFFFFFFFFFFFFFFFFFFFFFFFFB4
S3150817B780FFFFFFFFFFFFFFFFFFFFFFFFFFFFFFFFA4
S3150817B790FFFFFFFFFFFFFFFFFFFFFFFFFFFFFFFF94
S3150817B7A0FFFFFFFFFFFFFFFFFFFFFFFFFFFFFFFF84
S3150817B7B0FFFFFFFFFFFFFFFFFFFFFFFFFFFFFFFF74
S3150817B7C0FFFFFFFFFFFFFFFFFFFFFFFFFFFFFFFF64
S3150817B7D0FFFFFFFFFFFFFFFFFFFFFFFFFFFFFFFF54
S3150817B7E0FFFFFFFFFFFFFFFFFFFFFFFFFFFFFFFF44
S3150817B7F0FFFFFFFFFFFFFFFFFFFFFFFFFFFFFFFF34
S3150817B800FFFFFFFFFFFFFFFFFFFFFFFFFFFFFFFF23
S3150817B810FFFFFFFFFFFFFFFFFFFFFFFFFFFFFFFF13
S3150817B820FFFFFFFFFFFFFFFFFFFFFFFFFFFFFFFF03
S3150817B830FFFFFFFFFFFFFFFFFFFFFFFFFFFFFFFFF3
S3150817B840FFFFFFFFFFFFFFFFFFFFFFFFFFFFFFFFE3
S3150817B850FFFFFFFFFFFFFFFFFFFFFFFFFFFFFFFFD3
S3150817B860FFFFFFFFFFFFFFFFFFFFFFFFFFFFFFFFC3
S3150817B870FFFFFFFFFFFFFFFFFFFFFFFFFFFFFFFFB3
S3150817B880FFFFFFFFFFFFFFFFFFFFFFFFFFFFFFFFA3
S3150817B890FFFFFFFFFFFFFFFFFFFFFFFFFFFFFFFF93
S3150817B8A0FFFFFFFFFFFFFFFFFFFFFFFFFFFFFFFF83
S3150817B8B0FFFFFFFFFFFFFFFFFFFFFFFFFFFFFFFF73
S3150817B8C0FFFFFFFFFFFFFFFFFFFFFFFFFFFFFFFF63
S3150817B8D0FFFFFFFFFFFFFFFFFFFFFFFFFFFFFFFF53
S3150817B8E0FFFFFFFFFFFFFFFFFFFFFFFFFFFFFFFF43
S3150817B8F0FFFFFFFFFFFFFFFFFFFFFFFFFFFFFFFF33
S3150817B900FFFFFFFFFFFFFFFFFFFFFFFFFFFFFFFF22
S3150817B910FFFFFFFFFFFFFFFFFFFFFFFFFFFFFFFF12
S3150817B920FFFFFFFFFFFFFFFFFFFFFFFFFFFFFFFF02
S3150817B930FFFFFFFFFFFFFFFFFFFFFFFFFFFFFFFFF2
S3150817B940FFFFFFFFFFFFFFFFFFFFFFFFFFFFFFFFE2
S3150817B950FFFFFFFFFFFFFFFFFFFFFFFFFFFFFFFFD2
S3150817B960FFFFFFFFFFFFFFFFFFFFFFFFFFFFFFFFC2
S3150817B970FFFFFFFFFFFFFFFFFFFFFFFFFFFFFFFFB2
S3150817B980FFFFFFFFFFFFFFFFFFFFFFFFFFFFFFFFA2
S3150817B990FFFFFFFFFFFFFFFFFFFFFFFFFFFFFFFF92
S3150817B9A0FFFFFFFFFFFFFFFFFFFFFFFFFFFFFFFF82
S3150817B9B0FFFFFFFFFFFFFFFFFFFFFFFFFFFFFFFF72
S3150817B9C0FFFFFFFFFFFFFFFFFFFFFFFFFFFFFFFF62
S3150817B9D0FFFFFFFFFFFFFFFFFFFFFFFFFFFFFFFF52
S3150817B9E0FFFFFFFFFFFFFFFFFFFFFFFFFFFFFFFF42
S3150817B9F0FFFFFFFFFFFFFFFFFFFFFFFFFFFFFFFF32
S3150817BA00FFFFFFFFFFFFFFFFFFFFFFFFFFFFFFFF21
S3150817BA10FFFFFFFFFFFFFFFFFFFFFFFFFFFFFFFF11
S3150817BA20FFFFFFFFFFFFFFFFFFFFFFFFFFFFFFFF01
S3150817BA30FFFFFFFFFFFFFFFFFFFFFFFFFFFFFFFFF1
S3150817BA40FFFFFFFFFFFFFFFFFFFFFFFFFFFFFFFFE1
S3150817BA50FFFFFFFFFFFFFFFFFFFFFFFFFFFFFFFFD1
S3150817BA60FFFFFFFFFFFFFFFFFFFFFFFFFFFFFFFFC1
S3150817BA70FFFFFFFFFFFFFFFFFFFFFFFFFFFFFFFFB1
S3150817BA80FFFFFFFFFFFFFFFFFFFFFFFFFFFFFFFFA1
S3150817BA90FFFFFFFFFFFFFFFFFFFFFFFFFFFFFFFF91
S3150817BAA0FFFFFFFFFFFFFFFFFFFFFFFFFFFFFFFF81
S3150817BAB0FFFFFFFFFFFFFFFFFFFFFFFFFFFFFFFF71
S3150817BAC0FFFFFFFFFFFFFFFFFFFFFFFFFFFFFFFF61
S3150817BAD0FFFFFFFFFFFFFFFFFFFFFFFFFFFFFFFF51
S3150817BAE0FFFFFFFFFFFFFFFFFFFFFFFFFFFFFFFF41
S3150817BAF0FFFFFFFFFFFFFFFFFFFFFFFFFFFFFFFF31
S3150817BB00FFFFFFFFFFFFFFFFFFFFFFFFFFFFFFFF20
S3150817BB10FFFFFFFFFFFFFFFFFFFFFFFFFFFFFFFF10
S3150817BB20FFFFFFFFFFFFFFFFFFFFFFFFFFFFFFFF00
S3150817BB30FFFFFFFFFFFFFFFFFFFFFFFFFFFFFFFFF0
S3150817BB40FFFFFFFFFFFFFFFFFFFFFFFFFFFFFFFFE0
S3150817BB50FFFFFFFFFFFFFFFFFFFFFFFFFFFFFFFFD0
S3150817BB60FFFFFFFFFFFFFFFFFFFFFFFFFFFFFFFFC0
S3150817BB70FFFFFFFFFFFFFFFFFFFFFFFFFFFFFFFFB0
S3150817BB80FFFFFFFFFFFFFFFFFFFFFFFFFFFFFFFFA0
S3150817BB90FFFFFFFFFFFFFFFFFFFFFFFFFFFFFFFF90
S3150817BBA0FFFFFFFFFFFFFFFFFFFFFFFFFFFFFFFF80
S3150817BBB0FFFFFFFFFFFFFFFFFFFFFFFFFFFFFFFF70
S3150817BBC0FFFFFFFFFFFFFFFFFFFFFFFFFFFFFFFF60
S3150817BBD0FFFFFFFFFFFFFFFFFFFFFFFFFFFFFFFF50
S3150817BBE0FFFFFFFFFFFFFFFFFFFFFFFFFFFFFFFF40
S3150817BBF0FFFFFFFFFFFFFFFFFFFFFFFFFFFFFFFF30
S3150817BC00FFFFFFFFFFFFFFFFFFFFFFFFFFFFFFFF1F
S3150817BC10FFFFFFFFFFFFFFFFFFFFFFFFFFFFFFFF0F
S3150817BC20FFFFFFFFFFFFFFFFFFFFFFFFFFFFFFFFFF
S3150817BC30FFFFFFFFFFFFFFFFFFFFFFFFFFFFFFFFEF
S3150817BC40FFFFFFFFFFFFFFFFFFFFFFFFFFFFFFFFDF
S3150817BC50FFFFFFFFFFFFFFFFFFFFFFFFFFFFFFFFCF
S3150817BC60FFFFFFFFFFFFFFFFFFFFFFFFFFFFFFFFBF
S3150817BC70FFFFFFFFFFFFFFFFFFFFFFFFFFFFFFFFAF
S3150817BC80FFFFFFFFFFFFFFFFFFFFFFFFFFFFFFFF9F
S3150817BC90FFFFFFFFFFFFFFFFFFFFFFFFFFFFFFFF8F
S3150817BCA0FFFFFFFFFFFFFFFFFFFFFFFFFFFFFFFF7F
S3150817BCB0FFFFFFFFFFFFFFFFFFFFFFFFFFFFFFFF6F
S3150817BCC0FFFFFFFFFFFFFFFFFFFFFFFFFFFFFFFF5F
S3150817BCD0FFFFFFFFFFFFFFFFFFFFFFFFFFFFFFFF4F
S3150817BCE0FFFFFFFFFFFFFFFFFFFFFFFFFFFFFFFF3F
S3150817BCF0FFFFFFFFFFFFFFFFFFFFFFFFFFFFFFFF2F
S3150817BD00FFFFFFFFFFFFFFFFFFFFFFFFFFFFFFFF1E
S3150817BD10FFFFFFFFFFFFFFFFFFFFFFFFFFFFFFFF0E
S3150817BD20FFFFFFFFFFFFFFFFFFFFFFFFFFFFFFFFFE
S3150817BD30FFFFFFFFFFFFFFFFFFFFFFFFFFFFFFFFEE
S3150817BD40FFFFFFFFFFFFFFFFFFFFFFFFFFFFFFFFDE
S3150817BD50FFFFFFFFFFFFFFFFFFFFFFFFFFFFFFFFCE
S3150817BD60FFFFFFFFFFFFFFFFFFFFFFFFFFFFFFFFBE
S3150817BD70FFFFFFFFFFFFFFFFFFFFFFFFFFFFFFFFAE
S3150817BD80FFFFFFFFFFFFFFFFFFFFFFFFFFFFFFFF9E
S3150817BD90FFFFFFFFFFFFFFFFFFFFFFFFFFFFFFFF8E
S3150817BDA0FFFFFFFFFFFFFFFFFFFFFFFFFFFFFFFF7E
S3150817BDB0FFFFFFFFFFFFFFFFFFFFFFFFFFFFFFFF6E
S3150817BDC0FFFFFFFFFFFFFFFFFFFFFFFFFFFFFFFF5E
S3150817BDD0FFFFFFFFFFFFFFFFFFFFFFFFFFFFFFFF4E
S3150817BDE0FFFFFFFFFFFFFFFFFFFFFFFFFFFFFFFF3E
S3150817BDF0FFFFFFFFFFFFFFFFFFFFFFFFFFFFFFFF2E
S3150817BE00FFFFFFFFFFFFFFFFFFFFFFFFFFFFFFFF1D
S3150817BE10FFFFFFFFFFFFFFFFFFFFFFFFFFFFFFFF0D
S3150817BE20FFFFFFFFFFFFFFFFFFFFFFFFFFFFFFFFFD
S3150817BE30FFFFFFFFFFFFFFFFFFFFFFFFFFFFFFFFED
S3150817BE40FFFFFFFFFFFFFFFFFFFFFFFFFFFFFFFFDD
S3150817BE50FFFFFFFFFFFFFFFFFFFFFFFFFFFFFFFFCD
S3150817BE60FFFFFFFFFFFFFFFFFFFFFFFFFFFFFFFFBD
S3150817BE70FFFFFFFFFFFFFFFFFFFFFFFFFFFFFFFFAD
S3150817BE80FFFFFFFFFFFFFFFFFFFFFFFFFFFFFFFF9D
S3150817BE90FFFFFFFFFFFFFFFFFFFFFFFFFFFFFFFF8D
S3150817BEA0FFFFFFFFFFFFFFFFFFFFFFFFFFFFFFFF7D
S3150817BEB0FFFFFFFFFFFFFFFFFFFFFFFFFFFFFFFF6D
S3150817BEC0FFFFFFFFFFFFFFFFFFFFFFFFFFFFFFFF5D
S3150817BED0FFFFFFFFFFFFFFFFFFFFFFFFFFFFFFFF4D
S3150817BEE0FFFFFFFFFFFFFFFFFFFFFFFFFFFFFFFF3D
S3150817BEF0FFFFFFFFFFFFFFFFFFFFFFFFFFFFFFFF2D
S3150817BF00FFFFFFFFFFFFFFFFFFFFFFFFFFFFFFFF1C
S3150817BF10FFFFFFFFFFFFFFFFFFFFFFFFFFFFFFFF0C
S3150817BF20FFFFFFFFFFFFFFFFFFFFFFFFFFFFFFFFFC
S3150817BF30FFFFFFFFFFFFFFFFFFFFFFFFFFFFFFFFEC
S3150817BF40FFFFFFFFFFFFFFFFFFFFFFFFFFFFFFFFDC
S3150817BF50FFFFFFFFFFFFFFFFFFFFFFFFFFFFFFFFCC
S3150817BF60FFFFFFFFFFFFFFFFFFFFFFFFFFFFFFFFBC
S3150817BF70FFFFFFFFFFFFFFFFFFFFFFFFFFFFFFFFAC
S3150817BF80FFFFFFFFFFFFFFFFFFFFFFFFFFFFFFFF9C
S3150817BF90FFFFFFFFFFFFFFFFFFFFFFFFFFFFFFFF8C
S3150817BFA0FFFFFFFFFFFFFFFFFFFFFFFFFFFFFFFF7C
S3150817BFB0FFFFFFFFFFFFFFFFFFFFFFFFFFFFFFFF6C
S3150817BFC0FFFFFFFFFFFFFFFFFFFFFFFFFFFFFFFF5C
S3150817BFD0FFFFFFFFFFFFFFFFFFFFFFFFFFFFFFFF4C
S3150817BFE0FFFFFFFFFFFFFFFFFFFFFFFFFFFFFFFF3C
S3150817BFF0FFFFFFFFFFFFFFFFFFFFFFFFFFFFFFFF2C
S3150817C00001009AB2010000D0FEFFFF0FFFFFFFFFE6
S3150817C0103C90FFFFFFFFFFFFFFFFFFFFFFFFFFFF3D
S3150817C020FFFFFFFFFFFFFFFFFFFFFFFFFFFFFFFFFB
S3150817C030FFFFFFFFFFFFFFFFFFFFFFFFFFFFFFFFEB
S3150817C040FFFFFFFFFFFFFFFFFFFFFFFFFFFFFFFFDB
S3150817C050FFFFFFFFFFFFFFFFFFFFFFFFFFFFFFFFCB
S3150817C060FFFFFFFFFFFFFFFFFFFFFFFFFFFFFFFFBB
S3150817C070FFFFFFFFFFFFFFFFFFFFFFFFFFFFFFFFAB
S3150817C080FFFFFFFFFFFFFFFFFFFFFFFFFFFFFFFF9B
S3150817C090FFFFFFFFFFFFFFFFFFFFFFFFFFFFFFFF8B
S3150817C0A0FFFFFFFFFFFFFFFFFFFFFFFFFFFFFFFF7B
S3150817C0B0FFFFFFFFFFFFFFFFFFFFFFFFFFFFFFFF6B
S3150817C0C0FFFFFFFFFFFFFFFFFFFFFFFFFFFFFFFF5B
S3150817C0D0FFFFFFFFFFFFFFFFFFFFFFFFFFFFFFFF4B
S3150817C0E0FFFFFFFFFFFFFFFFFFFFFFFFFFFFFFFF3B
S3150817C0F0FFFFFFFFFFFFFFFFFFFFFFFFFFFFFFFF2B
S3150817C100FFFFFFFFFFFFFFFFFFFFFFFFFFFFFFFF1A
S3150817C110FFFFFFFFFFFFFFFFFFFFFFFFFFFFFFFF0A
S3150817C120FFFFFFFFFFFFFFFFFFFFFFFFFFFFFFFFFA
S3150817C130FFFFFFFFFFFFFFFFFFFFFFFFFFFFFFFFEA
S3150817C140FFFFFFFFFFFFFFFFFFFFFFFFFFFFFFFFDA
S3150817C150FFFFFFFFFFFFFFFFFFFFFFFFFFFFFFFFCA
S3150817C160FFFFFFFFFFFFFFFFFFFFFFFFFFFFFFFFBA
S3150817C170FFFFFFFFFFFFFFFFFFFFFFFFFFFFFFFFAA
S3150817C180FFFFFFFFFFFFFFFFFFFFFFFFFFFFFFFF9A
S3150817C190FFFFFFFFFFFFFFFFFFFFFFFFFFFFFFFF8A
S3150817C1A0FFFFFFFFFFFFFFFFFFFFFFFFFFFFFFFF7A
S3150817C1B0FFFFFFFFFFFFFFFFFFFFFFFFFFFFFFFF6A
S3150817C1C0FFFFFFFFFFFFFFFFFFFFFFFFFFFFFFFF5A
S3150817C1D0FFFFFFFFFFFFFFFFFFFFFFFFFFFFFFFF4A
S3150817C1E0FFFFFFFFFFFFFFFFFFFFFFFFFFFFFFFF3A
S3150817C1F0FFFFFFFFFFFFFFFFFFFFFFFFFFFFFFFF2A
S3150817C200FFFFFFFFFFFFFFFFFFFFFFFFFFFFFFFF19
S3150817C210FFFFFFFFFFFFFFFFFFFFFFFFFFFFFFFF09
S3150817C220FFFFFFFFFFFFFFFFFFFFFFFFFFFFFFFFF9
S3150817C230FFFFFFFFFFFFFFFFFFFFFFFFFFFFFFFFE9
S3150817C240FFFFFFFFFFFFFFFFFFFFFFFFFFFFFFFFD9
S3150817C250FFFFFFFFFFFFFFFFFFFFFFFFFFFFFFFFC9
S3150817C260FFFFFFFFFFFFFFFFFFFFFFFFFFFFFFFFB9
S3150817C270FFFFFFFFFFFFFFFFFFFFFFFFFFFFFFFFA9
S3150817C280FFFFFFFFFFFFFFFFFFFFFFFFFFFFFFFF99
S3150817C290FFFFFFFFFFFFFFFFFFFFFFFFFFFFFFFF89
S3150817C2A0FFFFFFFFFFFFFFFFFFFFFFFFFFFFFFFF79
S3150817C2B0FFFFFFFFFFFFFFFFFFFFFFFFFFFFFFFF69
S3150817C2C0FFFFFFFFFFFFFFFFFFFFFFFFFFFFFFFF59
S3150817C2D0FFFFFFFFFFFFFFFFFFFFFFFFFFFFFFFF49
S3150817C2E0FFFFFFFFFFFFFFFFFFFFFFFFFFFFFFFF39
S3150817C2F0FFFFFFFFFFFFFFFFFFFFFFFFFFFFFFFF29
S3150817C300FFFFFFFFFFFFFFFFFFFFFFFFFFFFFFFF18
S3150817C310FFFFFFFFFFFFFFFFFFFFFFFFFFFFFFFF08
S3150817C320FFFFFFFFFFFFFFFFFFFFFFFFFFFFFFFFF8
S3150817C330FFFFFFFFFFFFFFFFFFFFFFFFFFFFFFFFE8
S3150817C340FFFFFFFFFFFFFFFFFFFFFFFFFFFFFFFFD8
S3150817C350FFFFFFFFFFFFFFFFFFFFFFFFFFFFFFFFC8
S3150817C360FFFFFFFFFFFFFFFFFFFFFFFFFFFFFFFFB8
S3150817C370FFFFFFFFFFFFFFFFFFFFFFFFFFFFFFFFA8
S3150817C380FFFFFFFFFFFFFFFFFFFFFFFFFFFFFFFF98
S3150817C390FFFFFFFFFFFFFFFFFFFFFFFFFFFFFFFF88
S3150817C3A0FFFFFFFFFFFFFFFFFFFFFFFFFFFFFFFF78
S3150817C3B0FFFFFFFFFFFFFFFFFFFFFFFFFFFFFFFF68
S3150817C3C0FFFFFFFFFFFFFFFFFFFFFFFFFFFFFFFF58
S3150817C3D0FFFFFFFFFFFFFFFFFFFFFFFFFFFFFFFF48
S3150817C3E0FFFFFFFFFFFFFFFFFFFFFFFFFFFFFFFF38
S3150817C3F0FFFFFFFFFFFFFFFFFFFFFFFFFFFFFFFF28
S3150817C400FFFFFFFFFFFFFFFFFFFFFFFFFFFFFFFF17
S3150817C410FFFFFFFFFFFFFFFFFFFFFFFFFFFFFFFF07
S3150817C420FFFFFFFFFFFFFFFFFFFFFFFFFFFFFFFFF7
S3150817C430FFFFFFFFFFFFFFFFFFFFFFFFFFFFFFFFE7
S3150817C440FFFFFFFFFFFFFFFFFFFFFFFFFFFFFFFFD7
S3150817C450FFFFFFFFFFFFFFFFFFFFFFFFFFFFFFFFC7
S3150817C460FFFFFFFFFFFFFFFFFFFFFFFFFFFFFFFFB7
S3150817C470FFFFFFFFFFFFFFFFFFFFFFFFFFFFFFFFA7
S3150817C480FFFFFFFFFFFFFFFFFFFFFFFFFFFFFFFF97
S3150817C490FFFFFFFFFFFFFFFFFFFFFFFFFFFFFFFF87
S3150817C4A0FFFFFFFFFFFFFFFFFFFFFFFFFFFFFFFF77
S3150817C4B0FFFFFFFFFFFFFFFFFFFFFFFFFFFFFFFF67
S3150817C4C0FFFFFFFFFFFFFFFFFFFFFFFFFFFFFFFF57
S3150817C4D0FFFFFFFFFFFFFFFFFFFFFFFFFFFFFFFF47
S3150817C4E0FFFFFFFFFFFFFFFFFFFFFFFFFFFFFFFF37
S3150817C4F0FFFFFFFFFFFFFFFFFFFFFFFFFFFFFFFF27
S3150817C500FFFFFFFFFFFFFFFFFFFFFFFFFFFFFFFF16
S3150817C510FFFFFFFFFFFFFFFFFFFFFFFFFFFFFFFF06
S3150817C520FFFFFFFFFFFFFFFFFFFFFFFFFFFFFFFFF6
S3150817C530FFFFFFFFFFFFFFFFFFFFFFFFFFFFFFFFE6
S3150817C540FFFFFFFFFFFFFFFFFFFFFFFFFFFFFFFFD6
S3150817C550FFFFFFFFFFFFFFFFFFFFFFFFFFFFFFFFC6
S3150817C560FFFFFFFFFFFFFFFFFFFFFFFFFFFFFFFFB6
S3150817C570FFFFFFFFFFFFFFFFFFFFFFFFFFFFFFFFA6
S3150817C580FFFFFFFFFFFFFFFFFFFFFFFFFFFFFFFF96
S3150817C590FFFFFFFFFFFFFFFFFFFFFFFFFFFFFFFF86
S3150817C5A0FFFFFFFFFFFFFFFFFFFFFFFFFFFFFFFF76
S3150817C5B0FFFFFFFFFFFFFFFFFFFFFFFFFFFFFFFF66
S3150817C5C0FFFFFFFFFFFFFFFFFFFFFFFFFFFFFFFF56
S3150817C5D0FFFFFFFFFFFFFFFFFFFFFFFFFFFFFFFF46
S3150817C5E0FFFFFFFFFFFFFFFFFFFFFFFFFFFFFFFF36
S3150817C5F0FFFFFFFFFFFFFFFFFFFFFFFFFFFFFFFF26
S3150817C600FFFFFFFFFFFFFFFFFFFFFFFFFFFFFFFF15
S3150817C610FFFFFFFFFFFFFFFFFFFFFFFFFFFFFFFF05
S3150817C620FFFFFFFFFFFFFFFFFFFFFFFFFFFFFFFFF5
S3150817C630FFFFFFFFFFFFFFFFFFFFFFFFFFFFFFFFE5
S3150817C640FFFFFFFFFFFFFFFFFFFFFFFFFFFFFFFFD5
S3150817C650FFFFFFFFFFFFFFFFFFFFFFFFFFFFFFFFC5
S3150817C660FFFFFFFFFFFFFFFFFFFFFFFFFFFFFFFFB5
S3150817C670FFFFFFFFFFFFFFFFFFFFFFFFFFFFFFFFA5
S3150817C680FFFFFFFFFFFFFFFFFFFFFFFFFFFFFFFF95
S3150817C690FFFFFFFFFFFFFFFFFFFFFFFFFFFFFFFF85
S3150817C6A0FFFFFFFFFFFFFFFFFFFFFFFFFFFFFFFF75
S3150817C6B0FFFFFFFFFFFFFFFFFFFFFFFFFFFFFFFF65
S3150817C6C0FFFFFFFFFFFFFFFFFFFFFFFFFFFFFFFF55
S3150817C6D0FFFFFFFFFFFFFFFFFFFFFFFFFFFFFFFF45
S3150817C6E0FFFFFFFFFFFFFFFFFFFFFFFFFFFFFFFF35
S3150817C6F0FFFFFFFFFFFFFFFFFFFFFFFFFFFFFFFF25
S3150817C700FFFFFFFFFFFFFFFFFFFFFFFFFFFFFFFF14
S3150817C710FFFFFFFFFFFFFFFFFFFFFFFFFFFFFFFF04
S3150817C720FFFFFFFFFFFFFFFFFFFFFFFFFFFFFFFFF4
S3150817C730FFFFFFFFFFFFFFFFFFFFFFFFFFFFFFFFE4
S3150817C740FFFFFFFFFFFFFFFFFFFFFFFFFFFFFFFFD4
S3150817C750FFFFFFFFFFFFFFFFFFFFFFFFFFFFFFFFC4
S3150817C760FFFFFFFFFFFFFFFFFFFFFFFFFFFFFFFFB4
S3150817C770FFFFFFFFFFFFFFFFFFFFFFFFFFFFFFFFA4
S3150817C780FFFFFFFFFFFFFFFFFFFFFFFFFFFFFFFF94
S3150817C790FFFFFFFFFFFFFFFFFFFFFFFFFFFFFFFF84
S3150817C7A0FFFFFFFFFFFFFFFFFFFFFFFFFFFFFFFF74
S3150817C7B0FFFFFFFFFFFFFFFFFFFFFFFFFFFFFFFF64
S3150817C7C0FFFFFFFFFFFFFFFFFFFFFFFFFFFFFFFF54
S3150817C7D0FFFFFFFFFFFFFFFFFFFFFFFFFFFFFFFF44
S3150817C7E0FFFFFFFFFFFFFFFFFFFFFFFFFFFFFFFF34
S3150817C7F0FFFFFFFFFFFFFFFFFFFFFFFFFFFFFFFF24
S3150817C800FFFFFFFFFFFFFFFFFFFFFFFFFFFFFFFF13
S3150817C810FFFFFFFFFFFFFFFFFFFFFFFFFFFFFFFF03
S3150817C820FFFFFFFFFFFFFFFFFFFFFFFFFFFFFFFFF3
S3150817C830FFFFFFFFFFFFFFFFFFFFFFFFFFFFFFFFE3
S3150817C840FFFFFFFFFFFFFFFFFFFFFFFFFFFFFFFFD3
S3150817C850FFFFFFFFFFFFFFFFFFFFFFFFFFFFFFFFC3
S3150817C860FFFFFFFFFFFFFFFFFFFFFFFFFFFFFFFFB3
S3150817C870FFFFFFFFFFFFFFFFFFFFFFFFFFFFFFFFA3
S3150817C880FFFFFFFFFFFFFFFFFFFFFFFFFFFFFFFF93
S3150817C890FFFFFFFFFFFFFFFFFFFFFFFFFFFFFFFF83
S3150817C8A0FFFFFFFFFFFFFFFFFFFFFFFFFFFFFFFF73
S3150817C8B0FFFFFFFFFFFFFFFFFFFFFFFFFFFFFFFF63
S3150817C8C0FFFFFFFFFFFFFFFFFFFFFFFFFFFFFFFF53
S3150817C8D0FFFFFFFFFFFFFFFFFFFFFFFFFFFFFFFF43
S3150817C8E0FFFFFFFFFFFFFFFFFFFFFFFFFFFFFFFF33
S3150817C8F0FFFFFFFFFFFFFFFFFFFFFFFFFFFFFFFF23
S3150817C900FFFFFFFFFFFFFFFFFFFFFFFFFFFFFFFF12
S3150817C910FFFFFFFFFFFFFFFFFFFFFFFFFFFFFFFF02
S3150817C920FFFFFFFFFFFFFFFFFFFFFFFFFFFFFFFFF2
S3150817C930FFFFFFFFFFFFFFFFFFFFFFFFFFFFFFFFE2
S3150817C940FFFFFFFFFFFFFFFFFFFFFFFFFFFFFFFFD2
S3150817C950FFFFFFFFFFFFFFFFFFFFFFFFFFFFFFFFC2
S3150817C960FFFFFFFFFFFFFFFFFFFFFFFFFFFFFFFFB2
S3150817C970FFFFFFFFFFFFFFFFFFFFFFFFFFFFFFFFA2
S3150817C980FFFFFFFFFFFFFFFFFFFFFFFFFFFFFFFF92
S3150817C990FFFFFFFFFFFFFFFFFFFFFFFFFFFFFFFF82
S3150817C9A0FFFFFFFFFFFFFFFFFFFFFFFFFFFFFFFF72
S3150817C9B0FFFFFFFFFFFFFFFFFFFFFFFFFFFFFFFF62
S3150817C9C0FFFFFFFFFFFFFFFFFFFFFFFFFFFFFFFF52
S3150817C9D0FFFFFFFFFFFFFFFFFFFFFFFFFFFFFFFF42
S3150817C9E0FFFFFFFFFFFFFFFFFFFFFFFFFFFFFFFF32
S3150817C9F0FFFFFFFFFFFFFFFFFFFFFFFFFFFFFFFF22
S3150817CA00FFFFFFFFFFFFFFFFFFFFFFFFFFFFFFFF11
S3150817CA10FFFFFFFFFFFFFFFFFFFFFFFFFFFFFFFF01
S3150817CA20FFFFFFFFFFFFFFFFFFFFFFFFFFFFFFFFF1
S3150817CA30FFFFFFFFFFFFFFFFFFFFFFFFFFFFFFFFE1
S3150817CA40FFFFFFFFFFFFFFFFFFFFFFFFFFFFFFFFD1
S3150817CA50FFFFFFFFFFFFFFFFFFFFFFFFFFFFFFFFC1
S3150817CA60FFFFFFFFFFFFFFFFFFFFFFFFFFFFFFFFB1
S3150817CA70FFFFFFFFFFFFFFFFFFFFFFFFFFFFFFFFA1
S3150817CA80FFFFFFFFFFFFFFFFFFFFFFFFFFFFFFFF91
S3150817CA90FFFFFFFFFFFFFFFFFFFFFFFFFFFFFFFF81
S3150817CAA0FFFFFFFFFFFFFFFFFFFFFFFFFFFFFFFF71
S3150817CAB0FFFFFFFFFFFFFFFFFFFFFFFFFFFFFFFF61
S3150817CAC0FFFFFFFFFFFFFFFFFFFFFFFFFFFFFFFF51
S3150817CAD0FFFFFFFFFFFFFFFFFFFFFFFFFFFFFFFF41
S3150817CAE0FFFFFFFFFFFFFFFFFFFFFFFFFFFFFFFF31
S3150817CAF0FFFFFFFFFFFFFFFFFFFFFFFFFFFFFFFF21
S3150817CB00FFFFFFFFFFFFFFFFFFFFFFFFFFFFFFFF10
S3150817CB10FFFFFFFFFFFFFFFFFFFFFFFFFFFFFFFF00
S3150817CB20FFFFFFFFFFFFFFFFFFFFFFFFFFFFFFFFF0
S3150817CB30FFFFFFFFFFFFFFFFFFFFFFFFFFFFFFFFE0
S3150817CB40FFFFFFFFFFFFFFFFFFFFFFFFFFFFFFFFD0
S3150817CB50FFFFFFFFFFFFFFFFFFFFFFFFFFFFFFFFC0
S3150817CB60FFFFFFFFFFFFFFFFFFFFFFFFFFFFFFFFB0
S3150817CB70FFFFFFFFFFFFFFFFFFFFFFFFFFFFFFFFA0
S3150817CB80FFFFFFFFFFFFFFFFFFFFFFFFFFFFFFFF90
S3150817CB90FFFFFFFFFFFFFFFFFFFFFFFFFFFFFFFF80
S3150817CBA0FFFFFFFFFFFFFFFFFFFFFFFFFFFFFFFF70
S3150817CBB0FFFFFFFFFFFFFFFFFFFFFFFFFFFFFFFF60
S3150817CBC0FFFFFFFFFFFFFFFFFFFFFFFFFFFFFFFF50
S3150817CBD0FFFFFFFFFFFFFFFFFFFFFFFFFFFFFFFF40
S3150817CBE0FFFFFFFFFFFFFFFFFFFFFFFFFFFFFFFF30
S3150817CBF0FFFFFFFFFFFFFFFFFFFFFFFFFFFFFFFF20
S3150817CC00FFFFFFFFFFFFFFFFFFFFFFFFFFFFFFFF0F
S3150817CC10FFFFFFFFFFFFFFFFFFFFFFFFFFFFFFFFFF
S3150817CC20FFFFFFFFFFFFFFFFFFFFFFFFFFFFFFFFEF
S3150817CC30FFFFFFFFFFFFFFFFFFFFFFFFFFFFFFFFDF
S3150817CC40FFFFFFFFFFFFFFFFFFFFFFFFFFFFFFFFCF
S3150817CC50FFFFFFFFFFFFFFFFFFFFFFFFFFFFFFFFBF
S3150817CC60FFFFFFFFFFFFFFFFFFFFFFFFFFFFFFFFAF
S3150817CC70FFFFFFFFFFFFFFFFFFFFFFFFFFFFFFFF9F
S3150817CC80FFFFFFFFFFFFFFFFFFFFFFFFFFFFFFFF8F
S3150817CC90FFFFFFFFFFFFFFFFFFFFFFFFFFFFFFFF7F
S3150817CCA0FFFFFFFFFFFFFFFFFFFFFFFFFFFFFFFF6F
S3150817CCB0FFFFFFFFFFFFFFFFFFFFFFFFFFFFFFFF5F
S3150817CCC0FFFFFFFFFFFFFFFFFFFFFFFFFFFFFFFF4F
S3150817CCD0FFFFFFFFFFFFFFFFFFFFFFFFFFFFFFFF3F
S3150817CCE0FFFFFFFFFFFFFFFFFFFFFFFFFFFFFFFF2F
S3150817CCF0FFFFFFFFFFFFFFFFFFFFFFFFFFFFFFFF1F
S3150817CD00FFFFFFFFFFFFFFFFFFFFFFFFFFFFFFFF0E
S3150817CD10FFFFFFFFFFFFFFFFFFFFFFFFFFFFFFFFFE
S3150817CD20FFFFFFFFFFFFFFFFFFFFFFFFFFFFFFFFEE
S3150817CD30FFFFFFFFFFFFFFFFFFFFFFFFFFFFFFFFDE
S3150817CD40FFFFFFFFFFFFFFFFFFFFFFFFFFFFFFFFCE
S3150817CD50FFFFFFFFFFFFFFFFFFFFFFFFFFFFFFFFBE
S3150817CD60FFFFFFFFFFFFFFFFFFFFFFFFFFFFFFFFAE
S3150817CD70FFFFFFFFFFFFFFFFFFFFFFFFFFFFFFFF9E
S3150817CD80FFFFFFFFFFFFFFFFFFFFFFFFFFFFFFFF8E
S3150817CD90FFFFFFFFFFFFFFFFFFFFFFFFFFFFFFFF7E
S3150817CDA0FFFFFFFFFFFFFFFFFFFFFFFFFFFFFFFF6E
S3150817CDB0FFFFFFFFFFFFFFFFFFFFFFFFFFFFFFFF5E
S3150817CDC0FFFFFFFFFFFFFFFFFFFFFFFFFFFFFFFF4E
S3150817CDD0FFFFFFFFFFFFFFFFFFFFFFFFFFFFFFFF3E
S3150817CDE0FFFFFFFFFFFFFFFFFFFFFFFFFFFFFFFF2E
S3150817CDF0FFFFFFFFFFFFFFFFFFFFFFFFFFFFFFFF1E
S3150817CE00FFFFFFFFFFFFFFFFFFFFFFFFFFFFFFFF0D
S3150817CE10FFFFFFFFFFFFFFFFFFFFFFFFFFFFFFFFFD
S3150817CE20FFFFFFFFFFFFFFFFFFFFFFFFFFFFFFFFED
S3150817CE30FFFFFFFFFFFFFFFFFFFFFFFFFFFFFFFFDD
S3150817CE40FFFFFFFFFFFFFFFFFFFFFFFFFFFFFFFFCD
S3150817CE50FFFFFFFFFFFFFFFFFFFFFFFFFFFFFFFFBD
S3150817CE60FFFFFFFFFFFFFFFFFFFFFFFFFFFFFFFFAD
S3150817CE70FFFFFFFFFFFFFFFFFFFFFFFFFFFFFFFF9D
S3150817CE80FFFFFFFFFFFFFFFFFFFFFFFFFFFFFFFF8D
S3150817CE90FFFFFFFFFFFFFFFFFFFFFFFFFFFFFFFF7D
S3150817CEA0FFFFFFFFFFFFFFFFFFFFFFFFFFFFFFFF6D
S3150817CEB0FFFFFFFFFFFFFFFFFFFFFFFFFFFFFFFF5D
S3150817CEC0FFFFFFFFFFFFFFFFFFFFFFFFFFFFFFFF4D
S3150817CED0FFFFFFFFFFFFFFFFFFFFFFFFFFFFFFFF3D
S3150817CEE0FFFFFFFFFFFFFFFFFFFFFFFFFFFFFFFF2D
S3150817CEF0FFFFFFFFFFFFFFFFFFFFFFFFFFFFFFFF1D
S3150817CF00FFFFFFFFFFFFFFFFFFFFFFFFFFFFFFFF0C
S3150817CF10FFFFFFFFFFFFFFFFFFFFFFFFFFFFFFFFFC
S3150817CF20FFFFFFFFFFFFFFFFFFFFFFFFFFFFFFFFEC
S3150817CF30FFFFFFFFFFFFFFFFFFFFFFFFFFFFFFFFDC
S3150817CF40FFFFFFFFFFFFFFFFFFFFFFFFFFFFFFFFCC
S3150817CF50FFFFFFFFFFFFFFFFFFFFFFFFFFFFFFFFBC
S3150817CF60FFFFFFFFFFFFFFFFFFFFFFFFFFFFFFFFAC
S3150817CF70FFFFFFFFFFFFFFFFFFFFFFFFFFFFFFFF9C
S3150817CF80FFFFFFFFFFFFFFFFFFFFFFFFFFFFFFFF8C
S3150817CF90FFFFFFFFFFFFFFFFFFFFFFFFFFFFFFFF7C
S3150817CFA0FFFFFFFFFFFFFFFFFFFFFFFFFFFFFFFF6C
S3150817CFB0FFFFFFFFFFFFFFFFFFFFFFFFFFFFFFFF5C
S3150817CFC0FFFFFFFFFFFFFFFFFFFFFFFFFFFFFFFF4C
S3150817CFD0FFFFFFFFFFFFFFFFFFFFFFFFFFFFFFFF3C
S3150817CFE0FFFFFFFFFFFFFFFFFFFFFFFFFFFFFFFF2C
S3150817CFF0FFFFFFFFFFFFFFFFFFFFFFFFFFFFFFFF1C
S3150817D000FFFFFFFFFFFFFFFFFFFFFFFFFFFFFFFF0B
S3150817D010FFFFFFFFFFFFFFFFFFFFFFFFFFFFFFFFFB
S3150817D020FFFFFFFFFFFFFFFFFFFFFFFFFFFFFFFFEB
S3150817D030FFFFFFFFFFFFFFFFFFFFFFFFFFFFFFFFDB
S3150817D040FFFFFFFFFFFFFFFFFFFFFFFFFFFFFFFFCB
S3150817D050FFFFFFFFFFFFFFFFFFFFFFFFFFFFFFFFBB
S3150817D060FFFFFFFFFFFFFFFFFFFFFFFFFFFFFFFFAB
S3150817D070FFFFFFFFFFFFFFFFFFFFFFFFFFFFFFFF9B
S3150817D080FFFFFFFFFFFFFFFFFFFFFFFFFFFFFFFF8B
S3150817D090FFFFFFFFFFFFFFFFFFFFFFFFFFFFFFFF7B
S3150817D0A0FFFFFFFFFFFFFFFFFFFFFFFFFFFFFFFF6B
S3150817D0B0FFFFFFFFFFFFFFFFFFFFFFFFFFFFFFFF5B
S3150817D0C0FFFFFFFFFFFFFFFFFFFFFFFFFFFFFFFF4B
S3150817D0D0FFFFFFFFFFFFFFFFFFFFFFFFFFFFFFFF3B
S3150817D0E0FFFFFFFFFFFFFFFFFFFFFFFFFFFFFFFF2B
S3150817D0F0FFFFFFFFFFFFFFFFFFFFFFFFFFFFFFFF1B
S3150817D100FFFFFFFFFFFFFFFFFFFFFFFFFFFFFFFF0A
S3150817D110FFFFFFFFFFFFFFFFFFFFFFFFFFFFFFFFFA
S3150817D120FFFFFFFFFFFFFFFFFFFFFFFFFFFFFFFFEA
S3150817D130FFFFFFFFFFFFFFFFFFFFFFFFFFFFFFFFDA
S3150817D140FFFFFFFFFFFFFFFFFFFFFFFFFFFFFFFFCA
S3150817D150FFFFFFFFFFFFFFFFFFFFFFFFFFFFFFFFBA
S3150817D160FFFFFFFFFFFFFFFFFFFFFFFFFFFFFFFFAA
S3150817D170FFFFFFFFFFFFFFFFFFFFFFFFFFFFFFFF9A
S3150817D180FFFFFFFFFFFFFFFFFFFFFFFFFFFFFFFF8A
S3150817D190FFFFFFFFFFFFFFFFFFFFFFFFFFFFFFFF7A
S3150817D1A0FFFFFFFFFFFFFFFFFFFFFFFFFFFFFFFF6A
S3150817D1B0FFFFFFFFFFFFFFFFFFFFFFFFFFFFFFFF5A
S3150817D1C0FFFFFFFFFFFFFFFFFFFFFFFFFFFFFFFF4A
S3150817D1D0FFFFFFFFFFFFFFFFFFFFFFFFFFFFFFFF3A
S3150817D1E0FFFFFFFFFFFFFFFFFFFFFFFFFFFFFFFF2A
S3150817D1F0FFFFFFFFFFFFFFFFFFFFFFFFFFFFFFFF1A
S3150817D200FFFFFFFFFFFFFFFFFFFFFFFFFFFFFFFF09
S3150817D210FFFFFFFFFFFFFFFFFFFFFFFFFFFFFFFFF9
S3150817D220FFFFFFFFFFFFFFFFFFFFFFFFFFFFFFFFE9
S3150817D230FFFFFFFFFFFFFFFFFFFFFFFFFFFFFFFFD9
S3150817D240FFFFFFFFFFFFFFFFFFFFFFFFFFFFFFFFC9
S3150817D250FFFFFFFFFFFFFFFFFFFFFFFFFFFFFFFFB9
S3150817D260FFFFFFFFFFFFFFFFFFFFFFFFFFFFFFFFA9
S3150817D270FFFFFFFFFFFFFFFFFFFFFFFFFFFFFFFF99
S3150817D280FFFFFFFFFFFFFFFFFFFFFFFFFFFFFFFF89
S3150817D290FFFFFFFFFFFFFFFFFFFFFFFFFFFFFFFF79
S3150817D2A0FFFFFFFFFFFFFFFFFFFFFFFFFFFFFFFF69
S3150817D2B0FFFFFFFFFFFFFFFFFFFFFFFFFFFFFFFF59
S3150817D2C0FFFFFFFFFFFFFFFFFFFFFFFFFFFFFFFF49
S3150817D2D0FFFFFFFFFFFFFFFFFFFFFFFFFFFFFFFF39
S3150817D2E0FFFFFFFFFFFFFFFFFFFFFFFFFFFFFFFF29
S3150817D2F0FFFFFFFFFFFFFFFFFFFFFFFFFFFFFFFF19
S3150817D300FFFFFFFFFFFFFFFFFFFFFFFFFFFFFFFF08
S3150817D310FFFFFFFFFFFFFFFFFFFFFFFFFFFFFFFFF8
S3150817D320FFFFFFFFFFFFFFFFFFFFFFFFFFFFFFFFE8
S3150817D330FFFFFFFFFFFFFFFFFFFFFFFFFFFFFFFFD8
S3150817D340FFFFFFFFFFFFFFFFFFFFFFFFFFFFFFFFC8
S3150817D350FFFFFFFFFFFFFFFFFFFFFFFFFFFFFFFFB8
S3150817D360FFFFFFFFFFFFFFFFFFFFFFFFFFFFFFFFA8
S3150817D370FFFFFFFFFFFFFFFFFFFFFFFFFFFFFFFF98
S3150817D380FFFFFFFFFFFFFFFFFFFFFFFFFFFFFFFF88
S3150817D390FFFFFFFFFFFFFFFFFFFFFFFFFFFFFFFF78
S3150817D3A0FFFFFFFFFFFFFFFFFFFFFFFFFFFFFFFF68
S3150817D3B0FFFFFFFFFFFFFFFFFFFFFFFFFFFFFFFF58
S3150817D3C0FFFFFFFFFFFFFFFFFFFFFFFFFFFFFFFF48
S3150817D3D0FFFFFFFFFFFFFFFFFFFFFFFFFFFFFFFF38
S3150817D3E0FFFFFFFFFFFFFFFFFFFFFFFFFFFFFFFF28
S3150817D3F0FFFFFFFFFFFFFFFFFFFFFFFFFFFFFFFF18
S3150817D400FFFFFFFFFFFFFFFFFFFFFFFFFFFFFFFF07
S3150817D410FFFFFFFFFFFFFFFFFFFFFFFFFFFFFFFFF7
S3150817D420FFFFFFFFFFFFFFFFFFFFFFFFFFFFFFFFE7
S3150817D430FFFFFFFFFFFFFFFFFFFFFFFFFFFFFFFFD7
S3150817D440FFFFFFFFFFFFFFFFFFFFFFFFFFFFFFFFC7
S3150817D450FFFFFFFFFFFFFFFFFFFFFFFFFFFFFFFFB7
S3150817D460FFFFFFFFFFFFFFFFFFFFFFFFFFFFFFFFA7
S3150817D470FFFFFFFFFFFFFFFFFFFFFFFFFFFFFFFF97
S3150817D480FFFFFFFFFFFFFFFFFFFFFFFFFFFFFFFF87
S3150817D490FFFFFFFFFFFFFFFFFFFFFFFFFFFFFFFF77
S3150817D4A0FFFFFFFFFFFFFFFFFFFFFFFFFFFFFFFF67
S3150817D4B0FFFFFFFFFFFFFFFFFFFFFFFFFFFFFFFF57
S3150817D4C0FFFFFFFFFFFFFFFFFFFFFFFFFFFFFFFF47
S3150817D4D0FFFFFFFFFFFFFFFFFFFFFFFFFFFFFFFF37
S3150817D4E0FFFFFFFFFFFFFFFFFFFFFFFFFFFFFFFF27
S3150817D4F0FFFFFFFFFFFFFFFFFFFFFFFFFFFFFFFF17
S3150817D500FFFFFFFFFFFFFFFFFFFFFFFFFFFFFFFF06
S3150817D510FFFFFFFFFFFFFFFFFFFFFFFFFFFFFFFFF6
S3150817D520FFFFFFFFFFFFFFFFFFFFFFFFFFFFFFFFE6
S3150817D530FFFFFFFFFFFFFFFFFFFFFFFFFFFFFFFFD6
S3150817D540FFFFFFFFFFFFFFFFFFFFFFFFFFFFFFFFC6
S3150817D550FFFFFFFFFFFFFFFFFFFFFFFFFFFFFFFFB6
S3150817D560FFFFFFFFFFFFFFFFFFFFFFFFFFFFFFFFA6
S3150817D570FFFFFFFFFFFFFFFFFFFFFFFFFFFFFFFF96
S3150817D580FFFFFFFFFFFFFFFFFFFFFFFFFFFFFFFF86
S3150817D590FFFFFFFFFFFFFFFFFFFFFFFFFFFFFFFF76
S3150817D5A0FFFFFFFFFFFFFFFFFFFFFFFFFFFFFFFF66
S3150817D5B0FFFFFFFFFFFFFFFFFFFFFFFFFFFFFFFF56
S3150817D5C0FFFFFFFFFFFFFFFFFFFFFFFFFFFFFFFF46
S3150817D5D0FFFFFFFFFFFFFFFFFFFFFFFFFFFFFFFF36
S3150817D5E0FFFFFFFFFFFFFFFFFFFFFFFFFFFFFFFF26
S3150817D5F0FFFFFFFFFFFFFFFFFFFFFFFFFFFFFFFF16
S3150817D600FFFFFFFFFFFFFFFFFFFFFFFFFFFFFFFF05
S3150817D610FFFFFFFFFFFFFFFFFFFFFFFFFFFFFFFFF5
S3150817D620FFFFFFFFFFFFFFFFFFFFFFFFFFFFFFFFE5
S3150817D630FFFFFFFFFFFFFFFFFFFFFFFFFFFFFFFFD5
S3150817D640FFFFFFFFFFFFFFFFFFFFFFFFFFFFFFFFC5
S3150817D650FFFFFFFFFFFFFFFFFFFFFFFFFFFFFFFFB5
S3150817D660FFFFFFFFFFFFFFFFFFFFFFFFFFFFFFFFA5
S3150817D670FFFFFFFFFFFFFFFFFFFFFFFFFFFFFFFF95
S3150817D680FFFFFFFFFFFFFFFFFFFFFFFFFFFFFFFF85
S3150817D690FFFFFFFFFFFFFFFFFFFFFFFFFFFFFFFF75
S3150817D6A0FFFFFFFFFFFFFFFFFFFFFFFFFFFFFFFF65
S3150817D6B0FFFFFFFFFFFFFFFFFFFFFFFFFFFFFFFF55
S3150817D6C0FFFFFFFFFFFFFFFFFFFFFFFFFFFFFFFF45
S3150817D6D0FFFFFFFFFFFFFFFFFFFFFFFFFFFFFFFF35
S3150817D6E0FFFFFFFFFFFFFFFFFFFFFFFFFFFFFFFF25
S3150817D6F0FFFFFFFFFFFFFFFFFFFFFFFFFFFFFFFF15
S3150817D700FFFFFFFFFFFFFFFFFFFFFFFFFFFFFFFF04
S3150817D710FFFFFFFFFFFFFFFFFFFFFFFFFFFFFFFFF4
S3150817D720FFFFFFFFFFFFFFFFFFFFFFFFFFFFFFFFE4
S3150817D730FFFFFFFFFFFFFFFFFFFFFFFFFFFFFFFFD4
S3150817D740FFFFFFFFFFFFFFFFFFFFFFFFFFFFFFFFC4
S3150817D750FFFFFFFFFFFFFFFFFFFFFFFFFFFFFFFFB4
S3150817D760FFFFFFFFFFFFFFFFFFFFFFFFFFFFFFFFA4
S3150817D770FFFFFFFFFFFFFFFFFFFFFFFFFFFFFFFF94
S3150817D780FFFFFFFFFFFFFFFFFFFFFFFFFFFFFFFF84
S3150817D790FFFFFFFFFFFFFFFFFFFFFFFFFFFFFFFF74
S3150817D7A0FFFFFFFFFFFFFFFFFFFFFFFFFFFFFFFF64
S3150817D7B0FFFFFFFFFFFFFFFFFFFFFFFFFFFFFFFF54
S3150817D7C0FFFFFFFFFFFFFFFFFFFFFFFFFFFFFFFF44
S3150817D7D0FFFFFFFFFFFFFFFFFFFFFFFFFFFFFFFF34
S3150817D7E0FFFFFFFFFFFFFFFFFFFFFFFFFFFFFFFF24
S3150817D7F0FFFFFFFFFFFFFFFFFFFFFFFFFFFFFFFF14
S3150817D800FFFFFFFFFFFFFFFFFFFFFFFFFFFFFFFF03
S3150817D810FFFFFFFFFFFFFFFFFFFFFFFFFFFFFFFFF3
S3150817D820FFFFFFFFFFFFFFFFFFFFFFFFFFFFFFFFE3
S3150817D830FFFFFFFFFFFFFFFFFFFFFFFFFFFFFFFFD3
S3150817D840FFFFFFFFFFFFFFFFFFFFFFFFFFFFFFFFC3
S3150817D850FFFFFFFFFFFFFFFFFFFFFFFFFFFFFFFFB3
S3150817D860FFFFFFFFFFFFFFFFFFFFFFFFFFFFFFFFA3
S3150817D870FFFFFFFFFFFFFFFFFFFFFFFFFFFFFFFF93
S3150817D880FFFFFFFFFFFFFFFFFFFFFFFFFFFFFFFF83
S3150817D890FFFFFFFFFFFFFFFFFFFFFFFFFFFFFFFF73
S3150817D8A0FFFFFFFFFFFFFFFFFFFFFFFFFFFFFFFF63
S3150817D8B0FFFFFFFFFFFFFFFFFFFFFFFFFFFFFFFF53
S3150817D8C0FFFFFFFFFFFFFFFFFFFFFFFFFFFFFFFF43
S3150817D8D0FFFFFFFFFFFFFFFFFFFFFFFFFFFFFFFF33
S3150817D8E0FFFFFFFFFFFFFFFFFFFFFFFFFFFFFFFF23
S3150817D8F0FFFFFFFFFFFFFFFFFFFFFFFFFFFFFFFF13
S3150817D900FFFFFFFFFFFFFFFFFFFFFFFFFFFFFFFF02
S3150817D910FFFFFFFFFFFFFFFFFFFFFFFFFFFFFFFFF2
S3150817D920FFFFFFFFFFFFFFFFFFFFFFFFFFFFFFFFE2
S3150817D930FFFFFFFFFFFFFFFFFFFFFFFFFFFFFFFFD2
S3150817D940FFFFFFFFFFFFFFFFFFFFFFFFFFFFFFFFC2
S3150817D950FFFFFFFFFFFFFFFFFFFFFFFFFFFFFFFFB2
S3150817D960FFFFFFFFFFFFFFFFFFFFFFFFFFFFFFFFA2
S3150817D970FFFFFFFFFFFFFFFFFFFFFFFFFFFFFFFF92
S3150817D980FFFFFFFFFFFFFFFFFFFFFFFFFFFFFFFF82
S3150817D990FFFFFFFFFFFFFFFFFFFFFFFFFFFFFFFF72
S3150817D9A0FFFFFFFFFFFFFFFFFFFFFFFFFFFFFFFF62
S3150817D9B0FFFFFFFFFFFFFFFFFFFFFFFFFFFFFFFF52
S3150817D9C0FFFFFFFFFFFFFFFFFFFFFFFFFFFFFFFF42
S3150817D9D0FFFFFFFFFFFFFFFFFFFFFFFFFFFFFFFF32
S3150817D9E0FFFFFFFFFFFFFFFFFFFFFFFFFFFFFFFF22
S3150817D9F0FFFFFFFFFFFFFFFFFFFFFFFFFFFFFFFF12
S3150817DA00FFFFFFFFFFFFFFFFFFFFFFFFFFFFFFFF01
S3150817DA10FFFFFFFFFFFFFFFFFFFFFFFFFFFFFFFFF1
S3150817DA20FFFFFFFFFFFFFFFFFFFFFFFFFFFFFFFFE1
S3150817DA30FFFFFFFFFFFFFFFFFFFFFFFFFFFFFFFFD1
S3150817DA40FFFFFFFFFFFFFFFFFFFFFFFFFFFFFFFFC1
S3150817DA50FFFFFFFFFFFFFFFFFFFFFFFFFFFFFFFFB1
S3150817DA60FFFFFFFFFFFFFFFFFFFFFFFFFFFFFFFFA1
S3150817DA70FFFFFFFFFFFFFFFFFFFFFFFFFFFFFFFF91
S3150817DA80FFFFFFFFFFFFFFFFFFFFFFFFFFFFFFFF81
S3150817DA90FFFFFFFFFFFFFFFFFFFFFFFFFFFFFFFF71
S3150817DAA0FFFFFFFFFFFFFFFFFFFFFFFFFFFFFFFF61
S3150817DAB0FFFFFFFFFFFFFFFFFFFFFFFFFFFFFFFF51
S3150817DAC0FFFFFFFFFFFFFFFFFFFFFFFFFFFFFFFF41
S3150817DAD0FFFFFFFFFFFFFFFFFFFFFFFFFFFFFFFF31
S3150817DAE0FFFFFFFFFFFFFFFFFFFFFFFFFFFFFFFF21
S3150817DAF0FFFFFFFFFFFFFFFFFFFFFFFFFFFFFFFF11
S3150817DB00FFFFFFFFFFFFFFFFFFFFFFFFFFFFFFFF00
S3150817DB10FFFFFFFFFFFFFFFFFFFFFFFFFFFFFFFFF0
S3150817DB20FFFFFFFFFFFFFFFFFFFFFFFFFFFFFFFFE0
S3150817DB30FFFFFFFFFFFFFFFFFFFFFFFFFFFFFFFFD0
S3150817DB40FFFFFFFFFFFFFFFFFFFFFFFFFFFFFFFFC0
S3150817DB50FFFFFFFFFFFFFFFFFFFFFFFFFFFFFFFFB0
S3150817DB60FFFFFFFFFFFFFFFFFFFFFFFFFFFFFFFFA0
S3150817DB70FFFFFFFFFFFFFFFFFFFFFFFFFFFFFFFF90
S3150817DB80FFFFFFFFFFFFFFFFFFFFFFFFFFFFFFFF80
S3150817DB90FFFFFFFFFFFFFFFFFFFFFFFFFFFFFFFF70
S3150817DBA0FFFFFFFFFFFFFFFFFFFFFFFFFFFFFFFF60
S3150817DBB0FFFFFFFFFFFFFFFFFFFFFFFFFFFFFFFF50
S3150817DBC0FFFFFFFFFFFFFFFFFFFFFFFFFFFFFFFF40
S3150817DBD0FFFFFFFFFFFFFFFFFFFFFFFFFFFFFFFF30
S3150817DBE0FFFFFFFFFFFFFFFFFFFFFFFFFFFFFFFF20
S3150817DBF0FFFFFFFFFFFFFFFFFFFFFFFFFFFFFFFF10
S3150817DC00FFFFFFFFFFFFFFFFFFFFFFFFFFFFFFFFFF
S3150817DC10FFFFFFFFFFFFFFFFFFFFFFFFFFFFFFFFEF
S3150817DC20FFFFFFFFFFFFFFFFFFFFFFFFFFFFFFFFDF
S3150817DC30FFFFFFFFFFFFFFFFFFFFFFFFFFFFFFFFCF
S3150817DC40FFFFFFFFFFFFFFFFFFFFFFFFFFFFFFFFBF
S3150817DC50FFFFFFFFFFFFFFFFFFFFFFFFFFFFFFFFAF
S3150817DC60FFFFFFFFFFFFFFFFFFFFFFFFFFFFFFFF9F
S3150817DC70FFFFFFFFFFFFFFFFFFFFFFFFFFFFFFFF8F
S3150817DC80FFFFFFFFFFFFFFFFFFFFFFFFFFFFFFFF7F
S3150817DC90FFFFFFFFFFFFFFFFFFFFFFFFFFFFFFFF6F
S3150817DCA0FFFFFFFFFFFFFFFFFFFFFFFFFFFFFFFF5F
S3150817DCB0FFFFFFFFFFFFFFFFFFFFFFFFFFFFFFFF4F
S3150817DCC0FFFFFFFFFFFFFFFFFFFFFFFFFFFFFFFF3F
S3150817DCD0FFFFFFFFFFFFFFFFFFFFFFFFFFFFFFFF2F
S3150817DCE0FFFFFFFFFFFFFFFFFFFFFFFFFFFFFFFF1F
S3150817DCF0FFFFFFFFFFFFFFFFFFFFFFFFFFFFFFFF0F
S3150817DD00FFFFFFFFFFFFFFFFFFFFFFFFFFFFFFFFFE
S3150817DD10FFFFFFFFFFFFFFFFFFFFFFFFFFFFFFFFEE
S3150817DD20FFFFFFFFFFFFFFFFFFFFFFFFFFFFFFFFDE
S3150817DD30FFFFFFFFFFFFFFFFFFFFFFFFFFFFFFFFCE
S3150817DD40FFFFFFFFFFFFFFFFFFFFFFFFFFFFFFFFBE
S3150817DD50FFFFFFFFFFFFFFFFFFFFFFFFFFFFFFFFAE
S3150817DD60FFFFFFFFFFFFFFFFFFFFFFFFFFFFFFFF9E
S3150817DD70FFFFFFFFFFFFFFFFFFFFFFFFFFFFFFFF8E
S3150817DD80FFFFFFFFFFFFFFFFFFFFFFFFFFFFFFFF7E
S3150817DD90FFFFFFFFFFFFFFFFFFFFFFFFFFFFFFFF6E
S3150817DDA0FFFFFFFFFFFFFFFFFFFFFFFFFFFFFFFF5E
S3150817DDB0FFFFFFFFFFFFFFFFFFFFFFFFFFFFFFFF4E
S3150817DDC0FFFFFFFFFFFFFFFFFFFFFFFFFFFFFFFF3E
S3150817DDD0FFFFFFFFFFFFFFFFFFFFFFFFFFFFFFFF2E
S3150817DDE0FFFFFFFFFFFFFFFFFFFFFFFFFFFFFFFF1E
S3150817DDF0FFFFFFFFFFFFFFFFFFFFFFFFFFFFFFFF0E
S3150817DE00FFFFFFFFFFFFFFFFFFFFFFFFFFFFFFFFFD
S3150817DE10FFFFFFFFFFFFFFFFFFFFFFFFFFFFFFFFED
S3150817DE20FFFFFFFFFFFFFFFFFFFFFFFFFFFFFFFFDD
S3150817DE30FFFFFFFFFFFFFFFFFFFFFFFFFFFFFFFFCD
S3150817DE40FFFFFFFFFFFFFFFFFFFFFFFFFFFFFFFFBD
S3150817DE50FFFFFFFFFFFFFFFFFFFFFFFFFFFFFFFFAD
S3150817DE60FFFFFFFFFFFFFFFFFFFFFFFFFFFFFFFF9D
S3150817DE70FFFFFFFFFFFFFFFFFFFFFFFFFFFFFFFF8D
S3150817DE80FFFFFFFFFFFFFFFFFFFFFFFFFFFFFFFF7D
S3150817DE90FFFFFFFFFFFFFFFFFFFFFFFFFFFFFFFF6D
S3150817DEA0FFFFFFFFFFFFFFFFFFFFFFFFFFFFFFFF5D
S3150817DEB0FFFFFFFFFFFFFFFFFFFFFFFFFFFFFFFF4D
S3150817DEC0FFFFFFFFFFFFFFFFFFFFFFFFFFFFFFFF3D
S3150817DED0FFFFFFFFFFFFFFFFFFFFFFFFFFFFFFFF2D
S3150817DEE0FFFFFFFFFFFFFFFFFFFFFFFFFFFFFFFF1D
S3150817DEF0FFFFFFFFFFFFFFFFFFFFFFFFFFFFFFFF0D
S3150817DF00FFFFFFFFFFFFFFFFFFFFFFFFFFFFFFFFFC
S3150817DF10FFFFFFFFFFFFFFFFFFFFFFFFFFFFFFFFEC
S3150817DF20FFFFFFFFFFFFFFFFFFFFFFFFFFFFFFFFDC
S3150817DF30FFFFFFFFFFFFFFFFFFFFFFFFFFFFFFFFCC
S3150817DF40FFFFFFFFFFFFFFFFFFFFFFFFFFFFFFFFBC
S3150817DF50FFFFFFFFFFFFFFFFFFFFFFFFFFFFFFFFAC
S3150817DF60FFFFFFFFFFFFFFFFFFFFFFFFFFFFFFFF9C
S3150817DF70FFFFFFFFFFFFFFFFFFFFFFFFFFFFFFFF8C
S3150817DF80FFFFFFFFFFFFFFFFFFFFFFFFFFFFFFFF7C
S3150817DF90FFFFFFFFFFFFFFFFFFFFFFFFFFFFFFFF6C
S3150817DFA0FFFFFFFFFFFFFFFFFFFFFFFFFFFFFFFF5C
S3150817DFB0FFFFFFFFFFFFFFFFFFFFFFFFFFFFFFFF4C
S3150817DFC0FFFFFFFFFFFFFFFFFFFFFFFFFFFFFFFF3C
S3150817DFD0FFFFFFFFFFFFFFFFFFFFFFFFFFFFFFFF2C
S3150817DFE0FFFFFFFFFFFFFFFFFFFFFFFFFFFFFFFF1C
S3150817DFF0FFFFFFFFFFFFFFFFFFFFFFFFFFFFFFFF0C
S5030A00F2
S70500000000FA
