S00D00006E766D332D6F2E733337C7
S3150817400001009AB2020000D0FDFFFF0FFFFFFFFF66
S315081740103C90FFFF80823AFC0B0000A82F656300CF
S3150817402000D40000000000FF8B903984D5000000EB
S3150817403090813A94672F676363584F3D0CFFFFFFCC
S3150817404010823A9C672F676463CFAF6B0CFFFFFF2D
S3150817405096823A84672F696D2F65630000D500002D
S31508174060000000FF8B903984D600000090813A949F
S31508174070672F67636340533D0CFFFFFF10823A9C17
S31508174080672F676463B7B36B0CFFFFFF96823A8493
S31508174090672F696D2F65630000D60000000000FFC3
S315081740A08B903984D700000090813A94672F6763FD
S315081740B06328573D0CFFFFFF10823A9C672F6764EA
S315081740C0639FB76B0CFFFFFF96823A84672F696D5C
S315081740D02F65630000D70000000000FF93843A8419
S315081740E0672F612F312F3130322F376993843A84EE
S315081740F0672F612F312F3130322F372913853A849D
S31508174100672F612F322F3130322F376B13853A8449
S31508174110672F612F322F3130322F372B8B903984F7
S31508174120D800000090813A94672F676363105B3D48
S315081741300CFFFFFF10823A9C672F67646387BB6B78
S315081741400CFFFFFF96823A84672F696D2F65630008
S3150817415000D80000000000FF8B903984D9000000B2
S3150817416090813A94672F676363F85E3D0CFFFFFFEC
S3150817417010823A9C672F6764636FBF6B0CFFFFFF4C
S3150817418096823A84672F696D2F65630000D90000F8
S31508174190000000FF8B903984DA00000090813A946A
S315081741A0672F676363E0623D0CFFFFFF10823A9C37
S315081741B0672F67646357C36B0CFFFFFF96823A84B2
S315081741C0672F696D2F65630000DA0000000000FF8E
S315081741D08B903984DB00000090813A94672F6763C8
S315081741E063C8663D0CFFFFFF10823A9C672F67640A
S315081741F0633FC76B0CFFFFFF96823A84672F696D7B
S315081742002F65630000DB0000000000FF8B903984E0
S31508174210DC00000090813A94672F676363B06A3DA4
S315081742200CFFFFFF10823A9C672F67646327CB6BD7
S315081742300CFFFFFF96823A84672F696D2F65630017
S3150817424000DC0000000000FF93843A84672F612F73
S31508174250312F3130322F376993843A84672F612F7C
S31508174260312F3130322F372913853A84672F612F2B
S31508174270322F3130322F376B13853A84672F612FD8
S31508174280322F3130322F372B8B903984DD000000CF
S3150817429090813A94672F676363986E3D0CFFFFFF0B
S315081742A010823A9C672F6764630FCF6B0CFFFFFF6B
S315081742B096823A84672F696D2F65630000DD0000C3
S315081742C0000000FF93843A84672F612F312F31300E
S315081742D0322F376993843A84672F612F312F3130FC
S315081742E0322F372913853A84672F612F322F3130AA
S315081742F0322F376B13853A84672F612F322F313058
S31508174300322F372B8B903984DE00000090813A9430
S31508174310672F67636380723D0CFFFFFF10823A9C15
S31508174320672F676463F7D26B0CFFFFFF96823A8491
S31508174330672F696D2F65630000DE0000000000FF18
S315081743408B903984DF00000090813A94672F676352
S315081743506368763D0CFFFFFF10823A9C672F6764E8
S3150817436063DFD66B0CFFFFFF96823A84672F696D5A
S315081743702F65630000DF0000000000FF8B9039846B
S31508174380E000000090813A94672F676363507A3D7F
S315081743900CFFFFFF10823A9C672F676463C7DA6BB7
S315081743A00CFFFFFF96823A84672F696D2F656300A6
S315081743B000E00000000000FF93843A84672F612FFE
S315081743C0312F3130322F376993843A84672F612F0B
S315081743D0312F3130322F372913853A84672F612FBA
S315081743E0322F3130322F376B13853A84672F612F67
S315081743F0322F3130322F372B8B903984E10000005A
S3150817440090813A94672F676363387E3D0CFFFFFFE9
S3150817441010823A9C672F676463AFDE6B0CFFFFFF4A
S3150817442096823A84672F696D2F65630000E100004D
S31508174430000000FF93843A84672F612F312F31309C
S31508174440322F376993843A84672F612F312F31308A
S31508174450322F372913853A84672F612F322F313038
S31508174460322F376B13853A84672F612F322F3130E6
S31508174470322F372B8B903984E200000090813A94BB
S31508174480672F67636320823D0CFFFFFF10823A9CF4
S31508174490672F67646397E26B0CFFFFFF96823A8470
S315081744A0672F696D2F65630000E20000000000FFA3
S315081744B08B903984E300000090813A94672F6763DD
S315081744C06308863D0CFFFFFF10823A9C672F6764C7
S315081744D0637FE66B0CFFFFFF96823A84672F696D39
S315081744E02F65630000E30000000000FF93843A84F9
S315081744F0672F612F312F3130322F376993843A84DA
S31508174500672F612F312F3130322F372913853A8488
S31508174510672F612F322F3130322F376B13853A8435
S31508174520672F612F322F3130322F372B8B903984E3
S31508174530E400000090813A94672F676363F0893D1A
S315081745400CFFFFFF10823A9C672F67646367EA6B55
S315081745500CFFFFFF96823A84672F696D2F656300F4
S3150817456000E40000000000FF93843A84672F612F48
S31508174570312F3130322F376993843A84672F612F59
S31508174580312F3130322F372913853A84672F612F08
S31508174590322F3130322F376B13853A84672F612FB5
S315081745A0322F3130322F372B8B903984E5000000A4
S315081745B090813A94672F676363D88D3D0CFFFFFF89
S315081745C010823A9C672F6764634FEE6B0CFFFFFFE9
S315081745D096823A84672F696D2F65630000E5000098
S315081745E0000000FF93843A84672F612F312F3130EB
S315081745F0322F376993843A84672F612F312F3130D9
S31508174600322F372913853A84672F612F322F313086
S31508174610322F376B13853A84672F612F322F313034
S31508174620322F372B8B903984E600000090813A9405
S31508174630672F676363C0913D0CFFFFFF10823A9C93
S31508174640672F67646337F26B0CFFFFFF96823A840E
S31508174650672F696D2F65630000E60000000000FFED
S315081746608B903984E700000090813A94672F676327
S3150817467063A8953D0CFFFFFF10823A9C672F676466
S31508174680631FF66B0CFFFFFF96823A84672F696DD7
S315081746902F65630000E70000000000FF93843A8443
S315081746A0672F612F312F3130322F376993843A8428
S315081746B0672F612F312F3130322F372913853A84D7
S315081746C0672F612F322F3130322F376B13853A8484
S315081746D0672F612F322F3130322F372B8B90398432
S315081746E0E800000090813A94672F67636390993DB5
S315081746F00CFFFFFF10823A9C672F67646307FA6BF4
S315081747000CFFFFFF96823A84672F696D2F65630042
S3150817471000E80000000000FF8B903984E9000000CC
S3150817472090813A94672F676363789D3D0CFFFFFF67
S3150817473010823A9C672F676463EFFD6B0CFFFFFFC8
S3150817474096823A84672F696D2F65630000E9000022
S31508174750000000FF8B903984EA00000090813A9494
S31508174760672F67636360A13D0CFFFFFF10823A9CB2
S31508174770672F676463D7016C0CFFFFFF96823A842D
S31508174780672F696D2F65630000EA0000000000FFB8
S315081747908B903984EB00000090813A94672F6763F2
S315081747A06348A53D0CFFFFFF10823A9C672F676485
S315081747B063BF056C0CFFFFFF96823A84672F696DF6
S315081747C02F65630000EB0000000000FF8B9039840B
S315081747D0EC00000090813A94672F67636330A93D10
S315081747E00CFFFFFF10823A9C672F676463A7096C53
S315081747F00CFFFFFF96823A84672F696D2F65630052
S3150817480000EC0000000000FF93843A84672F612F9D
S31508174810312F3130322F376993843A84672F612FB6
S31508174820312F3130322F372913853A84672F612F65
S31508174830322F3130322F376B13853A84672F612F12
S31508174840322F3130322F372B8B903984ED000000F9
S3150817485090813A94672F67636318AD3D0CFFFFFF86
S3150817486010823A9C672F6764638F0D6C0CFFFFFFE6
S3150817487096823A84672F696D2F65630000ED0000ED
S31508174880000000FF93843A84672F612F312F313048
S31508174890322F376993843A84672F612F312F313036
S315081748A0322F372913853A84672F612F322F3130E4
S315081748B0322F376B13853A84672F612F322F313092
S315081748C0322F372B8B903984EE00000090813A945B
S315081748D0672F67636300B13D0CFFFFFF10823A9C91
S315081748E0672F67646377116C0CFFFFFF96823A840C
S315081748F0672F696D2F65630000EE0000000000FF43
S3150817490093843A84672F612F312F3130322F3769C5
S3150817491093843A84672F612F312F3130322F3729F5
S3150817492013853A84672F612F322F3130322F376B21
S3150817493013853A84672F612F322F3130322F372B51
S315081749408B903984EF00000090813A94672F67633C
S3150817495063E8B43D0CFFFFFF10823A9C672F676424
S31508174960635F156C0CFFFFFF96823A84672F696D94
S315081749702F65630000EF0000000000FF93843A8458
S31508174980672F612F312F3130322F376993843A8445
S31508174990672F612F312F3130322F372913853A84F4
S315081749A0672F612F322F3130322F376B13853A84A1
S315081749B0672F612F322F3130322F372B8B9039844F
S315081749C0F000000090813A94672F676363D0B83D6B
S315081749D00CFFFFFF10823A9C672F67646347196CB1
S315081749E00CFFFFFF96823A84672F696D2F65630060
S315081749F000F00000000000FF8B903984F1000000DA
S31508174A0090813A94672F676363B8BC3D0CFFFFFF25
S31508174A1010823A9C672F6764632F1D6C0CFFFFFF84
S31508174A2096823A84672F696D2F65630000F1000037
S31508174A30000000FF93843A84672F612F312F313096
S31508174A40322F376993843A84672F612F312F313084
S31508174A50322F372913853A84672F612F322F313032
S31508174A60322F376B13853A84672F612F322F3130E0
S31508174A70322F372B8B903984F200000090813A94A5
S31508174A80672F676363A0C03D0CFFFFFF10823A9C30
S31508174A90672F67646317216C0CFFFFFF96823A84AA
S31508174AA0672F696D2F65630000F20000000000FF8D
S31508174AB08B903984F300000090813A94672F6763C7
S31508174AC06388C43D0CFFFFFF10823A9C672F676403
S31508174AD063FF246C0CFFFFFF96823A84672F696D74
S31508174AE02F65630000F30000000000FF93843A84E3
S31508174AF0672F612F312F3130322F376993843A84D4
S31508174B00672F612F312F3130322F372913853A8482
S31508174B10672F612F322F3130322F376B13853A842F
S31508174B20672F612F322F3130322F372B8B903984DD
S31508174B30F400000090813A94672F67636370C83D45
S31508174B400CFFFFFF10823A9C672F676463E7286C90
S31508174B500CFFFFFF96823A84672F696D2F656300EE
S31508174B6000F40000000000FF93843A84672F612F32
S31508174B70312F3130322F376993843A84672F612F53
S31508174B80312F3130322F372913853A84672F612F02
S31508174B90322F3130322F376B13853A84672F612FAF
S31508174BA0322F3130322F372B8B903984F50000008E
S31508174BB090813A94672F67636358CC3D0CFFFFFFC4
S31508174BC010823A9C672F676463CF2C6C0CFFFFFF24
S31508174BD096823A84672F696D2F65630000F5000082
S31508174BE0000000FF8B903984F600000090813A94F4
S31508174BF0672F67636340D03D0CFFFFFF10823A9C0F
S31508174C00672F676463B7306C0CFFFFFF96823A8489
S31508174C10672F696D2F65630000F60000000000FF17
S31508174C2093843A84672F612F312F3130322F3769A2
S31508174C3093843A84672F612F312F3130322F3729D2
S31508174C4013853A84672F612F322F3130322F376BFE
S31508174C5013853A84672F612F322F3130322F372B2E
S31508174C608B903984F700000090813A94672F676311
S31508174C706328D43D0CFFFFFF10823A9C672F6764A1
S31508174C80639F346C0CFFFFFF96823A84672F696D12
S31508174C902F65630000F70000000000FF93843A842D
S31508174CA0672F612F312F3130322F376993843A8422
S31508174CB0672F612F312F3130322F372913853A84D1
S31508174CC0672F612F322F3130322F376B13853A847E
S31508174CD0672F612F322F3130322F372B8B9039842C
S31508174CE0F800000090813A94672F67636310D83DE0
S31508174CF00CFFFFFF10823A9C672F67646387386C2F
S31508174D000CFFFFFF96823A84672F696D2F6563003C
S31508174D1000F80000000000FF8B903984F9000000A6
S31508174D2090813A94672F676363F8DB3D0CFFFFFFA3
S31508174D3010823A9C672F6764636F3C6C0CFFFFFF02
S31508174D4096823A84672F696D2F65630000F900000C
S31508174D50000000FF8B903984FA00000090813A947E
S31508174D60672F676363E0DF3D0CFFFFFF10823A9CEE
S31508174D70672F67646357406C0CFFFFFF96823A8468
S31508174D80672F696D2F65630000FA0000000000FFA2
S31508174D908B903984FB00000090813A94672F6763DC
S31508174DA063C8E33D0CFFFFFF10823A9C672F6764C1
S31508174DB0633F446C0CFFFFFF96823A84672F696D31
S31508174DC02F65630000FB0000000000FF8B903984F5
S31508174DD0FC00000090813A94672F676363B0E73D3C
S31508174DE00CFFFFFF10823A9C672F67646327486C8E
S31508174DF00CFFFFFF96823A84672F696D2F6563004C
S31508174E0000FC0000000000FF93843A84672F612F87
S31508174E10312F3130322F376993843A84672F612FB0
S31508174E20312F3130322F372913853A84672F612F5F
S31508174E30322F3130322F376B13853A84672F612F0C
S31508174E40322F3130322F372B8B903984FD000000E3
S31508174E5090813A94672F67636398EB3D0CFFFFFFC2
S31508174E6010823A9C672F6764630F4C6C0CFFFFFF21
S31508174E7096823A84672F696D2F65630000FD0000D7
S31508174E80000000FF93843A84672F612F312F313042
S31508174E90322F376993843A84672F612F312F313030
S31508174EA0322F372913853A84672F612F322F3130DE
S31508174EB0322F376B13853A84672F612F322F31308C
S31508174EC0322F372B8B903984FE00000090813A9445
S31508174ED0672F67636380EF3D0CFFFFFF10823A9CCD
S31508174EE0672F676463F74F6C0CFFFFFF96823A8448
S31508174EF0672F696D2F65630000FE0000000000FF2D
S31508174F008B903984FF00000090813A94672F676366
S31508174F106368F33D0CFFFFFF10823A9C672F67649F
S31508174F2063DF536C0CFFFFFF96823A84672F696D10
S31508174F302F65630000FF0000000000FF93843A8482
S31508174F40672F612F312F3130322F376993843A847F
S31508174F50672F612F312F3130322F372913853A842E
S31508174F60672F612F322F3130322F376B13853A84DB
S31508174F70672F612F322F3130322F372B8B90398489
S31508174F800001000090813A94672F67636350F73DD5
S31508174F900CFFFFFF10823A9C672F676463C7576C2D
S31508174FA00CFFFFFF96823A84672F696D2F6563009A
S31508174FB000000100000000FF8B90398401010000F2
S31508174FC090813A94672F67636338FB3D0CFFFFFFA1
S31508174FD010823A9C672F676463AF5B6C0CFFFFFF01
S31508174FE096823A84672F696D2F6563000001010061
S31508174FF0000000FF93843A84672F612F312F3130D1
S31508175000322F37690D1600A2658DD379D4C9FFFFDC
S315081750108B843984000000000985398C434EFFFFBD
S31508175020178C397C30424138354141383537353157
S31508175030463530310D90398C000000000000FFFF0F
S31508175040CBB63664105D175E00000000010002003B
S3150817505000000000505341004B455900000000005E
S3150817506001000000001180000114000009008003E8
S315081750700000000010000000311D20E1386B725047
S315081750807D14C146EB0A5C6500803AE4200300B834
S31508175090C2263034E8997C0AA1E33772B0FD5AED77
S315081750A08F744C5F0000000000000000000000002D
S315081750B000000000000000000000000000000000CB
S315081750C000000000000000000000000000000000BB
S315081750D000000000000000000000000000000000AB
S315081750E0000000000000000000000000000000009B
S315081750F0000000000000000000000000000000008B
S31508175100000000000000000000000000000000007A
S31508175110000000000000000000000000000000006A
S31508175120000000000000000000000000000000005A
S31508175130000000000000000000000000000000004A
S31508175140000000000000000000000000000000003A
S31508175150000000000000000000000000000000002A
S31508175160000000000000000000000000000000001A
S31508175170000000000000000000000000000000000A
S3150817518000000000000000000000000000000000FA
S3150817519000000000000000000000000000000000EA
S315081751A000000000000000000000000000000000DA
S315081751B000000000000000000000000000000000CA
S315081751C000000000000000000000000000000000BA
S315081751D000000000000000000000000000000000AA
S315081751E0000000000000000000000000000000009A
S315081751F0000000000000000000000000000000008A
S315081752000000000000000000000000000000000079
S315081752100000000000000000000000000000000069
S315081752200000000000000000000000000000000059
S315081752300000000000000000000000000000000049
S315081752400000000000000000000000000000000039
S315081752500000000000000000000000000000000029
S315081752600000000000000000000000000000000019
S315081752700000000000000000000000000000000009
S3150817528000000000000000000000000000000000F9
S3150817529000000000000000000000000000000000E9
S315081752A000000000000000000000000000000000D9
S315081752B000000000000000000000000000000000C9
S315081752C000000000000000000000000000000000B9
S315081752D000000000000000000000000000000000A9
S315081752E00000000000000000000000000000000099
S315081752F00000000000000000000000000000000089
S315081753000000000000000000000000000000000078
S315081753100000000000000000000000000000000068
S315081753200000000000000000000000000000000058
S315081753300000000000000000000000000000000048
S315081753400000000000000000000000000000000038
S315081753500000000000000000000000000000000028
S315081753600000000000000000000000000000000018
S315081753700000000000000000000000000000000008
S3150817538000000000000000000000000000000000F8
S3150817539000000000000000000000000000000000E8
S315081753A000000000000000000000000000000000D8
S315081753B08E803A8C672F73756D0F00FF15813A8C9F
S315081753C0672F6C6B67741526004438B82C18FFFFBF
S315081753D011833A8C672F612F332F382F30FEFFFF33
S315081753E091833A84672F612F342F382F30FEFFFFAA
S315081753F017843A84672F612F302F32622F3005654D
S315081754006E2D555391077888029001000101860081
S315081754100000FFFF22507898EFAB06000000010145
S31508175420000101020002010300030104000401053B
S31508175430000501FF870578880706789093FF1F4AA6
S31508175440000000000D00000000000000271C009A4D
S31508175450FFFFFFFFFFFFFFFFFFFFFFFFFFFFFFFF37
S31508175460FFFFFFFFFFFFFFFFFFFFFFFFFFFFFFFF27
S31508175470081E00AA01FFFFFF5B8D366C105D175ECD
S315081754800000000002000000000000005053410011
S315081754904B45590000000000010000001271000179
S315081754A0003C000009060006000000002000000066
S315081754B03AD958F227166A5B4B45169681200B552B
S315081754C01C6F05C6A10AA83E0CFD933A7F6B50C9F7
S315081754D093843A84672F612F312F3130322F37292A
S315081754E08B9039840201000090813A94672F67637D
S315081754F06320FF3D0CFFFFFF10823A9C672F6764F6
S3150817550063975F6C0CFFFFFF96823A84672F696D66
S315081755102F65630000020100000000FF8B90398495
S315081755200301000090813A94672F67636308033E67
S315081755300CFFFFFF10823A9C672F6764637F636CC3
S315081755400CFFFFFF96823A84672F696D2F656300F4
S3150817555000030100000000FF8B9039840401000046
S3150817556090813A94672F676363F0063E0CFFFFFF37
S3150817557010823A9C672F67646367676C0CFFFFFF97
S3150817558096823A84672F696D2F65630000040100B8
S31508175590000000FF8B9039840501000090813A942A
S315081755A0672F676363D80A3E0CFFFFFF10823A9C82
S315081755B0672F6764634F6B6C0CFFFFFF96823A84FD
S315081755C0672F696D2F65630000050100000000FF4E
S315081755D08B9039840601000090813A94672F676388
S315081755E063C00E3E0CFFFFFF10823A9C672F676455
S315081755F063376F6C0CFFFFFF96823A84672F696DC6
S315081756002F65630000060100000000FF8B903984A0
S315081756100701000090813A94672F676363A8123EC3
S315081756200CFFFFFF10823A9C672F6764631F736C22
S315081756300CFFFFFF96823A84672F696D2F65630003
S3150817564000070100000000FF8B903984080100004D
S3150817565090813A94672F67636390163E0CFFFFFF96
S3150817566010823A9C672F67646307776C0CFFFFFFF6
S3150817567096823A84672F696D2F65630000080100C3
S31508175680000000FF8B9039840901000090813A9435
S31508175690672F676363781A3E0CFFFFFF10823A9CE1
S315081756A0672F676463EF7A6C0CFFFFFF96823A845D
S315081756B0672F696D2F65630000090100000000FF59
S315081756C08B9039840A01000090813A94672F676393
S315081756D063601E3E0CFFFFFF10823A9C672F6764B4
S315081756E063D77E6C0CFFFFFF96823A84672F696D26
S315081756F02F656300000A0100000000FF8B903984AC
S315081757000B01000090813A94672F67636348223E1E
S315081757100CFFFFFF10823A9C672F676463BF826C82
S315081757200CFFFFFF96823A84672F696D2F65630012
S31508175730000B0100000000FF8B9039840C01000054
S3150817574090813A94672F67636330263E0CFFFFFFF5
S3150817575010823A9C672F676463A7866C0CFFFFFF56
S3150817576096823A84672F696D2F656300000C0100CE
S31508175770000000FF8B9039840D01000090813A9440
S31508175780672F676363182A3E0CFFFFFF10823A9C40
S31508175790672F6764638F8A6C0CFFFFFF96823A84BC
S315081757A0672F696D2F656300000D0100000000FF64
S315081757B08B9039840E01000090813A94672F67639E
S315081757C063002E3E0CFFFFFF10823A9C672F676413
S315081757D063778E6C0CFFFFFF96823A84672F696D85
S315081757E02F656300000E0100000000FF8B903984B7
S315081757F00F01000090813A94672F676363E8313E7B
S315081758000CFFFFFF10823A9C672F6764635F926CE1
S315081758100CFFFFFF96823A84672F696D2F65630021
S31508175820000F0100000000FF8B903984100100005B
S3150817583090813A94672F676363D0353E0CFFFFFF55
S3150817584010823A9C672F67646347966C0CFFFFFFB5
S3150817585096823A84672F696D2F65630000100100D9
S31508175860000000FF8B9039841101000090813A944B
S31508175870672F676363B8393E0CFFFFFF10823A9CA0
S31508175880672F6764632F9A6C0CFFFFFF96823A841B
S31508175890672F696D2F65630000110100000000FF6F
S315081758A08B9039841201000090813A94672F6763A9
S315081758B063A03D3E0CFFFFFF10823A9C672F676473
S315081758C063179E6C0CFFFFFF96823A84672F696DE4
S315081758D02F65630000120100000000FF8B903984C2
S315081758E01301000090813A94672F67636388413ED6
S315081758F00CFFFFFF10823A9C672F676463FFA16C42
S315081759000CFFFFFF96823A84672F696D2F65630030
S3150817591000130100000000FF8B9039841401000062
S3150817592090813A94672F67636370453E0CFFFFFFB4
S3150817593010823A9C672F676463E7A56C0CFFFFFF15
S3150817594096823A84672F696D2F65630000140100E4
S31508175950000000FF8B9039841501000090813A9456
S31508175960672F67636358493E0CFFFFFF10823A9CFF
S31508175970672F676463CFA96C0CFFFFFF96823A847B
S31508175980672F696D2F65630000150100000000FF7A
S315081759908B9039841601000090813A94672F6763B4
S315081759A063404D3E0CFFFFFF10823A9C672F6764D2
S315081759B063B7AD6C0CFFFFFF96823A84672F696D44
S315081759C02F65630000160100000000FF8B903984CD
S315081759D01701000090813A94672F67636328513E31
S315081759E00CFFFFFF10823A9C672F6764639FB16CA1
S315081759F00CFFFFFF96823A84672F696D2F65630040
S31508175A0000170100000000FF8B9039841801000069
S31508175A1090813A94672F67636310553E0CFFFFFF13
S31508175A2010823A9C672F67646387B56C0CFFFFFF74
S31508175A3096823A84672F696D2F65630000180100EF
S31508175A40000000FF8B9039841901000090813A9461
S31508175A50672F676363F8583E0CFFFFFF10823A9C5F
S31508175A60672F6764636FB96C0CFFFFFF96823A84DA
S31508175A70672F696D2F65630000190100000000FF85
S31508175A808B9039841A01000090813A94672F6763BF
S31508175A9063E05C3E0CFFFFFF10823A9C672F676432
S31508175AA06357BD6C0CFFFFFF96823A84672F696DA3
S31508175AB02F656300001A0100000000FF8B903984D8
S31508175AC01B01000090813A94672F676363C8603E8D
S31508175AD00CFFFFFF10823A9C672F6764633FC16C00
S31508175AE00CFFFFFF96823A84672F696D2F6563004F
S31508175AF0001B0100000000FF8B9039841C01000071
S31508175B0090813A94672F676363B0643E0CFFFFFF73
S31508175B1010823A9C672F67646327C56C0CFFFFFFD3
S31508175B2096823A84672F696D2F656300001C0100FA
S31508175B30000000FF8B9039841D01000090813A946C
S31508175B40672F67636398683E0CFFFFFF10823A9CBE
S31508175B50672F6764630FC96C0CFFFFFF96823A8439
S31508175B60672F696D2F656300001D0100000000FF90
S31508175B708B9039841E01000090813A94672F6763CA
S31508175B8063806C3E0CFFFFFF10823A9C672F676491
S31508175B9063F7CC6C0CFFFFFF96823A84672F696D03
S31508175BA02F656300001E0100000000FF8B903984E3
S31508175BB01F01000090813A94672F67636368703EE8
S31508175BC00CFFFFFF10823A9C672F676463DFD06C60
S31508175BD00CFFFFFF96823A84672F696D2F6563005E
S31508175BE0001F0100000000FF8B9039842001000078
S31508175BF090813A94672F67636350743E0CFFFFFFD3
S31508175C0010823A9C672F676463C7D46C0CFFFFFF33
S31508175C1096823A84672F696D2F6563000020010005
S31508175C20000000FF8B9039842101000090813A9477
S31508175C30672F67636338783E0CFFFFFF10823A9C1D
S31508175C40672F676463AFD86C0CFFFFFF96823A8499
S31508175C50672F696D2F65630000210100000000FF9B
S31508175C608B9039842201000090813A94672F6763D5
S31508175C7063207C3E0CFFFFFF10823A9C672F6764F0
S31508175C806397DC6C0CFFFFFF96823A84672F696D62
S31508175C902F65630000220100000000FF93843A84F1
S31508175CA0672F612F312F3130322F376993843A8412
S31508175CB0672F612F312F3130322F372913853A84C1
S31508175CC0672F612F322F3130322F376B13853A846E
S31508175CD0672F612F322F3130322F372B0D1600A22F
S31508175CE027198F5993E1FFFF8384398C0385398CDC
S31508175CF0038C398C039039948390398C83B6367410
S31508175D0003803A9C83803A9403813A9483813A8C28
S31508175D1003823A9483823A8C03833A8C83833A8430
S31508175D2003843A9483843A8C03853A8CCBB63664C3
S31508175D30105D175E00000000010002000000000059
S31508175D40505341004B455900000000000100000060
S31508175D5000118000011400000900800300000000EC
S31508175D6010000000DDDB3963BA654FCFA0708BB51D
S31508175D70133AE7A5178C397C3443444433433436EE
S31508175D8038313732423141458B903984010000004A
S31508175D900D90398C000000000000FFFF8E803A8CAA
S31508175DA0672F73756D0F00FF15813A8C672F6C6B0C
S31508175DB067741526004438B82C18FFFF90813A9453
S31508175DC0672F6763632A36390FFFFFFF10823A9CDE
S31508175DD0672F6764639F138405FFFFFF96823A84CC
S31508175DE0672F696D2F65630000010000000000FF2B
S31508175DF011833A8C672F612F332F382F30FEFFFF09
S31508175E0091833A84672F612F342F382F30FEFFFF7F
S31508175E1017843A84672F612F302F32622F30056522
S31508175E206E2D555393843A84672F612F312F31304E
S31508175E30322F376193843A84672F612F312F313088
S31508175E40322F372913853A84672F612F322F31302E
S31508175E50322F376313853A84672F612F322F3130E4
S31508175E60322F372B00803AEC940100B0C226303413
S31508175E70E8997C0AA1E33772B0FD5AED8F744C5F27
S31508175E8000000000000000000000000000000000ED
S31508175E9000000000000000000000000000000000DD
S31508175EA000000000000000000000000000000000CD
S31508175EB000000000000000000000000000000000BD
S31508175EC000000000000000000000000000000000AD
S31508175ED0000000000000000000000000000000009D
S31508175EE0000000000000000000000000000000008D
S31508175EF0000000000000000000000000000000007D
S31508175F00000000000000000000000000000000006C
S31508175F10000000000000000000000000000000005C
S31508175F20000000000000000000000000000000004C
S31508175F30000000000000000000000000000000003C
S31508175F40000000000000000000000000000000002C
S31508175F50000000000000000000000000000000001C
S31508175F60000000000000000000000000000000000C
S31508175F7000000000000000000000000000000000FC
S31508175F8000000000000000000000000000000000EC
S31508175F9000000000000000000000000000000000DC
S31508175FA000000000000000000000000000000000CC
S31508175FB000000000000000000000000000000000BC
S31508175FC000000000000000000000000000000000AC
S31508175FD0000000000000000000000000000000009C
S31508175FE0000000000000000000000000000000008C
S31508175FF0000000000000000000000000000000007C
S3150817600001009AB2020000D0FDFFFF0FFFFFFFFF46
S315081760103C90FFFF00803AFC8C0100AC00000000A2
S31508176020000000000000000000000000000000004B
S31508176030000000000000000000000000000000003B
S31508176040000000000000000000000000000000002B
S31508176050000000000000000000000000000000001B
S31508176060000000000000000000000000000000000B
S3150817607000000000000000000000000000000000FB
S3150817608000000000000000000000000000000000EB
S3150817609000000000000000000000000000000000DB
S315081760A000000000000000000000000000000000CB
S315081760B000000000000000000000000000000000BB
S315081760C000000000000000000000000000000000AB
S315081760D0000000000000000000000000000000009B
S315081760E0000000000000000000000000000000008B
S315081760F0000000000000000000000000000000007B
S31508176100000000000000000000000000000000006A
S31508176110000000000000000000000000000000005A
S31508176120000000000000000000000000000000004A
S31508176130000000000000000000000000000000003A
S31508176140000000000000000000000000000000002A
S31508176150000000000000000000000000000000001A
S31508176160000000000000000000000000000000000A
S3150817617000000000000000000000000000000000FA
S3150817618000000000000000000000000000000000EA
S3150817619000000000000000000000000000000000DA
S315081761A000000000000000008B84398400000000FE
S315081761B00985398C434EFFFF5B943674105D175E5D
S315081761C00000000000440000000000005053410082
S315081761D04B4559000000000001000000127100012C
S315081761E00014000009060006000000002000000041
S315081761F01174B65EDCD6B8AC0C131C62F4C04AFD33
S315081762006B09D69E51D45951BA5AD5DCDFB63E9882
S315081762100394368C8B9039840200000090813A9447
S31508176220672F676363123A390FFFFFFF10823A9C8D
S31508176230672F67646387178405FFFFFF96823A847B
S31508176240672F696D2F65630000020000000000FFC5
S315081762508B9039840300000090813A94672F6763FF
S3150817626063FA3D390FFFFFFF10823A9C672F676461
S31508176270636F1B8405FFFFFF96823A84672F696D44
S315081762802F65630000030000000000FF8B90398418
S315081762900400000090813A94672F676363E24139D7
S315081762A00FFFFFFF10823A9C672F676463571F8497
S315081762B005FFFFFF96823A84672F696D2F6563007E
S315081762C000040000000000FF8B90398405000000C9
S315081762D090813A94672F676363CA45390FFFFFFFA3
S315081762E010823A9C672F6764633F238405FFFFFF75
S315081762F096823A84672F696D2F656300000500003B
S31508176300000000FF8B9039840600000090813A94AC
S31508176310672F676363B249390FFFFFFF10823A9CED
S31508176320672F67646327278405FFFFFF96823A84DA
S31508176330672F696D2F65630000060000000000FFD0
S315081763408B9039840700000090813A94672F67630A
S31508176350639A4D390FFFFFFF10823A9C672F6764C0
S31508176360630F2B8405FFFFFF96823A84672F696DA3
S315081763702F65630000070000000000FF8B90398423
S315081763800800000090813A94672F67636382513932
S315081763900FFFFFFF10823A9C672F676463F72E84F7
S315081763A005FFFFFF96823A84672F696D2F6563008D
S315081763B000080000000000FF93843A84672F612FB6
S315081763C0312F3130322F376993843A84672F612FEB
S315081763D0312F3130322F372913853A84672F612F9A
S315081763E0322F3130322F376B13853A84672F612F47
S315081763F0322F3130322F372B0D1600A2D0AF9221FC
S315081764006CDAFFFF8384398C0385398C038C398CB6
S31508176410039039948390398C83B6367403803A9CE3
S3150817642083803A9403813A9483813A8C03823A9407
S3150817643083823A8C03833A8C83833A8403843A9407
S3150817644083843A8C03853A8CCBB63664105D175E0F
S315081764500000000001000200000000005053410030
S315081764604B4559000000000001000000001180008C
S315081764700114000009008003000000001000000046
S3150817648044B3B74716D521EE9D786FFD20D7CBA90C
S31508176490178C397C333631373732324143364235E2
S315081764A0413732338B903984010000000D90398CAF
S315081764B0000000000000FFFF8E803A8C672F737567
S315081764C06D0F00FF15813A8C672F6C6B677415264D
S315081764D0004438B82C18FFFF90813A94672F6763E2
S315081764E063087BA409FFFFFF10823A9C672F67642E
S315081764F06344254703FFFFFF96823A84672F696D22
S315081765002F65630000010000000000FF11833A8C15
S31508176510672F612F332F382F30FEFFFF91833A8469
S31508176520672F612F342F382F30FEFFFF17843A84D1
S31508176530672F612F302F32622F3005656E2D555311
S3150817654093843A84672F612F312F3130322F376171
S3150817655093843A84672F612F312F3130322F372999
S3150817656013853A84672F612F322F3130322F3763CD
S3150817657013853A84672F612F322F3130322F372BF5
S3150817658000803AE4200300B8C2263034E8997C0A1A
S31508176590A1E33772B0FD5AED8F744C5F0000000007
S315081765A000000000000000000000000000000000C6
S315081765B000000000000000000000000000000000B6
S315081765C000000000000000000000000000000000A6
S315081765D00000000000000000000000000000000096
S315081765E00000000000000000000000000000000086
S315081765F00000000000000000000000000000000076
S315081766000000000000000000000000000000000065
S315081766100000000000000000000000000000000055
S315081766200000000000000000000000000000000045
S315081766300000000000000000000000000000000035
S315081766400000000000000000000000000000000025
S315081766500000000000000000000000000000000015
S315081766600000000000000000000000000000000005
S3150817667000000000000000000000000000000000F5
S3150817668000000000000000000000000000000000E5
S3150817669000000000000000000000000000000000D5
S315081766A000000000000000000000000000000000C5
S315081766B000000000000000000000000000000000B5
S315081766C000000000000000000000000000000000A5
S315081766D00000000000000000000000000000000095
S315081766E00000000000000000000000000000000085
S315081766F00000000000000000000000000000000075
S315081767000000000000000000000000000000000064
S315081767100000000000000000000000000000000054
S315081767200000000000000000000000000000000044
S315081767300000000000000000000000000000000034
S315081767400000000000000000000000000000000024
S315081767500000000000000000000000000000000014
S315081767600000000000000000000000000000000004
S3150817677000000000000000000000000000000000F4
S3150817678000000000000000000000000000000000E4
S3150817679000000000000000000000000000000000D4
S315081767A000000000000000000000000000000000C4
S315081767B000000000000000000000000000000000B4
S315081767C000000000000000000000000000000000A4
S315081767D00000000000000000000000000000000094
S315081767E00000000000000000000000000000000084
S315081767F00000000000000000000000000000000074
S315081768000000000000000000000000000000000063
S315081768100000000000000000000000000000000053
S315081768200000000000000000000000000000000043
S315081768300000000000000000000000000000000033
S315081768400000000000000000000000000000000023
S315081768500000000000000000000000000000000013
S315081768600000000000000000000000000000000003
S3150817687000000000000000000000000000000000F3
S3150817688000000000000000000000000000000000E3
S3150817689000000000000000000000000000000000D3
S315081768A000000000000000008B84398400000000F7
S315081768B00985398C5858FFFF8B90398402000000D8
S315081768C090813A94672F676363F07EA409FFFFFFE9
S315081768D010823A9C672F6764632C294703FFFFFFCB
S315081768E096823A84672F696D2F6563000002000048
S315081768F0000000FF93843A84672F612F312F3130B8
S31508176900322F376993843A84672F612F312F3130A5
S31508176910322F372913853A84672F612F322F313053
S31508176920322F376B13853A84672F612F322F313001
S31508176930322F372B8B9039840300000090813A94B5
S31508176940672F676363D882A409FFFFFF10823A9CF3
S31508176950672F676463142D4703FFFFFF96823A84F0
S31508176960672F696D2F65630000030000000000FF9D
S3150817697093843A84672F612F312F3130322F376935
S3150817698093843A84672F612F312F3130322F372965
S3150817699013853A84672F612F322F3130322F376B91
S315081769A013853A84672F612F322F3130322F372BC1
S315081769B08B9039840400000090813A94672F676397
S315081769C063C086A409FFFFFF10823A9C672F676486
S315081769D063FC304703FFFFFF96823A84672F696D7A
S315081769E02F65630000040000000000FF8B903984B0
S315081769F00500000090813A94672F676363A88AA4F5
S31508176A0009FFFFFF10823A9C672F676463E43447D0
S31508176A1003FFFFFF96823A84672F696D2F65630018
S31508176A2000050000000000FF8B903984060000005F
S31508176A3090813A94672F676363908EA409FFFFFFC7
S31508176A4010823A9C672F676463CC384703FFFFFFAA
S31508176A5096823A84672F696D2F65630000060000D2
S31508176A60000000FF8B9039840700000090813A9444
S31508176A70672F6763637892A409FFFFFF10823A9C12
S31508176A80672F676463B43C4703FFFFFF96823A8410
S31508176A90672F696D2F65630000070000000000FF68
S31508176AA08B9039840800000090813A94672F6763A2
S31508176AB0636096A409FFFFFF10823A9C672F6764E5
S31508176AC0639C404703FFFFFF96823A84672F696DD9
S31508176AD02F65630000080000000000FF8B903984BB
S31508176AE00900000090813A94672F676363489AA450
S31508176AF009FFFFFF10823A9C672F67646384444730
S31508176B0003FFFFFF96823A84672F696D2F65630027
S31508176B1000090000000000FF8B9039840A00000066
S31508176B2090813A94672F676363309EA409FFFFFF26
S31508176B3010823A9C672F6764636C484703FFFFFF09
S31508176B4096823A84672F696D2F656300000A0000DD
S31508176B50000000FF8B9039840B00000090813A944F
S31508176B60672F67636318A2A409FFFFFF10823A9C71
S31508176B70672F676463544C4703FFFFFF96823A846F
S31508176B80672F696D2F656300000B0000000000FF73
S31508176B908B9039840C00000090813A94672F6763AD
S31508176BA06300A6A409FFFFFF10823A9C672F676444
S31508176BB0633C504703FFFFFF96823A84672F696D38
S31508176BC02F656300000C0000000000FF8B903984C6
S31508176BD00D00000090813A94672F676363E8A9A4AC
S31508176BE009FFFFFF10823A9C672F6764632454478F
S31508176BF003FFFFFF96823A84672F696D2F65630037
S31508176C00000D0000000000FF8B9039840E0000006D
S31508176C1090813A94672F676363D0ADA409FFFFFF86
S31508176C2010823A9C672F6764630C584703FFFFFF68
S31508176C3096823A84672F696D2F656300000E0000E8
S31508176C40000000FF8B9039840F00000090813A945A
S31508176C50672F676363B8B1A409FFFFFF10823A9CD1
S31508176C60672F676463F45B4703FFFFFF96823A84CF
S31508176C70672F696D2F656300000F0000000000FF7E
S31508176C808B9039841000000090813A94672F6763B8
S31508176C9063A0B5A409FFFFFF10823A9C672F6764A4
S31508176CA063DC5F4703FFFFFF96823A84672F696D98
S31508176CB02F65630000100000000000FF8B903984D1
S31508176CC01100000090813A94672F67636388B9A407
S31508176CD009FFFFFF10823A9C672F676463C46347EF
S31508176CE003FFFFFF96823A84672F696D2F65630046
S31508176CF000110000000000FF8B9039841200000075
S31508176D0090813A94672F67636370BDA409FFFFFFE5
S31508176D1010823A9C672F676463AC674703FFFFFFC8
S31508176D2096823A84672F696D2F65630000120000F3
S31508176D30000000FF93843A84672F612F312F313073
S31508176D40322F376993843A84672F612F312F313061
S31508176D50322F372913853A84672F612F322F31300F
S31508176D60322F376B13853A84672F612F322F3130BD
S31508176D70322F372B8B9039841300000090813A9461
S31508176D80672F67636358C1A409FFFFFF10823A9CF0
S31508176D90672F676463946B4703FFFFFF96823A84EE
S31508176DA0672F696D2F65630000130000000000FF49
S31508176DB093843A84672F612F312F3130322F3769F1
S31508176DC093843A84672F612F312F3130322F372921
S31508176DD013853A84672F612F322F3130322F376B4D
S31508176DE013853A84672F612F322F3130322F372B7D
S31508176DF08B9039841400000090813A94672F676343
S31508176E006340C5A409FFFFFF10823A9C672F676482
S31508176E10637C6F4703FFFFFF96823A84672F696D76
S31508176E202F65630000140000000000FF93843A845E
S31508176E30672F612F312F3130322F376993843A8470
S31508176E40672F612F312F3130322F372913853A841F
S31508176E50672F612F322F3130322F376B13853A84CC
S31508176E60672F612F322F3130322F372B8B9039847A
S31508176E701500000090813A94672F67636328C9A4A1
S31508176E8009FFFFFF10823A9C672F6764636473478D
S31508176E9003FFFFFF96823A84672F696D2F65630094
S31508176EA000150000000000FF93843A84672F612FAE
S31508176EB0312F3130322F376993843A84672F612FF0
S31508176EC0312F3130322F372913853A84672F612F9F
S31508176ED0322F3130322F376B13853A84672F612F4C
S31508176EE0322F3130322F372BFFFFFFFFFFFFFFFF00
S31508176EF0FFFFFFFFFFFFFFFFFFFFFFFFFFFFFFFF7D
S31508176F00FFFFFFFFFFFFFFFFFFFFFFFFFFFFFFFF6C
S31508176F10FFFFFFFFFFFFFFFFFFFFFFFFFFFFFFFF5C
S31508176F20FFFFFFFFFFFFFFFFFFFFFFFFFFFFFFFF4C
S31508176F30FFFFFFFFFFFFFFFFFFFFFFFFFFFFFFFF3C
S31508176F40FFFFFFFFFFFFFFFFFFFFFFFFFFFFFFFF2C
S31508176F50FFFFFFFFFFFFFFFFFFFFFFFFFFFFFFFF1C
S31508176F60FFFFFFFFFFFFFFFFFFFFFFFFFFFFFFFF0C
S31508176F70FFFFFFFFFFFFFFFFFFFFFFFFFFFFFFFFFC
S31508176F80FFFFFFFFFFFFFFFFFFFFFFFFFFFFFFFFEC
S31508176F90FFFFFFFFFFFFFFFFFFFFFFFFFFFFFFFFDC
S31508176FA0FFFFFFFFFFFFFFFFFFFFFFFFFFFFFFFFCC
S31508176FB0FFFFFFFFFFFFFFFFFFFFFFFFFFFFFFFFBC
S31508176FC0FFFFFFFFFFFFFFFFFFFFFFFFFFFFFFFFAC
S31508176FD0FFFFFFFFFFFFFFFFFFFFFFFFFFFFFFFF9C
S31508176FE0FFFFFFFFFFFFFFFFFFFFFFFFFFFFFFFF8C
S31508176FF0FFFFFFFFFFFFFFFFFFFFFFFFFFFFFFFF7C
S31508177000FFFFFFFFFFFFFFFFFFFFFFFFFFFFFFFF6B
S31508177010FFFFFFFFFFFFFFFFFFFFFFFFFFFFFFFF5B
S31508177020FFFFFFFFFFFFFFFFFFFFFFFFFFFFFFFF4B
S31508177030FFFFFFFFFFFFFFFFFFFFFFFFFFFFFFFF3B
S31508177040FFFFFFFFFFFFFFFFFFFFFFFFFFFFFFFF2B
S31508177050FFFFFFFFFFFFFFFFFFFFFFFFFFFFFFFF1B
S31508177060FFFFFFFFFFFFFFFFFFFFFFFFFFFFFFFF0B
S31508177070FFFFFFFFFFFFFFFFFFFFFFFFFFFFFFFFFB
S31508177080FFFFFFFFFFFFFFFFFFFFFFFFFFFFFFFFEB
S31508177090FFFFFFFFFFFFFFFFFFFFFFFFFFFFFFFFDB
S315081770A0FFFFFFFFFFFFFFFFFFFFFFFFFFFFFFFFCB
S315081770B0FFFFFFFFFFFFFFFFFFFFFFFFFFFFFFFFBB
S315081770C0FFFFFFFFFFFFFFFFFFFFFFFFFFFFFFFFAB
S315081770D0FFFFFFFFFFFFFFFFFFFFFFFFFFFFFFFF9B
S315081770E0FFFFFFFFFFFFFFFFFFFFFFFFFFFFFFFF8B
S315081770F0FFFFFFFFFFFFFFFFFFFFFFFFFFFFFFFF7B
S31508177100FFFFFFFFFFFFFFFFFFFFFFFFFFFFFFFF6A
S31508177110FFFFFFFFFFFFFFFFFFFFFFFFFFFFFFFF5A
S31508177120FFFFFFFFFFFFFFFFFFFFFFFFFFFFFFFF4A
S31508177130FFFFFFFFFFFFFFFFFFFFFFFFFFFFFFFF3A
S31508177140FFFFFFFFFFFFFFFFFFFFFFFFFFFFFFFF2A
S31508177150FFFFFFFFFFFFFFFFFFFFFFFFFFFFFFFF1A
S31508177160FFFFFFFFFFFFFFFFFFFFFFFFFFFFFFFF0A
S31508177170FFFFFFFFFFFFFFFFFFFFFFFFFFFFFFFFFA
S31508177180FFFFFFFFFFFFFFFFFFFFFFFFFFFFFFFFEA
S31508177190FFFFFFFFFFFFFFFFFFFFFFFFFFFFFFFFDA
S315081771A0FFFFFFFFFFFFFFFFFFFFFFFFFFFFFFFFCA
S315081771B0FFFFFFFFFFFFFFFFFFFFFFFFFFFFFFFFBA
S315081771C0FFFFFFFFFFFFFFFFFFFFFFFFFFFFFFFFAA
S315081771D0FFFFFFFFFFFFFFFFFFFFFFFFFFFFFFFF9A
S315081771E0FFFFFFFFFFFFFFFFFFFFFFFFFFFFFFFF8A
S315081771F0FFFFFFFFFFFFFFFFFFFFFFFFFFFFFFFF7A
S31508177200FFFFFFFFFFFFFFFFFFFFFFFFFFFFFFFF69
S31508177210FFFFFFFFFFFFFFFFFFFFFFFFFFFFFFFF59
S31508177220FFFFFFFFFFFFFFFFFFFFFFFFFFFFFFFF49
S31508177230FFFFFFFFFFFFFFFFFFFFFFFFFFFFFFFF39
S31508177240FFFFFFFFFFFFFFFFFFFFFFFFFFFFFFFF29
S31508177250FFFFFFFFFFFFFFFFFFFFFFFFFFFFFFFF19
S31508177260FFFFFFFFFFFFFFFFFFFFFFFFFFFFFFFF09
S31508177270FFFFFFFFFFFFFFFFFFFFFFFFFFFFFFFFF9
S31508177280FFFFFFFFFFFFFFFFFFFFFFFFFFFFFFFFE9
S31508177290FFFFFFFFFFFFFFFFFFFFFFFFFFFFFFFFD9
S315081772A0FFFFFFFFFFFFFFFFFFFFFFFFFFFFFFFFC9
S315081772B0FFFFFFFFFFFFFFFFFFFFFFFFFFFFFFFFB9
S315081772C0FFFFFFFFFFFFFFFFFFFFFFFFFFFFFFFFA9
S315081772D0FFFFFFFFFFFFFFFFFFFFFFFFFFFFFFFF99
S315081772E0FFFFFFFFFFFFFFFFFFFFFFFFFFFFFFFF89
S315081772F0FFFFFFFFFFFFFFFFFFFFFFFFFFFFFFFF79
S31508177300FFFFFFFFFFFFFFFFFFFFFFFFFFFFFFFF68
S31508177310FFFFFFFFFFFFFFFFFFFFFFFFFFFFFFFF58
S31508177320FFFFFFFFFFFFFFFFFFFFFFFFFFFFFFFF48
S31508177330FFFFFFFFFFFFFFFFFFFFFFFFFFFFFFFF38
S31508177340FFFFFFFFFFFFFFFFFFFFFFFFFFFFFFFF28
S31508177350FFFFFFFFFFFFFFFFFFFFFFFFFFFFFFFF18
S31508177360FFFFFFFFFFFFFFFFFFFFFFFFFFFFFFFF08
S31508177370FFFFFFFFFFFFFFFFFFFFFFFFFFFFFFFFF8
S31508177380FFFFFFFFFFFFFFFFFFFFFFFFFFFFFFFFE8
S31508177390FFFFFFFFFFFFFFFFFFFFFFFFFFFFFFFFD8
S315081773A0FFFFFFFFFFFFFFFFFFFFFFFFFFFFFFFFC8
S315081773B0FFFFFFFFFFFFFFFFFFFFFFFFFFFFFFFFB8
S315081773C0FFFFFFFFFFFFFFFFFFFFFFFFFFFFFFFFA8
S315081773D0FFFFFFFFFFFFFFFFFFFFFFFFFFFFFFFF98
S315081773E0FFFFFFFFFFFFFFFFFFFFFFFFFFFFFFFF88
S315081773F0FFFFFFFFFFFFFFFFFFFFFFFFFFFFFFFF78
S31508177400FFFFFFFFFFFFFFFFFFFFFFFFFFFFFFFF67
S31508177410FFFFFFFFFFFFFFFFFFFFFFFFFFFFFFFF57
S31508177420FFFFFFFFFFFFFFFFFFFFFFFFFFFFFFFF47
S31508177430FFFFFFFFFFFFFFFFFFFFFFFFFFFFFFFF37
S31508177440FFFFFFFFFFFFFFFFFFFFFFFFFFFFFFFF27
S31508177450FFFFFFFFFFFFFFFFFFFFFFFFFFFFFFFF17
S31508177460FFFFFFFFFFFFFFFFFFFFFFFFFFFFFFFF07
S31508177470FFFFFFFFFFFFFFFFFFFFFFFFFFFFFFFFF7
S31508177480FFFFFFFFFFFFFFFFFFFFFFFFFFFFFFFFE7
S31508177490FFFFFFFFFFFFFFFFFFFFFFFFFFFFFFFFD7
S315081774A0FFFFFFFFFFFFFFFFFFFFFFFFFFFFFFFFC7
S315081774B0FFFFFFFFFFFFFFFFFFFFFFFFFFFFFFFFB7
S315081774C0FFFFFFFFFFFFFFFFFFFFFFFFFFFFFFFFA7
S315081774D0FFFFFFFFFFFFFFFFFFFFFFFFFFFFFFFF97
S315081774E0FFFFFFFFFFFFFFFFFFFFFFFFFFFFFFFF87
S315081774F0FFFFFFFFFFFFFFFFFFFFFFFFFFFFFFFF77
S31508177500FFFFFFFFFFFFFFFFFFFFFFFFFFFFFFFF66
S31508177510FFFFFFFFFFFFFFFFFFFFFFFFFFFFFFFF56
S31508177520FFFFFFFFFFFFFFFFFFFFFFFFFFFFFFFF46
S31508177530FFFFFFFFFFFFFFFFFFFFFFFFFFFFFFFF36
S31508177540FFFFFFFFFFFFFFFFFFFFFFFFFFFFFFFF26
S31508177550FFFFFFFFFFFFFFFFFFFFFFFFFFFFFFFF16
S31508177560FFFFFFFFFFFFFFFFFFFFFFFFFFFFFFFF06
S31508177570FFFFFFFFFFFFFFFFFFFFFFFFFFFFFFFFF6
S31508177580FFFFFFFFFFFFFFFFFFFFFFFFFFFFFFFFE6
S31508177590FFFFFFFFFFFFFFFFFFFFFFFFFFFFFFFFD6
S315081775A0FFFFFFFFFFFFFFFFFFFFFFFFFFFFFFFFC6
S315081775B0FFFFFFFFFFFFFFFFFFFFFFFFFFFFFFFFB6
S315081775C0FFFFFFFFFFFFFFFFFFFFFFFFFFFFFFFFA6
S315081775D0FFFFFFFFFFFFFFFFFFFFFFFFFFFFFFFF96
S315081775E0FFFFFFFFFFFFFFFFFFFFFFFFFFFFFFFF86
S315081775F0FFFFFFFFFFFFFFFFFFFFFFFFFFFFFFFF76
S31508177600FFFFFFFFFFFFFFFFFFFFFFFFFFFFFFFF65
S31508177610FFFFFFFFFFFFFFFFFFFFFFFFFFFFFFFF55
S31508177620FFFFFFFFFFFFFFFFFFFFFFFFFFFFFFFF45
S31508177630FFFFFFFFFFFFFFFFFFFFFFFFFFFFFFFF35
S31508177640FFFFFFFFFFFFFFFFFFFFFFFFFFFFFFFF25
S31508177650FFFFFFFFFFFFFFFFFFFFFFFFFFFFFFFF15
S31508177660FFFFFFFFFFFFFFFFFFFFFFFFFFFFFFFF05
S31508177670FFFFFFFFFFFFFFFFFFFFFFFFFFFFFFFFF5
S31508177680FFFFFFFFFFFFFFFFFFFFFFFFFFFFFFFFE5
S31508177690FFFFFFFFFFFFFFFFFFFFFFFFFFFFFFFFD5
S315081776A0FFFFFFFFFFFFFFFFFFFFFFFFFFFFFFFFC5
S315081776B0FFFFFFFFFFFFFFFFFFFFFFFFFFFFFFFFB5
S315081776C0FFFFFFFFFFFFFFFFFFFFFFFFFFFFFFFFA5
S315081776D0FFFFFFFFFFFFFFFFFFFFFFFFFFFFFFFF95
S315081776E0FFFFFFFFFFFFFFFFFFFFFFFFFFFFFFFF85
S315081776F0FFFFFFFFFFFFFFFFFFFFFFFFFFFFFFFF75
S31508177700FFFFFFFFFFFFFFFFFFFFFFFFFFFFFFFF64
S31508177710FFFFFFFFFFFFFFFFFFFFFFFFFFFFFFFF54
S31508177720FFFFFFFFFFFFFFFFFFFFFFFFFFFFFFFF44
S31508177730FFFFFFFFFFFFFFFFFFFFFFFFFFFFFFFF34
S31508177740FFFFFFFFFFFFFFFFFFFFFFFFFFFFFFFF24
S31508177750FFFFFFFFFFFFFFFFFFFFFFFFFFFFFFFF14
S31508177760FFFFFFFFFFFFFFFFFFFFFFFFFFFFFFFF04
S31508177770FFFFFFFFFFFFFFFFFFFFFFFFFFFFFFFFF4
S31508177780FFFFFFFFFFFFFFFFFFFFFFFFFFFFFFFFE4
S31508177790FFFFFFFFFFFFFFFFFFFFFFFFFFFFFFFFD4
S315081777A0FFFFFFFFFFFFFFFFFFFFFFFFFFFFFFFFC4
S315081777B0FFFFFFFFFFFFFFFFFFFFFFFFFFFFFFFFB4
S315081777C0FFFFFFFFFFFFFFFFFFFFFFFFFFFFFFFFA4
S315081777D0FFFFFFFFFFFFFFFFFFFFFFFFFFFFFFFF94
S315081777E0FFFFFFFFFFFFFFFFFFFFFFFFFFFFFFFF84
S315081777F0FFFFFFFFFFFFFFFFFFFFFFFFFFFFFFFF74
S31508177800FFFFFFFFFFFFFFFFFFFFFFFFFFFFFFFF63
S31508177810FFFFFFFFFFFFFFFFFFFFFFFFFFFFFFFF53
S31508177820FFFFFFFFFFFFFFFFFFFFFFFFFFFFFFFF43
S31508177830FFFFFFFFFFFFFFFFFFFFFFFFFFFFFFFF33
S31508177840FFFFFFFFFFFFFFFFFFFFFFFFFFFFFFFF23
S31508177850FFFFFFFFFFFFFFFFFFFFFFFFFFFFFFFF13
S31508177860FFFFFFFFFFFFFFFFFFFFFFFFFFFFFFFF03
S31508177870FFFFFFFFFFFFFFFFFFFFFFFFFFFFFFFFF3
S31508177880FFFFFFFFFFFFFFFFFFFFFFFFFFFFFFFFE3
S31508177890FFFFFFFFFFFFFFFFFFFFFFFFFFFFFFFFD3
S315081778A0FFFFFFFFFFFFFFFFFFFFFFFFFFFFFFFFC3
S315081778B0FFFFFFFFFFFFFFFFFFFFFFFFFFFFFFFFB3
S315081778C0FFFFFFFFFFFFFFFFFFFFFFFFFFFFFFFFA3
S315081778D0FFFFFFFFFFFFFFFFFFFFFFFFFFFFFFFF93
S315081778E0FFFFFFFFFFFFFFFFFFFFFFFFFFFFFFFF83
S315081778F0FFFFFFFFFFFFFFFFFFFFFFFFFFFFFFFF73
S31508177900FFFFFFFFFFFFFFFFFFFFFFFFFFFFFFFF62
S31508177910FFFFFFFFFFFFFFFFFFFFFFFFFFFFFFFF52
S31508177920FFFFFFFFFFFFFFFFFFFFFFFFFFFFFFFF42
S31508177930FFFFFFFFFFFFFFFFFFFFFFFFFFFFFFFF32
S31508177940FFFFFFFFFFFFFFFFFFFFFFFFFFFFFFFF22
S31508177950FFFFFFFFFFFFFFFFFFFFFFFFFFFFFFFF12
S31508177960FFFFFFFFFFFFFFFFFFFFFFFFFFFFFFFF02
S31508177970FFFFFFFFFFFFFFFFFFFFFFFFFFFFFFFFF2
S31508177980FFFFFFFFFFFFFFFFFFFFFFFFFFFFFFFFE2
S31508177990FFFFFFFFFFFFFFFFFFFFFFFFFFFFFFFFD2
S315081779A0FFFFFFFFFFFFFFFFFFFFFFFFFFFFFFFFC2
S315081779B0FFFFFFFFFFFFFFFFFFFFFFFFFFFFFFFFB2
S315081779C0FFFFFFFFFFFFFFFFFFFFFFFFFFFFFFFFA2
S315081779D0FFFFFFFFFFFFFFFFFFFFFFFFFFFFFFFF92
S315081779E0FFFFFFFFFFFFFFFFFFFFFFFFFFFFFFFF82
S315081779F0FFFFFFFFFFFFFFFFFFFFFFFFFFFFFFFF72
S31508177A00FFFFFFFFFFFFFFFFFFFFFFFFFFFFFFFF61
S31508177A10FFFFFFFFFFFFFFFFFFFFFFFFFFFFFFFF51
S31508177A20FFFFFFFFFFFFFFFFFFFFFFFFFFFFFFFF41
S31508177A30FFFFFFFFFFFFFFFFFFFFFFFFFFFFFFFF31
S31508177A40FFFFFFFFFFFFFFFFFFFFFFFFFFFFFFFF21
S31508177A50FFFFFFFFFFFFFFFFFFFFFFFFFFFFFFFF11
S31508177A60FFFFFFFFFFFFFFFFFFFFFFFFFFFFFFFF01
S31508177A70FFFFFFFFFFFFFFFFFFFFFFFFFFFFFFFFF1
S31508177A80FFFFFFFFFFFFFFFFFFFFFFFFFFFFFFFFE1
S31508177A90FFFFFFFFFFFFFFFFFFFFFFFFFFFFFFFFD1
S31508177AA0FFFFFFFFFFFFFFFFFFFFFFFFFFFFFFFFC1
S31508177AB0FFFFFFFFFFFFFFFFFFFFFFFFFFFFFFFFB1
S31508177AC0FFFFFFFFFFFFFFFFFFFFFFFFFFFFFFFFA1
S31508177AD0FFFFFFFFFFFFFFFFFFFFFFFFFFFFFFFF91
S31508177AE0FFFFFFFFFFFFFFFFFFFFFFFFFFFFFFFF81
S31508177AF0FFFFFFFFFFFFFFFFFFFFFFFFFFFFFFFF71
S31508177B00FFFFFFFFFFFFFFFFFFFFFFFFFFFFFFFF60
S31508177B10FFFFFFFFFFFFFFFFFFFFFFFFFFFFFFFF50
S31508177B20FFFFFFFFFFFFFFFFFFFFFFFFFFFFFFFF40
S31508177B30FFFFFFFFFFFFFFFFFFFFFFFFFFFFFFFF30
S31508177B40FFFFFFFFFFFFFFFFFFFFFFFFFFFFFFFF20
S31508177B50FFFFFFFFFFFFFFFFFFFFFFFFFFFFFFFF10
S31508177B60FFFFFFFFFFFFFFFFFFFFFFFFFFFFFFFF00
S31508177B70FFFFFFFFFFFFFFFFFFFFFFFFFFFFFFFFF0
S31508177B80FFFFFFFFFFFFFFFFFFFFFFFFFFFFFFFFE0
S31508177B90FFFFFFFFFFFFFFFFFFFFFFFFFFFFFFFFD0
S31508177BA0FFFFFFFFFFFFFFFFFFFFFFFFFFFFFFFFC0
S31508177BB0FFFFFFFFFFFFFFFFFFFFFFFFFFFFFFFFB0
S31508177BC0FFFFFFFFFFFFFFFFFFFFFFFFFFFFFFFFA0
S31508177BD0FFFFFFFFFFFFFFFFFFFFFFFFFFFFFFFF90
S31508177BE0FFFFFFFFFFFFFFFFFFFFFFFFFFFFFFFF80
S31508177BF0FFFFFFFFFFFFFFFFFFFFFFFFFFFFFFFF70
S31508177C00FFFFFFFFFFFFFFFFFFFFFFFFFFFFFFFF5F
S31508177C10FFFFFFFFFFFFFFFFFFFFFFFFFFFFFFFF4F
S31508177C20FFFFFFFFFFFFFFFFFFFFFFFFFFFFFFFF3F
S31508177C30FFFFFFFFFFFFFFFFFFFFFFFFFFFFFFFF2F
S31508177C40FFFFFFFFFFFFFFFFFFFFFFFFFFFFFFFF1F
S31508177C50FFFFFFFFFFFFFFFFFFFFFFFFFFFFFFFF0F
S31508177C60FFFFFFFFFFFFFFFFFFFFFFFFFFFFFFFFFF
S31508177C70FFFFFFFFFFFFFFFFFFFFFFFFFFFFFFFFEF
S31508177C80FFFFFFFFFFFFFFFFFFFFFFFFFFFFFFFFDF
S31508177C90FFFFFFFFFFFFFFFFFFFFFFFFFFFFFFFFCF
S31508177CA0FFFFFFFFFFFFFFFFFFFFFFFFFFFFFFFFBF
S31508177CB0FFFFFFFFFFFFFFFFFFFFFFFFFFFFFFFFAF
S31508177CC0FFFFFFFFFFFFFFFFFFFFFFFFFFFFFFFF9F
S31508177CD0FFFFFFFFFFFFFFFFFFFFFFFFFFFFFFFF8F
S31508177CE0FFFFFFFFFFFFFFFFFFFFFFFFFFFFFFFF7F
S31508177CF0FFFFFFFFFFFFFFFFFFFFFFFFFFFFFFFF6F
S31508177D00FFFFFFFFFFFFFFFFFFFFFFFFFFFFFFFF5E
S31508177D10FFFFFFFFFFFFFFFFFFFFFFFFFFFFFFFF4E
S31508177D20FFFFFFFFFFFFFFFFFFFFFFFFFFFFFFFF3E
S31508177D30FFFFFFFFFFFFFFFFFFFFFFFFFFFFFFFF2E
S31508177D40FFFFFFFFFFFFFFFFFFFFFFFFFFFFFFFF1E
S31508177D50FFFFFFFFFFFFFFFFFFFFFFFFFFFFFFFF0E
S31508177D60FFFFFFFFFFFFFFFFFFFFFFFFFFFFFFFFFE
S31508177D70FFFFFFFFFFFFFFFFFFFFFFFFFFFFFFFFEE
S31508177D80FFFFFFFFFFFFFFFFFFFFFFFFFFFFFFFFDE
S31508177D90FFFFFFFFFFFFFFFFFFFFFFFFFFFFFFFFCE
S31508177DA0FFFFFFFFFFFFFFFFFFFFFFFFFFFFFFFFBE
S31508177DB0FFFFFFFFFFFFFFFFFFFFFFFFFFFFFFFFAE
S31508177DC0FFFFFFFFFFFFFFFFFFFFFFFFFFFFFFFF9E
S31508177DD0FFFFFFFFFFFFFFFFFFFFFFFFFFFFFFFF8E
S31508177DE0FFFFFFFFFFFFFFFFFFFFFFFFFFFFFFFF7E
S31508177DF0FFFFFFFFFFFFFFFFFFFFFFFFFFFFFFFF6E
S31508177E00FFFFFFFFFFFFFFFFFFFFFFFFFFFFFFFF5D
S31508177E10FFFFFFFFFFFFFFFFFFFFFFFFFFFFFFFF4D
S31508177E20FFFFFFFFFFFFFFFFFFFFFFFFFFFFFFFF3D
S31508177E30FFFFFFFFFFFFFFFFFFFFFFFFFFFFFFFF2D
S31508177E40FFFFFFFFFFFFFFFFFFFFFFFFFFFFFFFF1D
S31508177E50FFFFFFFFFFFFFFFFFFFFFFFFFFFFFFFF0D
S31508177E60FFFFFFFFFFFFFFFFFFFFFFFFFFFFFFFFFD
S31508177E70FFFFFFFFFFFFFFFFFFFFFFFFFFFFFFFFED
S31508177E80FFFFFFFFFFFFFFFFFFFFFFFFFFFFFFFFDD
S31508177E90FFFFFFFFFFFFFFFFFFFFFFFFFFFFFFFFCD
S31508177EA0FFFFFFFFFFFFFFFFFFFFFFFFFFFFFFFFBD
S31508177EB0FFFFFFFFFFFFFFFFFFFFFFFFFFFFFFFFAD
S31508177EC0FFFFFFFFFFFFFFFFFFFFFFFFFFFFFFFF9D
S31508177ED0FFFFFFFFFFFFFFFFFFFFFFFFFFFFFFFF8D
S31508177EE0FFFFFFFFFFFFFFFFFFFFFFFFFFFFFFFF7D
S31508177EF0FFFFFFFFFFFFFFFFFFFFFFFFFFFFFFFF6D
S31508177F00FFFFFFFFFFFFFFFFFFFFFFFFFFFFFFFF5C
S31508177F10FFFFFFFFFFFFFFFFFFFFFFFFFFFFFFFF4C
S31508177F20FFFFFFFFFFFFFFFFFFFFFFFFFFFFFFFF3C
S31508177F30FFFFFFFFFFFFFFFFFFFFFFFFFFFFFFFF2C
S31508177F40FFFFFFFFFFFFFFFFFFFFFFFFFFFFFFFF1C
S31508177F50FFFFFFFFFFFFFFFFFFFFFFFFFFFFFFFF0C
S31508177F60FFFFFFFFFFFFFFFFFFFFFFFFFFFFFFFFFC
S31508177F70FFFFFFFFFFFFFFFFFFFFFFFFFFFFFFFFEC
S31508177F80FFFFFFFFFFFFFFFFFFFFFFFFFFFFFFFFDC
S31508177F90FFFFFFFFFFFFFFFFFFFFFFFFFFFFFFFFCC
S31508177FA0FFFFFFFFFFFFFFFFFFFFFFFFFFFFFFFFBC
S31508177FB0FFFFFFFFFFFFFFFFFFFFFFFFFFFFFFFFAC
S31508177FC0FFFFFFFFFFFFFFFFFFFFFFFFFFFFFFFF9C
S31508177FD0FFFFFFFFFFFFFFFFFFFFFFFFFFFFFFFF8C
S31508177FE0FFFFFFFFFFFFFFFFFFFFFFFFFFFFFFFF7C
S31508177FF0FFFFFFFFFFFFFFFFFFFFFFFFFFFFFFFF6C
S3150817800001009AB2020000D0FDFFFF0FFFFFFFFF26
S315081780103C90FFFFFFFFFFFFFFFFFFFFFFFFFFFF7D
S31508178020FFFFFFFFFFFFFFFFFFFFFFFFFFFFFFFF3B
S31508178030FFFFFFFFFFFFFFFFFFFFFFFFFFFFFFFF2B
S31508178040FFFFFFFFFFFFFFFFFFFFFFFFFFFFFFFF1B
S31508178050FFFFFFFFFFFFFFFFFFFFFFFFFFFFFFFF0B
S31508178060FFFFFFFFFFFFFFFFFFFFFFFFFFFFFFFFFB
S31508178070FFFFFFFFFFFFFFFFFFFFFFFFFFFFFFFFEB
S31508178080FFFFFFFFFFFFFFFFFFFFFFFFFFFFFFFFDB
S31508178090FFFFFFFFFFFFFFFFFFFFFFFFFFFFFFFFCB
S315081780A0FFFFFFFFFFFFFFFFFFFFFFFFFFFFFFFFBB
S315081780B0FFFFFFFFFFFFFFFFFFFFFFFFFFFFFFFFAB
S315081780C0FFFFFFFFFFFFFFFFFFFFFFFFFFFFFFFF9B
S315081780D0FFFFFFFFFFFFFFFFFFFFFFFFFFFFFFFF8B
S315081780E0FFFFFFFFFFFFFFFFFFFFFFFFFFFFFFFF7B
S315081780F0FFFFFFFFFFFFFFFFFFFFFFFFFFFFFFFF6B
S31508178100FFFFFFFFFFFFFFFFFFFFFFFFFFFFFFFF5A
S31508178110FFFFFFFFFFFFFFFFFFFFFFFFFFFFFFFF4A
S31508178120FFFFFFFFFFFFFFFFFFFFFFFFFFFFFFFF3A
S31508178130FFFFFFFFFFFFFFFFFFFFFFFFFFFFFFFF2A
S31508178140FFFFFFFFFFFFFFFFFFFFFFFFFFFFFFFF1A
S31508178150FFFFFFFFFFFFFFFFFFFFFFFFFFFFFFFF0A
S31508178160FFFFFFFFFFFFFFFFFFFFFFFFFFFFFFFFFA
S31508178170FFFFFFFFFFFFFFFFFFFFFFFFFFFFFFFFEA
S31508178180FFFFFFFFFFFFFFFFFFFFFFFFFFFFFFFFDA
S31508178190FFFFFFFFFFFFFFFFFFFFFFFFFFFFFFFFCA
S315081781A0FFFFFFFFFFFFFFFFFFFFFFFFFFFFFFFFBA
S315081781B0FFFFFFFFFFFFFFFFFFFFFFFFFFFFFFFFAA
S315081781C0FFFFFFFFFFFFFFFFFFFFFFFFFFFFFFFF9A
S315081781D0FFFFFFFFFFFFFFFFFFFFFFFFFFFFFFFF8A
S315081781E0FFFFFFFFFFFFFFFFFFFFFFFFFFFFFFFF7A
S315081781F0FFFFFFFFFFFFFFFFFFFFFFFFFFFFFFFF6A
S31508178200FFFFFFFFFFFFFFFFFFFFFFFFFFFFFFFF59
S31508178210FFFFFFFFFFFFFFFFFFFFFFFFFFFFFFFF49
S31508178220FFFFFFFFFFFFFFFFFFFFFFFFFFFFFFFF39
S31508178230FFFFFFFFFFFFFFFFFFFFFFFFFFFFFFFF29
S31508178240FFFFFFFFFFFFFFFFFFFFFFFFFFFFFFFF19
S31508178250FFFFFFFFFFFFFFFFFFFFFFFFFFFFFFFF09
S31508178260FFFFFFFFFFFFFFFFFFFFFFFFFFFFFFFFF9
S31508178270FFFFFFFFFFFFFFFFFFFFFFFFFFFFFFFFE9
S31508178280FFFFFFFFFFFFFFFFFFFFFFFFFFFFFFFFD9
S31508178290FFFFFFFFFFFFFFFFFFFFFFFFFFFFFFFFC9
S315081782A0FFFFFFFFFFFFFFFFFFFFFFFFFFFFFFFFB9
S315081782B0FFFFFFFFFFFFFFFFFFFFFFFFFFFFFFFFA9
S315081782C0FFFFFFFFFFFFFFFFFFFFFFFFFFFFFFFF99
S315081782D0FFFFFFFFFFFFFFFFFFFFFFFFFFFFFFFF89
S315081782E0FFFFFFFFFFFFFFFFFFFFFFFFFFFFFFFF79
S315081782F0FFFFFFFFFFFFFFFFFFFFFFFFFFFFFFFF69
S31508178300FFFFFFFFFFFFFFFFFFFFFFFFFFFFFFFF58
S31508178310FFFFFFFFFFFFFFFFFFFFFFFFFFFFFFFF48
S31508178320FFFFFFFFFFFFFFFFFFFFFFFFFFFFFFFF38
S31508178330FFFFFFFFFFFFFFFFFFFFFFFFFFFFFFFF28
S31508178340FFFFFFFFFFFFFFFFFFFFFFFFFFFFFFFF18
S31508178350FFFFFFFFFFFFFFFFFFFFFFFFFFFFFFFF08
S31508178360FFFFFFFFFFFFFFFFFFFFFFFFFFFFFFFFF8
S31508178370FFFFFFFFFFFFFFFFFFFFFFFFFFFFFFFFE8
S31508178380FFFFFFFFFFFFFFFFFFFFFFFFFFFFFFFFD8
S31508178390FFFFFFFFFFFFFFFFFFFFFFFFFFFFFFFFC8
S315081783A0FFFFFFFFFFFFFFFFFFFFFFFFFFFFFFFFB8
S315081783B0FFFFFFFFFFFFFFFFFFFFFFFFFFFFFFFFA8
S315081783C0FFFFFFFFFFFFFFFFFFFFFFFFFFFFFFFF98
S315081783D0FFFFFFFFFFFFFFFFFFFFFFFFFFFFFFFF88
S315081783E0FFFFFFFFFFFFFFFFFFFFFFFFFFFFFFFF78
S315081783F0FFFFFFFFFFFFFFFFFFFFFFFFFFFFFFFF68
S31508178400FFFFFFFFFFFFFFFFFFFFFFFFFFFFFFFF57
S31508178410FFFFFFFFFFFFFFFFFFFFFFFFFFFFFFFF47
S31508178420FFFFFFFFFFFFFFFFFFFFFFFFFFFFFFFF37
S31508178430FFFFFFFFFFFFFFFFFFFFFFFFFFFFFFFF27
S31508178440FFFFFFFFFFFFFFFFFFFFFFFFFFFFFFFF17
S31508178450FFFFFFFFFFFFFFFFFFFFFFFFFFFFFFFF07
S31508178460FFFFFFFFFFFFFFFFFFFFFFFFFFFFFFFFF7
S31508178470FFFFFFFFFFFFFFFFFFFFFFFFFFFFFFFFE7
S31508178480FFFFFFFFFFFFFFFFFFFFFFFFFFFFFFFFD7
S31508178490FFFFFFFFFFFFFFFFFFFFFFFFFFFFFFFFC7
S315081784A0FFFFFFFFFFFFFFFFFFFFFFFFFFFFFFFFB7
S315081784B0FFFFFFFFFFFFFFFFFFFFFFFFFFFFFFFFA7
S315081784C0FFFFFFFFFFFFFFFFFFFFFFFFFFFFFFFF97
S315081784D0FFFFFFFFFFFFFFFFFFFFFFFFFFFFFFFF87
S315081784E0FFFFFFFFFFFFFFFFFFFFFFFFFFFFFFFF77
S315081784F0FFFFFFFFFFFFFFFFFFFFFFFFFFFFFFFF67
S31508178500FFFFFFFFFFFFFFFFFFFFFFFFFFFFFFFF56
S31508178510FFFFFFFFFFFFFFFFFFFFFFFFFFFFFFFF46
S31508178520FFFFFFFFFFFFFFFFFFFFFFFFFFFFFFFF36
S31508178530FFFFFFFFFFFFFFFFFFFFFFFFFFFFFFFF26
S31508178540FFFFFFFFFFFFFFFFFFFFFFFFFFFFFFFF16
S31508178550FFFFFFFFFFFFFFFFFFFFFFFFFFFFFFFF06
S31508178560FFFFFFFFFFFFFFFFFFFFFFFFFFFFFFFFF6
S31508178570FFFFFFFFFFFFFFFFFFFFFFFFFFFFFFFFE6
S31508178580FFFFFFFFFFFFFFFFFFFFFFFFFFFFFFFFD6
S31508178590FFFFFFFFFFFFFFFFFFFFFFFFFFFFFFFFC6
S315081785A0FFFFFFFFFFFFFFFFFFFFFFFFFFFFFFFFB6
S315081785B0FFFFFFFFFFFFFFFFFFFFFFFFFFFFFFFFA6
S315081785C0FFFFFFFFFFFFFFFFFFFFFFFFFFFFFFFF96
S315081785D0FFFFFFFFFFFFFFFFFFFFFFFFFFFFFFFF86
S315081785E0FFFFFFFFFFFFFFFFFFFFFFFFFFFFFFFF76
S315081785F0FFFFFFFFFFFFFFFFFFFFFFFFFFFFFFFF66
S31508178600FFFFFFFFFFFFFFFFFFFFFFFFFFFFFFFF55
S31508178610FFFFFFFFFFFFFFFFFFFFFFFFFFFFFFFF45
S31508178620FFFFFFFFFFFFFFFFFFFFFFFFFFFFFFFF35
S31508178630FFFFFFFFFFFFFFFFFFFFFFFFFFFFFFFF25
S31508178640FFFFFFFFFFFFFFFFFFFFFFFFFFFFFFFF15
S31508178650FFFFFFFFFFFFFFFFFFFFFFFFFFFFFFFF05
S31508178660FFFFFFFFFFFFFFFFFFFFFFFFFFFFFFFFF5
S31508178670FFFFFFFFFFFFFFFFFFFFFFFFFFFFFFFFE5
S31508178680FFFFFFFFFFFFFFFFFFFFFFFFFFFFFFFFD5
S31508178690FFFFFFFFFFFFFFFFFFFFFFFFFFFFFFFFC5
S315081786A0FFFFFFFFFFFFFFFFFFFFFFFFFFFFFFFFB5
S315081786B0FFFFFFFFFFFFFFFFFFFFFFFFFFFFFFFFA5
S315081786C0FFFFFFFFFFFFFFFFFFFFFFFFFFFFFFFF95
S315081786D0FFFFFFFFFFFFFFFFFFFFFFFFFFFFFFFF85
S315081786E0FFFFFFFFFFFFFFFFFFFFFFFFFFFFFFFF75
S315081786F0FFFFFFFFFFFFFFFFFFFFFFFFFFFFFFFF65
S31508178700FFFFFFFFFFFFFFFFFFFFFFFFFFFFFFFF54
S31508178710FFFFFFFFFFFFFFFFFFFFFFFFFFFFFFFF44
S31508178720FFFFFFFFFFFFFFFFFFFFFFFFFFFFFFFF34
S31508178730FFFFFFFFFFFFFFFFFFFFFFFFFFFFFFFF24
S31508178740FFFFFFFFFFFFFFFFFFFFFFFFFFFFFFFF14
S31508178750FFFFFFFFFFFFFFFFFFFFFFFFFFFFFFFF04
S31508178760FFFFFFFFFFFFFFFFFFFFFFFFFFFFFFFFF4
S31508178770FFFFFFFFFFFFFFFFFFFFFFFFFFFFFFFFE4
S31508178780FFFFFFFFFFFFFFFFFFFFFFFFFFFFFFFFD4
S31508178790FFFFFFFFFFFFFFFFFFFFFFFFFFFFFFFFC4
S315081787A0FFFFFFFFFFFFFFFFFFFFFFFFFFFFFFFFB4
S315081787B0FFFFFFFFFFFFFFFFFFFFFFFFFFFFFFFFA4
S315081787C0FFFFFFFFFFFFFFFFFFFFFFFFFFFFFFFF94
S315081787D0FFFFFFFFFFFFFFFFFFFFFFFFFFFFFFFF84
S315081787E0FFFFFFFFFFFFFFFFFFFFFFFFFFFFFFFF74
S315081787F0FFFFFFFFFFFFFFFFFFFFFFFFFFFFFFFF64
S31508178800FFFFFFFFFFFFFFFFFFFFFFFFFFFFFFFF53
S31508178810FFFFFFFFFFFFFFFFFFFFFFFFFFFFFFFF43
S31508178820FFFFFFFFFFFFFFFFFFFFFFFFFFFFFFFF33
S31508178830FFFFFFFFFFFFFFFFFFFFFFFFFFFFFFFF23
S31508178840FFFFFFFFFFFFFFFFFFFFFFFFFFFFFFFF13
S31508178850FFFFFFFFFFFFFFFFFFFFFFFFFFFFFFFF03
S31508178860FFFFFFFFFFFFFFFFFFFFFFFFFFFFFFFFF3
S31508178870FFFFFFFFFFFFFFFFFFFFFFFFFFFFFFFFE3
S31508178880FFFFFFFFFFFFFFFFFFFFFFFFFFFFFFFFD3
S31508178890FFFFFFFFFFFFFFFFFFFFFFFFFFFFFFFFC3
S315081788A0FFFFFFFFFFFFFFFFFFFFFFFFFFFFFFFFB3
S315081788B0FFFFFFFFFFFFFFFFFFFFFFFFFFFFFFFFA3
S315081788C0FFFFFFFFFFFFFFFFFFFFFFFFFFFFFFFF93
S315081788D0FFFFFFFFFFFFFFFFFFFFFFFFFFFFFFFF83
S315081788E0FFFFFFFFFFFFFFFFFFFFFFFFFFFFFFFF73
S315081788F0FFFFFFFFFFFFFFFFFFFFFFFFFFFFFFFF63
S31508178900FFFFFFFFFFFFFFFFFFFFFFFFFFFFFFFF52
S31508178910FFFFFFFFFFFFFFFFFFFFFFFFFFFFFFFF42
S31508178920FFFFFFFFFFFFFFFFFFFFFFFFFFFFFFFF32
S31508178930FFFFFFFFFFFFFFFFFFFFFFFFFFFFFFFF22
S31508178940FFFFFFFFFFFFFFFFFFFFFFFFFFFFFFFF12
S31508178950FFFFFFFFFFFFFFFFFFFFFFFFFFFFFFFF02
S31508178960FFFFFFFFFFFFFFFFFFFFFFFFFFFFFFFFF2
S31508178970FFFFFFFFFFFFFFFFFFFFFFFFFFFFFFFFE2
S31508178980FFFFFFFFFFFFFFFFFFFFFFFFFFFFFFFFD2
S31508178990FFFFFFFFFFFFFFFFFFFFFFFFFFFFFFFFC2
S315081789A0FFFFFFFFFFFFFFFFFFFFFFFFFFFFFFFFB2
S315081789B0FFFFFFFFFFFFFFFFFFFFFFFFFFFFFFFFA2
S315081789C0FFFFFFFFFFFFFFFFFFFFFFFFFFFFFFFF92
S315081789D0FFFFFFFFFFFFFFFFFFFFFFFFFFFFFFFF82
S315081789E0FFFFFFFFFFFFFFFFFFFFFFFFFFFFFFFF72
S315081789F0FFFFFFFFFFFFFFFFFFFFFFFFFFFFFFFF62
S31508178A00FFFFFFFFFFFFFFFFFFFFFFFFFFFFFFFF51
S31508178A10FFFFFFFFFFFFFFFFFFFFFFFFFFFFFFFF41
S31508178A20FFFFFFFFFFFFFFFFFFFFFFFFFFFFFFFF31
S31508178A30FFFFFFFFFFFFFFFFFFFFFFFFFFFFFFFF21
S31508178A40FFFFFFFFFFFFFFFFFFFFFFFFFFFFFFFF11
S31508178A50FFFFFFFFFFFFFFFFFFFFFFFFFFFFFFFF01
S31508178A60FFFFFFFFFFFFFFFFFFFFFFFFFFFFFFFFF1
S31508178A70FFFFFFFFFFFFFFFFFFFFFFFFFFFFFFFFE1
S31508178A80FFFFFFFFFFFFFFFFFFFFFFFFFFFFFFFFD1
S31508178A90FFFFFFFFFFFFFFFFFFFFFFFFFFFFFFFFC1
S31508178AA0FFFFFFFFFFFFFFFFFFFFFFFFFFFFFFFFB1
S31508178AB0FFFFFFFFFFFFFFFFFFFFFFFFFFFFFFFFA1
S31508178AC0FFFFFFFFFFFFFFFFFFFFFFFFFFFFFFFF91
S31508178AD0FFFFFFFFFFFFFFFFFFFFFFFFFFFFFFFF81
S31508178AE0FFFFFFFFFFFFFFFFFFFFFFFFFFFFFFFF71
S31508178AF0FFFFFFFFFFFFFFFFFFFFFFFFFFFFFFFF61
S31508178B00FFFFFFFFFFFFFFFFFFFFFFFFFFFFFFFF50
S31508178B10FFFFFFFFFFFFFFFFFFFFFFFFFFFFFFFF40
S31508178B20FFFFFFFFFFFFFFFFFFFFFFFFFFFFFFFF30
S31508178B30FFFFFFFFFFFFFFFFFFFFFFFFFFFFFFFF20
S31508178B40FFFFFFFFFFFFFFFFFFFFFFFFFFFFFFFF10
S31508178B50FFFFFFFFFFFFFFFFFFFFFFFFFFFFFFFF00
S31508178B60FFFFFFFFFFFFFFFFFFFFFFFFFFFFFFFFF0
S31508178B70FFFFFFFFFFFFFFFFFFFFFFFFFFFFFFFFE0
S31508178B80FFFFFFFFFFFFFFFFFFFFFFFFFFFFFFFFD0
S31508178B90FFFFFFFFFFFFFFFFFFFFFFFFFFFFFFFFC0
S31508178BA0FFFFFFFFFFFFFFFFFFFFFFFFFFFFFFFFB0
S31508178BB0FFFFFFFFFFFFFFFFFFFFFFFFFFFFFFFFA0
S31508178BC0FFFFFFFFFFFFFFFFFFFFFFFFFFFFFFFF90
S31508178BD0FFFFFFFFFFFFFFFFFFFFFFFFFFFFFFFF80
S31508178BE0FFFFFFFFFFFFFFFFFFFFFFFFFFFFFFFF70
S31508178BF0FFFFFFFFFFFFFFFFFFFFFFFFFFFFFFFF60
S31508178C00FFFFFFFFFFFFFFFFFFFFFFFFFFFFFFFF4F
S31508178C10FFFFFFFFFFFFFFFFFFFFFFFFFFFFFFFF3F
S31508178C20FFFFFFFFFFFFFFFFFFFFFFFFFFFFFFFF2F
S31508178C30FFFFFFFFFFFFFFFFFFFFFFFFFFFFFFFF1F
S31508178C40FFFFFFFFFFFFFFFFFFFFFFFFFFFFFFFF0F
S31508178C50FFFFFFFFFFFFFFFFFFFFFFFFFFFFFFFFFF
S31508178C60FFFFFFFFFFFFFFFFFFFFFFFFFFFFFFFFEF
S31508178C70FFFFFFFFFFFFFFFFFFFFFFFFFFFFFFFFDF
S31508178C80FFFFFFFFFFFFFFFFFFFFFFFFFFFFFFFFCF
S31508178C90FFFFFFFFFFFFFFFFFFFFFFFFFFFFFFFFBF
S31508178CA0FFFFFFFFFFFFFFFFFFFFFFFFFFFFFFFFAF
S31508178CB0FFFFFFFFFFFFFFFFFFFFFFFFFFFFFFFF9F
S31508178CC0FFFFFFFFFFFFFFFFFFFFFFFFFFFFFFFF8F
S31508178CD0FFFFFFFFFFFFFFFFFFFFFFFFFFFFFFFF7F
S31508178CE0FFFFFFFFFFFFFFFFFFFFFFFFFFFFFFFF6F
S31508178CF0FFFFFFFFFFFFFFFFFFFFFFFFFFFFFFFF5F
S31508178D00FFFFFFFFFFFFFFFFFFFFFFFFFFFFFFFF4E
S31508178D10FFFFFFFFFFFFFFFFFFFFFFFFFFFFFFFF3E
S31508178D20FFFFFFFFFFFFFFFFFFFFFFFFFFFFFFFF2E
S31508178D30FFFFFFFFFFFFFFFFFFFFFFFFFFFFFFFF1E
S31508178D40FFFFFFFFFFFFFFFFFFFFFFFFFFFFFFFF0E
S31508178D50FFFFFFFFFFFFFFFFFFFFFFFFFFFFFFFFFE
S31508178D60FFFFFFFFFFFFFFFFFFFFFFFFFFFFFFFFEE
S31508178D70FFFFFFFFFFFFFFFFFFFFFFFFFFFFFFFFDE
S31508178D80FFFFFFFFFFFFFFFFFFFFFFFFFFFFFFFFCE
S31508178D90FFFFFFFFFFFFFFFFFFFFFFFFFFFFFFFFBE
S31508178DA0FFFFFFFFFFFFFFFFFFFFFFFFFFFFFFFFAE
S31508178DB0FFFFFFFFFFFFFFFFFFFFFFFFFFFFFFFF9E
S31508178DC0FFFFFFFFFFFFFFFFFFFFFFFFFFFFFFFF8E
S31508178DD0FFFFFFFFFFFFFFFFFFFFFFFFFFFFFFFF7E
S31508178DE0FFFFFFFFFFFFFFFFFFFFFFFFFFFFFFFF6E
S31508178DF0FFFFFFFFFFFFFFFFFFFFFFFFFFFFFFFF5E
S31508178E00FFFFFFFFFFFFFFFFFFFFFFFFFFFFFFFF4D
S31508178E10FFFFFFFFFFFFFFFFFFFFFFFFFFFFFFFF3D
S31508178E20FFFFFFFFFFFFFFFFFFFFFFFFFFFFFFFF2D
S31508178E30FFFFFFFFFFFFFFFFFFFFFFFFFFFFFFFF1D
S31508178E40FFFFFFFFFFFFFFFFFFFFFFFFFFFFFFFF0D
S31508178E50FFFFFFFFFFFFFFFFFFFFFFFFFFFFFFFFFD
S31508178E60FFFFFFFFFFFFFFFFFFFFFFFFFFFFFFFFED
S31508178E70FFFFFFFFFFFFFFFFFFFFFFFFFFFFFFFFDD
S31508178E80FFFFFFFFFFFFFFFFFFFFFFFFFFFFFFFFCD
S31508178E90FFFFFFFFFFFFFFFFFFFFFFFFFFFFFFFFBD
S31508178EA0FFFFFFFFFFFFFFFFFFFFFFFFFFFFFFFFAD
S31508178EB0FFFFFFFFFFFFFFFFFFFFFFFFFFFFFFFF9D
S31508178EC0FFFFFFFFFFFFFFFFFFFFFFFFFFFFFFFF8D
S31508178ED0FFFFFFFFFFFFFFFFFFFFFFFFFFFFFFFF7D
S31508178EE0FFFFFFFFFFFFFFFFFFFFFFFFFFFFFFFF6D
S31508178EF0FFFFFFFFFFFFFFFFFFFFFFFFFFFFFFFF5D
S31508178F00FFFFFFFFFFFFFFFFFFFFFFFFFFFFFFFF4C
S31508178F10FFFFFFFFFFFFFFFFFFFFFFFFFFFFFFFF3C
S31508178F20FFFFFFFFFFFFFFFFFFFFFFFFFFFFFFFF2C
S31508178F30FFFFFFFFFFFFFFFFFFFFFFFFFFFFFFFF1C
S31508178F40FFFFFFFFFFFFFFFFFFFFFFFFFFFFFFFF0C
S31508178F50FFFFFFFFFFFFFFFFFFFFFFFFFFFFFFFFFC
S31508178F60FFFFFFFFFFFFFFFFFFFFFFFFFFFFFFFFEC
S31508178F70FFFFFFFFFFFFFFFFFFFFFFFFFFFFFFFFDC
S31508178F80FFFFFFFFFFFFFFFFFFFFFFFFFFFFFFFFCC
S31508178F90FFFFFFFFFFFFFFFFFFFFFFFFFFFFFFFFBC
S31508178FA0FFFFFFFFFFFFFFFFFFFFFFFFFFFFFFFFAC
S31508178FB0FFFFFFFFFFFFFFFFFFFFFFFFFFFFFFFF9C
S31508178FC0FFFFFFFFFFFFFFFFFFFFFFFFFFFFFFFF8C
S31508178FD0FFFFFFFFFFFFFFFFFFFFFFFFFFFFFFFF7C
S31508178FE0FFFFFFFFFFFFFFFFFFFFFFFFFFFFFFFF6C
S31508178FF0FFFFFFFFFFFFFFFFFFFFFFFFFFFFFFFF5C
S31508179000FFFFFFFFFFFFFFFFFFFFFFFFFFFFFFFF4B
S31508179010FFFFFFFFFFFFFFFFFFFFFFFFFFFFFFFF3B
S31508179020FFFFFFFFFFFFFFFFFFFFFFFFFFFFFFFF2B
S31508179030FFFFFFFFFFFFFFFFFFFFFFFFFFFFFFFF1B
S31508179040FFFFFFFFFFFFFFFFFFFFFFFFFFFFFFFF0B
S31508179050FFFFFFFFFFFFFFFFFFFFFFFFFFFFFFFFFB
S31508179060FFFFFFFFFFFFFFFFFFFFFFFFFFFFFFFFEB
S31508179070FFFFFFFFFFFFFFFFFFFFFFFFFFFFFFFFDB
S31508179080FFFFFFFFFFFFFFFFFFFFFFFFFFFFFFFFCB
S31508179090FFFFFFFFFFFFFFFFFFFFFFFFFFFFFFFFBB
S315081790A0FFFFFFFFFFFFFFFFFFFFFFFFFFFFFFFFAB
S315081790B0FFFFFFFFFFFFFFFFFFFFFFFFFFFFFFFF9B
S315081790C0FFFFFFFFFFFFFFFFFFFFFFFFFFFFFFFF8B
S315081790D0FFFFFFFFFFFFFFFFFFFFFFFFFFFFFFFF7B
S315081790E0FFFFFFFFFFFFFFFFFFFFFFFFFFFFFFFF6B
S315081790F0FFFFFFFFFFFFFFFFFFFFFFFFFFFFFFFF5B
S31508179100FFFFFFFFFFFFFFFFFFFFFFFFFFFFFFFF4A
S31508179110FFFFFFFFFFFFFFFFFFFFFFFFFFFFFFFF3A
S31508179120FFFFFFFFFFFFFFFFFFFFFFFFFFFFFFFF2A
S31508179130FFFFFFFFFFFFFFFFFFFFFFFFFFFFFFFF1A
S31508179140FFFFFFFFFFFFFFFFFFFFFFFFFFFFFFFF0A
S31508179150FFFFFFFFFFFFFFFFFFFFFFFFFFFFFFFFFA
S31508179160FFFFFFFFFFFFFFFFFFFFFFFFFFFFFFFFEA
S31508179170FFFFFFFFFFFFFFFFFFFFFFFFFFFFFFFFDA
S31508179180FFFFFFFFFFFFFFFFFFFFFFFFFFFFFFFFCA
S31508179190FFFFFFFFFFFFFFFFFFFFFFFFFFFFFFFFBA
S315081791A0FFFFFFFFFFFFFFFFFFFFFFFFFFFFFFFFAA
S315081791B0FFFFFFFFFFFFFFFFFFFFFFFFFFFFFFFF9A
S315081791C0FFFFFFFFFFFFFFFFFFFFFFFFFFFFFFFF8A
S315081791D0FFFFFFFFFFFFFFFFFFFFFFFFFFFFFFFF7A
S315081791E0FFFFFFFFFFFFFFFFFFFFFFFFFFFFFFFF6A
S315081791F0FFFFFFFFFFFFFFFFFFFFFFFFFFFFFFFF5A
S31508179200FFFFFFFFFFFFFFFFFFFFFFFFFFFFFFFF49
S31508179210FFFFFFFFFFFFFFFFFFFFFFFFFFFFFFFF39
S31508179220FFFFFFFFFFFFFFFFFFFFFFFFFFFFFFFF29
S31508179230FFFFFFFFFFFFFFFFFFFFFFFFFFFFFFFF19
S31508179240FFFFFFFFFFFFFFFFFFFFFFFFFFFFFFFF09
S31508179250FFFFFFFFFFFFFFFFFFFFFFFFFFFFFFFFF9
S31508179260FFFFFFFFFFFFFFFFFFFFFFFFFFFFFFFFE9
S31508179270FFFFFFFFFFFFFFFFFFFFFFFFFFFFFFFFD9
S31508179280FFFFFFFFFFFFFFFFFFFFFFFFFFFFFFFFC9
S31508179290FFFFFFFFFFFFFFFFFFFFFFFFFFFFFFFFB9
S315081792A0FFFFFFFFFFFFFFFFFFFFFFFFFFFFFFFFA9
S315081792B0FFFFFFFFFFFFFFFFFFFFFFFFFFFFFFFF99
S315081792C0FFFFFFFFFFFFFFFFFFFFFFFFFFFFFFFF89
S315081792D0FFFFFFFFFFFFFFFFFFFFFFFFFFFFFFFF79
S315081792E0FFFFFFFFFFFFFFFFFFFFFFFFFFFFFFFF69
S315081792F0FFFFFFFFFFFFFFFFFFFFFFFFFFFFFFFF59
S31508179300FFFFFFFFFFFFFFFFFFFFFFFFFFFFFFFF48
S31508179310FFFFFFFFFFFFFFFFFFFFFFFFFFFFFFFF38
S31508179320FFFFFFFFFFFFFFFFFFFFFFFFFFFFFFFF28
S31508179330FFFFFFFFFFFFFFFFFFFFFFFFFFFFFFFF18
S31508179340FFFFFFFFFFFFFFFFFFFFFFFFFFFFFFFF08
S31508179350FFFFFFFFFFFFFFFFFFFFFFFFFFFFFFFFF8
S31508179360FFFFFFFFFFFFFFFFFFFFFFFFFFFFFFFFE8
S31508179370FFFFFFFFFFFFFFFFFFFFFFFFFFFFFFFFD8
S31508179380FFFFFFFFFFFFFFFFFFFFFFFFFFFFFFFFC8
S31508179390FFFFFFFFFFFFFFFFFFFFFFFFFFFFFFFFB8
S315081793A0FFFFFFFFFFFFFFFFFFFFFFFFFFFFFFFFA8
S315081793B0FFFFFFFFFFFFFFFFFFFFFFFFFFFFFFFF98
S315081793C0FFFFFFFFFFFFFFFFFFFFFFFFFFFFFFFF88
S315081793D0FFFFFFFFFFFFFFFFFFFFFFFFFFFFFFFF78
S315081793E0FFFFFFFFFFFFFFFFFFFFFFFFFFFFFFFF68
S315081793F0FFFFFFFFFFFFFFFFFFFFFFFFFFFFFFFF58
S31508179400FFFFFFFFFFFFFFFFFFFFFFFFFFFFFFFF47
S31508179410FFFFFFFFFFFFFFFFFFFFFFFFFFFFFFFF37
S31508179420FFFFFFFFFFFFFFFFFFFFFFFFFFFFFFFF27
S31508179430FFFFFFFFFFFFFFFFFFFFFFFFFFFFFFFF17
S31508179440FFFFFFFFFFFFFFFFFFFFFFFFFFFFFFFF07
S31508179450FFFFFFFFFFFFFFFFFFFFFFFFFFFFFFFFF7
S31508179460FFFFFFFFFFFFFFFFFFFFFFFFFFFFFFFFE7
S31508179470FFFFFFFFFFFFFFFFFFFFFFFFFFFFFFFFD7
S31508179480FFFFFFFFFFFFFFFFFFFFFFFFFFFFFFFFC7
S31508179490FFFFFFFFFFFFFFFFFFFFFFFFFFFFFFFFB7
S315081794A0FFFFFFFFFFFFFFFFFFFFFFFFFFFFFFFFA7
S315081794B0FFFFFFFFFFFFFFFFFFFFFFFFFFFFFFFF97
S315081794C0FFFFFFFFFFFFFFFFFFFFFFFFFFFFFFFF87
S315081794D0FFFFFFFFFFFFFFFFFFFFFFFFFFFFFFFF77
S315081794E0FFFFFFFFFFFFFFFFFFFFFFFFFFFFFFFF67
S315081794F0FFFFFFFFFFFFFFFFFFFFFFFFFFFFFFFF57
S31508179500FFFFFFFFFFFFFFFFFFFFFFFFFFFFFFFF46
S31508179510FFFFFFFFFFFFFFFFFFFFFFFFFFFFFFFF36
S31508179520FFFFFFFFFFFFFFFFFFFFFFFFFFFFFFFF26
S31508179530FFFFFFFFFFFFFFFFFFFFFFFFFFFFFFFF16
S31508179540FFFFFFFFFFFFFFFFFFFFFFFFFFFFFFFF06
S31508179550FFFFFFFFFFFFFFFFFFFFFFFFFFFFFFFFF6
S31508179560FFFFFFFFFFFFFFFFFFFFFFFFFFFFFFFFE6
S31508179570FFFFFFFFFFFFFFFFFFFFFFFFFFFFFFFFD6
S31508179580FFFFFFFFFFFFFFFFFFFFFFFFFFFFFFFFC6
S31508179590FFFFFFFFFFFFFFFFFFFFFFFFFFFFFFFFB6
S315081795A0FFFFFFFFFFFFFFFFFFFFFFFFFFFFFFFFA6
S315081795B0FFFFFFFFFFFFFFFFFFFFFFFFFFFFFFFF96
S315081795C0FFFFFFFFFFFFFFFFFFFFFFFFFFFFFFFF86
S315081795D0FFFFFFFFFFFFFFFFFFFFFFFFFFFFFFFF76
S315081795E0FFFFFFFFFFFFFFFFFFFFFFFFFFFFFFFF66
S315081795F0FFFFFFFFFFFFFFFFFFFFFFFFFFFFFFFF56
S31508179600FFFFFFFFFFFFFFFFFFFFFFFFFFFFFFFF45
S31508179610FFFFFFFFFFFFFFFFFFFFFFFFFFFFFFFF35
S31508179620FFFFFFFFFFFFFFFFFFFFFFFFFFFFFFFF25
S31508179630FFFFFFFFFFFFFFFFFFFFFFFFFFFFFFFF15
S31508179640FFFFFFFFFFFFFFFFFFFFFFFFFFFFFFFF05
S31508179650FFFFFFFFFFFFFFFFFFFFFFFFFFFFFFFFF5
S31508179660FFFFFFFFFFFFFFFFFFFFFFFFFFFFFFFFE5
S31508179670FFFFFFFFFFFFFFFFFFFFFFFFFFFFFFFFD5
S31508179680FFFFFFFFFFFFFFFFFFFFFFFFFFFFFFFFC5
S31508179690FFFFFFFFFFFFFFFFFFFFFFFFFFFFFFFFB5
S315081796A0FFFFFFFFFFFFFFFFFFFFFFFFFFFFFFFFA5
S315081796B0FFFFFFFFFFFFFFFFFFFFFFFFFFFFFFFF95
S315081796C0FFFFFFFFFFFFFFFFFFFFFFFFFFFFFFFF85
S315081796D0FFFFFFFFFFFFFFFFFFFFFFFFFFFFFFFF75
S315081796E0FFFFFFFFFFFFFFFFFFFFFFFFFFFFFFFF65
S315081796F0FFFFFFFFFFFFFFFFFFFFFFFFFFFFFFFF55
S31508179700FFFFFFFFFFFFFFFFFFFFFFFFFFFFFFFF44
S31508179710FFFFFFFFFFFFFFFFFFFFFFFFFFFFFFFF34
S31508179720FFFFFFFFFFFFFFFFFFFFFFFFFFFFFFFF24
S31508179730FFFFFFFFFFFFFFFFFFFFFFFFFFFFFFFF14
S31508179740FFFFFFFFFFFFFFFFFFFFFFFFFFFFFFFF04
S31508179750FFFFFFFFFFFFFFFFFFFFFFFFFFFFFFFFF4
S31508179760FFFFFFFFFFFFFFFFFFFFFFFFFFFFFFFFE4
S31508179770FFFFFFFFFFFFFFFFFFFFFFFFFFFFFFFFD4
S31508179780FFFFFFFFFFFFFFFFFFFFFFFFFFFFFFFFC4
S31508179790FFFFFFFFFFFFFFFFFFFFFFFFFFFFFFFFB4
S315081797A0FFFFFFFFFFFFFFFFFFFFFFFFFFFFFFFFA4
S315081797B0FFFFFFFFFFFFFFFFFFFFFFFFFFFFFFFF94
S315081797C0FFFFFFFFFFFFFFFFFFFFFFFFFFFFFFFF84
S315081797D0FFFFFFFFFFFFFFFFFFFFFFFFFFFFFFFF74
S315081797E0FFFFFFFFFFFFFFFFFFFFFFFFFFFFFFFF64
S315081797F0FFFFFFFFFFFFFFFFFFFFFFFFFFFFFFFF54
S31508179800FFFFFFFFFFFFFFFFFFFFFFFFFFFFFFFF43
S31508179810FFFFFFFFFFFFFFFFFFFFFFFFFFFFFFFF33
S31508179820FFFFFFFFFFFFFFFFFFFFFFFFFFFFFFFF23
S31508179830FFFFFFFFFFFFFFFFFFFFFFFFFFFFFFFF13
S31508179840FFFFFFFFFFFFFFFFFFFFFFFFFFFFFFFF03
S31508179850FFFFFFFFFFFFFFFFFFFFFFFFFFFFFFFFF3
S31508179860FFFFFFFFFFFFFFFFFFFFFFFFFFFFFFFFE3
S31508179870FFFFFFFFFFFFFFFFFFFFFFFFFFFFFFFFD3
S31508179880FFFFFFFFFFFFFFFFFFFFFFFFFFFFFFFFC3
S31508179890FFFFFFFFFFFFFFFFFFFFFFFFFFFFFFFFB3
S315081798A0FFFFFFFFFFFFFFFFFFFFFFFFFFFFFFFFA3
S315081798B0FFFFFFFFFFFFFFFFFFFFFFFFFFFFFFFF93
S315081798C0FFFFFFFFFFFFFFFFFFFFFFFFFFFFFFFF83
S315081798D0FFFFFFFFFFFFFFFFFFFFFFFFFFFFFFFF73
S315081798E0FFFFFFFFFFFFFFFFFFFFFFFFFFFFFFFF63
S315081798F0FFFFFFFFFFFFFFFFFFFFFFFFFFFFFFFF53
S31508179900FFFFFFFFFFFFFFFFFFFFFFFFFFFFFFFF42
S31508179910FFFFFFFFFFFFFFFFFFFFFFFFFFFFFFFF32
S31508179920FFFFFFFFFFFFFFFFFFFFFFFFFFFFFFFF22
S31508179930FFFFFFFFFFFFFFFFFFFFFFFFFFFFFFFF12
S31508179940FFFFFFFFFFFFFFFFFFFFFFFFFFFFFFFF02
S31508179950FFFFFFFFFFFFFFFFFFFFFFFFFFFFFFFFF2
S31508179960FFFFFFFFFFFFFFFFFFFFFFFFFFFFFFFFE2
S31508179970FFFFFFFFFFFFFFFFFFFFFFFFFFFFFFFFD2
S31508179980FFFFFFFFFFFFFFFFFFFFFFFFFFFFFFFFC2
S31508179990FFFFFFFFFFFFFFFFFFFFFFFFFFFFFFFFB2
S315081799A0FFFFFFFFFFFFFFFFFFFFFFFFFFFFFFFFA2
S315081799B0FFFFFFFFFFFFFFFFFFFFFFFFFFFFFFFF92
S315081799C0FFFFFFFFFFFFFFFFFFFFFFFFFFFFFFFF82
S315081799D0FFFFFFFFFFFFFFFFFFFFFFFFFFFFFFFF72
S315081799E0FFFFFFFFFFFFFFFFFFFFFFFFFFFFFFFF62
S315081799F0FFFFFFFFFFFFFFFFFFFFFFFFFFFFFFFF52
S31508179A00FFFFFFFFFFFFFFFFFFFFFFFFFFFFFFFF41
S31508179A10FFFFFFFFFFFFFFFFFFFFFFFFFFFFFFFF31
S31508179A20FFFFFFFFFFFFFFFFFFFFFFFFFFFFFFFF21
S31508179A30FFFFFFFFFFFFFFFFFFFFFFFFFFFFFFFF11
S31508179A40FFFFFFFFFFFFFFFFFFFFFFFFFFFFFFFF01
S31508179A50FFFFFFFFFFFFFFFFFFFFFFFFFFFFFFFFF1
S31508179A60FFFFFFFFFFFFFFFFFFFFFFFFFFFFFFFFE1
S31508179A70FFFFFFFFFFFFFFFFFFFFFFFFFFFFFFFFD1
S31508179A80FFFFFFFFFFFFFFFFFFFFFFFFFFFFFFFFC1
S31508179A90FFFFFFFFFFFFFFFFFFFFFFFFFFFFFFFFB1
S31508179AA0FFFFFFFFFFFFFFFFFFFFFFFFFFFFFFFFA1
S31508179AB0FFFFFFFFFFFFFFFFFFFFFFFFFFFFFFFF91
S31508179AC0FFFFFFFFFFFFFFFFFFFFFFFFFFFFFFFF81
S31508179AD0FFFFFFFFFFFFFFFFFFFFFFFFFFFFFFFF71
S31508179AE0FFFFFFFFFFFFFFFFFFFFFFFFFFFFFFFF61
S31508179AF0FFFFFFFFFFFFFFFFFFFFFFFFFFFFFFFF51
S31508179B00FFFFFFFFFFFFFFFFFFFFFFFFFFFFFFFF40
S31508179B10FFFFFFFFFFFFFFFFFFFFFFFFFFFFFFFF30
S31508179B20FFFFFFFFFFFFFFFFFFFFFFFFFFFFFFFF20
S31508179B30FFFFFFFFFFFFFFFFFFFFFFFFFFFFFFFF10
S31508179B40FFFFFFFFFFFFFFFFFFFFFFFFFFFFFFFF00
S31508179B50FFFFFFFFFFFFFFFFFFFFFFFFFFFFFFFFF0
S31508179B60FFFFFFFFFFFFFFFFFFFFFFFFFFFFFFFFE0
S31508179B70FFFFFFFFFFFFFFFFFFFFFFFFFFFFFFFFD0
S31508179B80FFFFFFFFFFFFFFFFFFFFFFFFFFFFFFFFC0
S31508179B90FFFFFFFFFFFFFFFFFFFFFFFFFFFFFFFFB0
S31508179BA0FFFFFFFFFFFFFFFFFFFFFFFFFFFFFFFFA0
S31508179BB0FFFFFFFFFFFFFFFFFFFFFFFFFFFFFFFF90
S31508179BC0FFFFFFFFFFFFFFFFFFFFFFFFFFFFFFFF80
S31508179BD0FFFFFFFFFFFFFFFFFFFFFFFFFFFFFFFF70
S31508179BE0FFFFFFFFFFFFFFFFFFFFFFFFFFFFFFFF60
S31508179BF0FFFFFFFFFFFFFFFFFFFFFFFFFFFFFFFF50
S31508179C00FFFFFFFFFFFFFFFFFFFFFFFFFFFFFFFF3F
S31508179C10FFFFFFFFFFFFFFFFFFFFFFFFFFFFFFFF2F
S31508179C20FFFFFFFFFFFFFFFFFFFFFFFFFFFFFFFF1F
S31508179C30FFFFFFFFFFFFFFFFFFFFFFFFFFFFFFFF0F
S31508179C40FFFFFFFFFFFFFFFFFFFFFFFFFFFFFFFFFF
S31508179C50FFFFFFFFFFFFFFFFFFFFFFFFFFFFFFFFEF
S31508179C60FFFFFFFFFFFFFFFFFFFFFFFFFFFFFFFFDF
S31508179C70FFFFFFFFFFFFFFFFFFFFFFFFFFFFFFFFCF
S31508179C80FFFFFFFFFFFFFFFFFFFFFFFFFFFFFFFFBF
S31508179C90FFFFFFFFFFFFFFFFFFFFFFFFFFFFFFFFAF
S31508179CA0FFFFFFFFFFFFFFFFFFFFFFFFFFFFFFFF9F
S31508179CB0FFFFFFFFFFFFFFFFFFFFFFFFFFFFFFFF8F
S31508179CC0FFFFFFFFFFFFFFFFFFFFFFFFFFFFFFFF7F
S31508179CD0FFFFFFFFFFFFFFFFFFFFFFFFFFFFFFFF6F
S31508179CE0FFFFFFFFFFFFFFFFFFFFFFFFFFFFFFFF5F
S31508179CF0FFFFFFFFFFFFFFFFFFFFFFFFFFFFFFFF4F
S31508179D00FFFFFFFFFFFFFFFFFFFFFFFFFFFFFFFF3E
S31508179D10FFFFFFFFFFFFFFFFFFFFFFFFFFFFFFFF2E
S31508179D20FFFFFFFFFFFFFFFFFFFFFFFFFFFFFFFF1E
S31508179D30FFFFFFFFFFFFFFFFFFFFFFFFFFFFFFFF0E
S31508179D40FFFFFFFFFFFFFFFFFFFFFFFFFFFFFFFFFE
S31508179D50FFFFFFFFFFFFFFFFFFFFFFFFFFFFFFFFEE
S31508179D60FFFFFFFFFFFFFFFFFFFFFFFFFFFFFFFFDE
S31508179D70FFFFFFFFFFFFFFFFFFFFFFFFFFFFFFFFCE
S31508179D80FFFFFFFFFFFFFFFFFFFFFFFFFFFFFFFFBE
S31508179D90FFFFFFFFFFFFFFFFFFFFFFFFFFFFFFFFAE
S31508179DA0FFFFFFFFFFFFFFFFFFFFFFFFFFFFFFFF9E
S31508179DB0FFFFFFFFFFFFFFFFFFFFFFFFFFFFFFFF8E
S31508179DC0FFFFFFFFFFFFFFFFFFFFFFFFFFFFFFFF7E
S31508179DD0FFFFFFFFFFFFFFFFFFFFFFFFFFFFFFFF6E
S31508179DE0FFFFFFFFFFFFFFFFFFFFFFFFFFFFFFFF5E
S31508179DF0FFFFFFFFFFFFFFFFFFFFFFFFFFFFFFFF4E
S31508179E00FFFFFFFFFFFFFFFFFFFFFFFFFFFFFFFF3D
S31508179E10FFFFFFFFFFFFFFFFFFFFFFFFFFFFFFFF2D
S31508179E20FFFFFFFFFFFFFFFFFFFFFFFFFFFFFFFF1D
S31508179E30FFFFFFFFFFFFFFFFFFFFFFFFFFFFFFFF0D
S31508179E40FFFFFFFFFFFFFFFFFFFFFFFFFFFFFFFFFD
S31508179E50FFFFFFFFFFFFFFFFFFFFFFFFFFFFFFFFED
S31508179E60FFFFFFFFFFFFFFFFFFFFFFFFFFFFFFFFDD
S31508179E70FFFFFFFFFFFFFFFFFFFFFFFFFFFFFFFFCD
S31508179E80FFFFFFFFFFFFFFFFFFFFFFFFFFFFFFFFBD
S31508179E90FFFFFFFFFFFFFFFFFFFFFFFFFFFFFFFFAD
S31508179EA0FFFFFFFFFFFFFFFFFFFFFFFFFFFFFFFF9D
S31508179EB0FFFFFFFFFFFFFFFFFFFFFFFFFFFFFFFF8D
S31508179EC0FFFFFFFFFFFFFFFFFFFFFFFFFFFFFFFF7D
S31508179ED0FFFFFFFFFFFFFFFFFFFFFFFFFFFFFFFF6D
S31508179EE0FFFFFFFFFFFFFFFFFFFFFFFFFFFFFFFF5D
S31508179EF0FFFFFFFFFFFFFFFFFFFFFFFFFFFFFFFF4D
S31508179F00FFFFFFFFFFFFFFFFFFFFFFFFFFFFFFFF3C
S31508179F10FFFFFFFFFFFFFFFFFFFFFFFFFFFFFFFF2C
S31508179F20FFFFFFFFFFFFFFFFFFFFFFFFFFFFFFFF1C
S31508179F30FFFFFFFFFFFFFFFFFFFFFFFFFFFFFFFF0C
S31508179F40FFFFFFFFFFFFFFFFFFFFFFFFFFFFFFFFFC
S31508179F50FFFFFFFFFFFFFFFFFFFFFFFFFFFFFFFFEC
S31508179F60FFFFFFFFFFFFFFFFFFFFFFFFFFFFFFFFDC
S31508179F70FFFFFFFFFFFFFFFFFFFFFFFFFFFFFFFFCC
S31508179F80FFFFFFFFFFFFFFFFFFFFFFFFFFFFFFFFBC
S31508179F90FFFFFFFFFFFFFFFFFFFFFFFFFFFFFFFFAC
S31508179FA0FFFFFFFFFFFFFFFFFFFFFFFFFFFFFFFF9C
S31508179FB0FFFFFFFFFFFFFFFFFFFFFFFFFFFFFFFF8C
S31508179FC0FFFFFFFFFFFFFFFFFFFFFFFFFFFFFFFF7C
S31508179FD0FFFFFFFFFFFFFFFFFFFFFFFFFFFFFFFF6C
S31508179FE0FFFFFFFFFFFFFFFFFFFFFFFFFFFFFFFF5C
S31508179FF0FFFFFFFFFFFFFFFFFFFFFFFFFFFFFFFF4C
S3150817A00001009AB2020000D0FDFFFF0FFFFFFFFF06
S3150817A0103C90FFFFFFFFFFFFFFFFFFFFFFFFFFFF5D
S3150817A020FFFFFFFFFFFFFFFFFFFFFFFFFFFFFFFF1B
S3150817A030FFFFFFFFFFFFFFFFFFFFFFFFFFFFFFFF0B
S3150817A040FFFFFFFFFFFFFFFFFFFFFFFFFFFFFFFFFB
S3150817A050FFFFFFFFFFFFFFFFFFFFFFFFFFFFFFFFEB
S3150817A060FFFFFFFFFFFFFFFFFFFFFFFFFFFFFFFFDB
S3150817A070FFFFFFFFFFFFFFFFFFFFFFFFFFFFFFFFCB
S3150817A080FFFFFFFFFFFFFFFFFFFFFFFFFFFFFFFFBB
S3150817A090FFFFFFFFFFFFFFFFFFFFFFFFFFFFFFFFAB
S3150817A0A0FFFFFFFFFFFFFFFFFFFFFFFFFFFFFFFF9B
S3150817A0B0FFFFFFFFFFFFFFFFFFFFFFFFFFFFFFFF8B
S3150817A0C0FFFFFFFFFFFFFFFFFFFFFFFFFFFFFFFF7B
S3150817A0D0FFFFFFFFFFFFFFFFFFFFFFFFFFFFFFFF6B
S3150817A0E0FFFFFFFFFFFFFFFFFFFFFFFFFFFFFFFF5B
S3150817A0F0FFFFFFFFFFFFFFFFFFFFFFFFFFFFFFFF4B
S3150817A100FFFFFFFFFFFFFFFFFFFFFFFFFFFFFFFF3A
S3150817A110FFFFFFFFFFFFFFFFFFFFFFFFFFFFFFFF2A
S3150817A120FFFFFFFFFFFFFFFFFFFFFFFFFFFFFFFF1A
S3150817A130FFFFFFFFFFFFFFFFFFFFFFFFFFFFFFFF0A
S3150817A140FFFFFFFFFFFFFFFFFFFFFFFFFFFFFFFFFA
S3150817A150FFFFFFFFFFFFFFFFFFFFFFFFFFFFFFFFEA
S3150817A160FFFFFFFFFFFFFFFFFFFFFFFFFFFFFFFFDA
S3150817A170FFFFFFFFFFFFFFFFFFFFFFFFFFFFFFFFCA
S3150817A180FFFFFFFFFFFFFFFFFFFFFFFFFFFFFFFFBA
S3150817A190FFFFFFFFFFFFFFFFFFFFFFFFFFFFFFFFAA
S3150817A1A0FFFFFFFFFFFFFFFFFFFFFFFFFFFFFFFF9A
S3150817A1B0FFFFFFFFFFFFFFFFFFFFFFFFFFFFFFFF8A
S3150817A1C0FFFFFFFFFFFFFFFFFFFFFFFFFFFFFFFF7A
S3150817A1D0FFFFFFFFFFFFFFFFFFFFFFFFFFFFFFFF6A
S3150817A1E0FFFFFFFFFFFFFFFFFFFFFFFFFFFFFFFF5A
S3150817A1F0FFFFFFFFFFFFFFFFFFFFFFFFFFFFFFFF4A
S3150817A200FFFFFFFFFFFFFFFFFFFFFFFFFFFFFFFF39
S3150817A210FFFFFFFFFFFFFFFFFFFFFFFFFFFFFFFF29
S3150817A220FFFFFFFFFFFFFFFFFFFFFFFFFFFFFFFF19
S3150817A230FFFFFFFFFFFFFFFFFFFFFFFFFFFFFFFF09
S3150817A240FFFFFFFFFFFFFFFFFFFFFFFFFFFFFFFFF9
S3150817A250FFFFFFFFFFFFFFFFFFFFFFFFFFFFFFFFE9
S3150817A260FFFFFFFFFFFFFFFFFFFFFFFFFFFFFFFFD9
S3150817A270FFFFFFFFFFFFFFFFFFFFFFFFFFFFFFFFC9
S3150817A280FFFFFFFFFFFFFFFFFFFFFFFFFFFFFFFFB9
S3150817A290FFFFFFFFFFFFFFFFFFFFFFFFFFFFFFFFA9
S3150817A2A0FFFFFFFFFFFFFFFFFFFFFFFFFFFFFFFF99
S3150817A2B0FFFFFFFFFFFFFFFFFFFFFFFFFFFFFFFF89
S3150817A2C0FFFFFFFFFFFFFFFFFFFFFFFFFFFFFFFF79
S3150817A2D0FFFFFFFFFFFFFFFFFFFFFFFFFFFFFFFF69
S3150817A2E0FFFFFFFFFFFFFFFFFFFFFFFFFFFFFFFF59
S3150817A2F0FFFFFFFFFFFFFFFFFFFFFFFFFFFFFFFF49
S3150817A300FFFFFFFFFFFFFFFFFFFFFFFFFFFFFFFF38
S3150817A310FFFFFFFFFFFFFFFFFFFFFFFFFFFFFFFF28
S3150817A320FFFFFFFFFFFFFFFFFFFFFFFFFFFFFFFF18
S3150817A330FFFFFFFFFFFFFFFFFFFFFFFFFFFFFFFF08
S3150817A340FFFFFFFFFFFFFFFFFFFFFFFFFFFFFFFFF8
S3150817A350FFFFFFFFFFFFFFFFFFFFFFFFFFFFFFFFE8
S3150817A360FFFFFFFFFFFFFFFFFFFFFFFFFFFFFFFFD8
S3150817A370FFFFFFFFFFFFFFFFFFFFFFFFFFFFFFFFC8
S3150817A380FFFFFFFFFFFFFFFFFFFFFFFFFFFFFFFFB8
S3150817A390FFFFFFFFFFFFFFFFFFFFFFFFFFFFFFFFA8
S3150817A3A0FFFFFFFFFFFFFFFFFFFFFFFFFFFFFFFF98
S3150817A3B0FFFFFFFFFFFFFFFFFFFFFFFFFFFFFFFF88
S3150817A3C0FFFFFFFFFFFFFFFFFFFFFFFFFFFFFFFF78
S3150817A3D0FFFFFFFFFFFFFFFFFFFFFFFFFFFFFFFF68
S3150817A3E0FFFFFFFFFFFFFFFFFFFFFFFFFFFFFFFF58
S3150817A3F0FFFFFFFFFFFFFFFFFFFFFFFFFFFFFFFF48
S3150817A400FFFFFFFFFFFFFFFFFFFFFFFFFFFFFFFF37
S3150817A410FFFFFFFFFFFFFFFFFFFFFFFFFFFFFFFF27
S3150817A420FFFFFFFFFFFFFFFFFFFFFFFFFFFFFFFF17
S3150817A430FFFFFFFFFFFFFFFFFFFFFFFFFFFFFFFF07
S3150817A440FFFFFFFFFFFFFFFFFFFFFFFFFFFFFFFFF7
S3150817A450FFFFFFFFFFFFFFFFFFFFFFFFFFFFFFFFE7
S3150817A460FFFFFFFFFFFFFFFFFFFFFFFFFFFFFFFFD7
S3150817A470FFFFFFFFFFFFFFFFFFFFFFFFFFFFFFFFC7
S3150817A480FFFFFFFFFFFFFFFFFFFFFFFFFFFFFFFFB7
S3150817A490FFFFFFFFFFFFFFFFFFFFFFFFFFFFFFFFA7
S3150817A4A0FFFFFFFFFFFFFFFFFFFFFFFFFFFFFFFF97
S3150817A4B0FFFFFFFFFFFFFFFFFFFFFFFFFFFFFFFF87
S3150817A4C0FFFFFFFFFFFFFFFFFFFFFFFFFFFFFFFF77
S3150817A4D0FFFFFFFFFFFFFFFFFFFFFFFFFFFFFFFF67
S3150817A4E0FFFFFFFFFFFFFFFFFFFFFFFFFFFFFFFF57
S3150817A4F0FFFFFFFFFFFFFFFFFFFFFFFFFFFFFFFF47
S3150817A500FFFFFFFFFFFFFFFFFFFFFFFFFFFFFFFF36
S3150817A510FFFFFFFFFFFFFFFFFFFFFFFFFFFFFFFF26
S3150817A520FFFFFFFFFFFFFFFFFFFFFFFFFFFFFFFF16
S3150817A530FFFFFFFFFFFFFFFFFFFFFFFFFFFFFFFF06
S3150817A540FFFFFFFFFFFFFFFFFFFFFFFFFFFFFFFFF6
S3150817A550FFFFFFFFFFFFFFFFFFFFFFFFFFFFFFFFE6
S3150817A560FFFFFFFFFFFFFFFFFFFFFFFFFFFFFFFFD6
S3150817A570FFFFFFFFFFFFFFFFFFFFFFFFFFFFFFFFC6
S3150817A580FFFFFFFFFFFFFFFFFFFFFFFFFFFFFFFFB6
S3150817A590FFFFFFFFFFFFFFFFFFFFFFFFFFFFFFFFA6
S3150817A5A0FFFFFFFFFFFFFFFFFFFFFFFFFFFFFFFF96
S3150817A5B0FFFFFFFFFFFFFFFFFFFFFFFFFFFFFFFF86
S3150817A5C0FFFFFFFFFFFFFFFFFFFFFFFFFFFFFFFF76
S3150817A5D0FFFFFFFFFFFFFFFFFFFFFFFFFFFFFFFF66
S3150817A5E0FFFFFFFFFFFFFFFFFFFFFFFFFFFFFFFF56
S3150817A5F0FFFFFFFFFFFFFFFFFFFFFFFFFFFFFFFF46
S3150817A600FFFFFFFFFFFFFFFFFFFFFFFFFFFFFFFF35
S3150817A610FFFFFFFFFFFFFFFFFFFFFFFFFFFFFFFF25
S3150817A620FFFFFFFFFFFFFFFFFFFFFFFFFFFFFFFF15
S3150817A630FFFFFFFFFFFFFFFFFFFFFFFFFFFFFFFF05
S3150817A640FFFFFFFFFFFFFFFFFFFFFFFFFFFFFFFFF5
S3150817A650FFFFFFFFFFFFFFFFFFFFFFFFFFFFFFFFE5
S3150817A660FFFFFFFFFFFFFFFFFFFFFFFFFFFFFFFFD5
S3150817A670FFFFFFFFFFFFFFFFFFFFFFFFFFFFFFFFC5
S3150817A680FFFFFFFFFFFFFFFFFFFFFFFFFFFFFFFFB5
S3150817A690FFFFFFFFFFFFFFFFFFFFFFFFFFFFFFFFA5
S3150817A6A0FFFFFFFFFFFFFFFFFFFFFFFFFFFFFFFF95
S3150817A6B0FFFFFFFFFFFFFFFFFFFFFFFFFFFFFFFF85
S3150817A6C0FFFFFFFFFFFFFFFFFFFFFFFFFFFFFFFF75
S3150817A6D0FFFFFFFFFFFFFFFFFFFFFFFFFFFFFFFF65
S3150817A6E0FFFFFFFFFFFFFFFFFFFFFFFFFFFFFFFF55
S3150817A6F0FFFFFFFFFFFFFFFFFFFFFFFFFFFFFFFF45
S3150817A700FFFFFFFFFFFFFFFFFFFFFFFFFFFFFFFF34
S3150817A710FFFFFFFFFFFFFFFFFFFFFFFFFFFFFFFF24
S3150817A720FFFFFFFFFFFFFFFFFFFFFFFFFFFFFFFF14
S3150817A730FFFFFFFFFFFFFFFFFFFFFFFFFFFFFFFF04
S3150817A740FFFFFFFFFFFFFFFFFFFFFFFFFFFFFFFFF4
S3150817A750FFFFFFFFFFFFFFFFFFFFFFFFFFFFFFFFE4
S3150817A760FFFFFFFFFFFFFFFFFFFFFFFFFFFFFFFFD4
S3150817A770FFFFFFFFFFFFFFFFFFFFFFFFFFFFFFFFC4
S3150817A780FFFFFFFFFFFFFFFFFFFFFFFFFFFFFFFFB4
S3150817A790FFFFFFFFFFFFFFFFFFFFFFFFFFFFFFFFA4
S3150817A7A0FFFFFFFFFFFFFFFFFFFFFFFFFFFFFFFF94
S3150817A7B0FFFFFFFFFFFFFFFFFFFFFFFFFFFFFFFF84
S3150817A7C0FFFFFFFFFFFFFFFFFFFFFFFFFFFFFFFF74
S3150817A7D0FFFFFFFFFFFFFFFFFFFFFFFFFFFFFFFF64
S3150817A7E0FFFFFFFFFFFFFFFFFFFFFFFFFFFFFFFF54
S3150817A7F0FFFFFFFFFFFFFFFFFFFFFFFFFFFFFFFF44
S3150817A800FFFFFFFFFFFFFFFFFFFFFFFFFFFFFFFF33
S3150817A810FFFFFFFFFFFFFFFFFFFFFFFFFFFFFFFF23
S3150817A820FFFFFFFFFFFFFFFFFFFFFFFFFFFFFFFF13
S3150817A830FFFFFFFFFFFFFFFFFFFFFFFFFFFFFFFF03
S3150817A840FFFFFFFFFFFFFFFFFFFFFFFFFFFFFFFFF3
S3150817A850FFFFFFFFFFFFFFFFFFFFFFFFFFFFFFFFE3
S3150817A860FFFFFFFFFFFFFFFFFFFFFFFFFFFFFFFFD3
S3150817A870FFFFFFFFFFFFFFFFFFFFFFFFFFFFFFFFC3
S3150817A880FFFFFFFFFFFFFFFFFFFFFFFFFFFFFFFFB3
S3150817A890FFFFFFFFFFFFFFFFFFFFFFFFFFFFFFFFA3
S3150817A8A0FFFFFFFFFFFFFFFFFFFFFFFFFFFFFFFF93
S3150817A8B0FFFFFFFFFFFFFFFFFFFFFFFFFFFFFFFF83
S3150817A8C0FFFFFFFFFFFFFFFFFFFFFFFFFFFFFFFF73
S3150817A8D0FFFFFFFFFFFFFFFFFFFFFFFFFFFFFFFF63
S3150817A8E0FFFFFFFFFFFFFFFFFFFFFFFFFFFFFFFF53
S3150817A8F0FFFFFFFFFFFFFFFFFFFFFFFFFFFFFFFF43
S3150817A900FFFFFFFFFFFFFFFFFFFFFFFFFFFFFFFF32
S3150817A910FFFFFFFFFFFFFFFFFFFFFFFFFFFFFFFF22
S3150817A920FFFFFFFFFFFFFFFFFFFFFFFFFFFFFFFF12
S3150817A930FFFFFFFFFFFFFFFFFFFFFFFFFFFFFFFF02
S3150817A940FFFFFFFFFFFFFFFFFFFFFFFFFFFFFFFFF2
S3150817A950FFFFFFFFFFFFFFFFFFFFFFFFFFFFFFFFE2
S3150817A960FFFFFFFFFFFFFFFFFFFFFFFFFFFFFFFFD2
S3150817A970FFFFFFFFFFFFFFFFFFFFFFFFFFFFFFFFC2
S3150817A980FFFFFFFFFFFFFFFFFFFFFFFFFFFFFFFFB2
S3150817A990FFFFFFFFFFFFFFFFFFFFFFFFFFFFFFFFA2
S3150817A9A0FFFFFFFFFFFFFFFFFFFFFFFFFFFFFFFF92
S3150817A9B0FFFFFFFFFFFFFFFFFFFFFFFFFFFFFFFF82
S3150817A9C0FFFFFFFFFFFFFFFFFFFFFFFFFFFFFFFF72
S3150817A9D0FFFFFFFFFFFFFFFFFFFFFFFFFFFFFFFF62
S3150817A9E0FFFFFFFFFFFFFFFFFFFFFFFFFFFFFFFF52
S3150817A9F0FFFFFFFFFFFFFFFFFFFFFFFFFFFFFFFF42
S3150817AA00FFFFFFFFFFFFFFFFFFFFFFFFFFFFFFFF31
S3150817AA10FFFFFFFFFFFFFFFFFFFFFFFFFFFFFFFF21
S3150817AA20FFFFFFFFFFFFFFFFFFFFFFFFFFFFFFFF11
S3150817AA30FFFFFFFFFFFFFFFFFFFFFFFFFFFFFFFF01
S3150817AA40FFFFFFFFFFFFFFFFFFFFFFFFFFFFFFFFF1
S3150817AA50FFFFFFFFFFFFFFFFFFFFFFFFFFFFFFFFE1
S3150817AA60FFFFFFFFFFFFFFFFFFFFFFFFFFFFFFFFD1
S3150817AA70FFFFFFFFFFFFFFFFFFFFFFFFFFFFFFFFC1
S3150817AA80FFFFFFFFFFFFFFFFFFFFFFFFFFFFFFFFB1
S3150817AA90FFFFFFFFFFFFFFFFFFFFFFFFFFFFFFFFA1
S3150817AAA0FFFFFFFFFFFFFFFFFFFFFFFFFFFFFFFF91
S3150817AAB0FFFFFFFFFFFFFFFFFFFFFFFFFFFFFFFF81
S3150817AAC0FFFFFFFFFFFFFFFFFFFFFFFFFFFFFFFF71
S3150817AAD0FFFFFFFFFFFFFFFFFFFFFFFFFFFFFFFF61
S3150817AAE0FFFFFFFFFFFFFFFFFFFFFFFFFFFFFFFF51
S3150817AAF0FFFFFFFFFFFFFFFFFFFFFFFFFFFFFFFF41
S3150817AB00FFFFFFFFFFFFFFFFFFFFFFFFFFFFFFFF30
S3150817AB10FFFFFFFFFFFFFFFFFFFFFFFFFFFFFFFF20
S3150817AB20FFFFFFFFFFFFFFFFFFFFFFFFFFFFFFFF10
S3150817AB30FFFFFFFFFFFFFFFFFFFFFFFFFFFFFFFF00
S3150817AB40FFFFFFFFFFFFFFFFFFFFFFFFFFFFFFFFF0
S3150817AB50FFFFFFFFFFFFFFFFFFFFFFFFFFFFFFFFE0
S3150817AB60FFFFFFFFFFFFFFFFFFFFFFFFFFFFFFFFD0
S3150817AB70FFFFFFFFFFFFFFFFFFFFFFFFFFFFFFFFC0
S3150817AB80FFFFFFFFFFFFFFFFFFFFFFFFFFFFFFFFB0
S3150817AB90FFFFFFFFFFFFFFFFFFFFFFFFFFFFFFFFA0
S3150817ABA0FFFFFFFFFFFFFFFFFFFFFFFFFFFFFFFF90
S3150817ABB0FFFFFFFFFFFFFFFFFFFFFFFFFFFFFFFF80
S3150817ABC0FFFFFFFFFFFFFFFFFFFFFFFFFFFFFFFF70
S3150817ABD0FFFFFFFFFFFFFFFFFFFFFFFFFFFFFFFF60
S3150817ABE0FFFFFFFFFFFFFFFFFFFFFFFFFFFFFFFF50
S3150817ABF0FFFFFFFFFFFFFFFFFFFFFFFFFFFFFFFF40
S3150817AC00FFFFFFFFFFFFFFFFFFFFFFFFFFFFFFFF2F
S3150817AC10FFFFFFFFFFFFFFFFFFFFFFFFFFFFFFFF1F
S3150817AC20FFFFFFFFFFFFFFFFFFFFFFFFFFFFFFFF0F
S3150817AC30FFFFFFFFFFFFFFFFFFFFFFFFFFFFFFFFFF
S3150817AC40FFFFFFFFFFFFFFFFFFFFFFFFFFFFFFFFEF
S3150817AC50FFFFFFFFFFFFFFFFFFFFFFFFFFFFFFFFDF
S3150817AC60FFFFFFFFFFFFFFFFFFFFFFFFFFFFFFFFCF
S3150817AC70FFFFFFFFFFFFFFFFFFFFFFFFFFFFFFFFBF
S3150817AC80FFFFFFFFFFFFFFFFFFFFFFFFFFFFFFFFAF
S3150817AC90FFFFFFFFFFFFFFFFFFFFFFFFFFFFFFFF9F
S3150817ACA0FFFFFFFFFFFFFFFFFFFFFFFFFFFFFFFF8F
S3150817ACB0FFFFFFFFFFFFFFFFFFFFFFFFFFFFFFFF7F
S3150817ACC0FFFFFFFFFFFFFFFFFFFFFFFFFFFFFFFF6F
S3150817ACD0FFFFFFFFFFFFFFFFFFFFFFFFFFFFFFFF5F
S3150817ACE0FFFFFFFFFFFFFFFFFFFFFFFFFFFFFFFF4F
S3150817ACF0FFFFFFFFFFFFFFFFFFFFFFFFFFFFFFFF3F
S3150817AD00FFFFFFFFFFFFFFFFFFFFFFFFFFFFFFFF2E
S3150817AD10FFFFFFFFFFFFFFFFFFFFFFFFFFFFFFFF1E
S3150817AD20FFFFFFFFFFFFFFFFFFFFFFFFFFFFFFFF0E
S3150817AD30FFFFFFFFFFFFFFFFFFFFFFFFFFFFFFFFFE
S3150817AD40FFFFFFFFFFFFFFFFFFFFFFFFFFFFFFFFEE
S3150817AD50FFFFFFFFFFFFFFFFFFFFFFFFFFFFFFFFDE
S3150817AD60FFFFFFFFFFFFFFFFFFFFFFFFFFFFFFFFCE
S3150817AD70FFFFFFFFFFFFFFFFFFFFFFFFFFFFFFFFBE
S3150817AD80FFFFFFFFFFFFFFFFFFFFFFFFFFFFFFFFAE
S3150817AD90FFFFFFFFFFFFFFFFFFFFFFFFFFFFFFFF9E
S3150817ADA0FFFFFFFFFFFFFFFFFFFFFFFFFFFFFFFF8E
S3150817ADB0FFFFFFFFFFFFFFFFFFFFFFFFFFFFFFFF7E
S3150817ADC0FFFFFFFFFFFFFFFFFFFFFFFFFFFFFFFF6E
S3150817ADD0FFFFFFFFFFFFFFFFFFFFFFFFFFFFFFFF5E
S3150817ADE0FFFFFFFFFFFFFFFFFFFFFFFFFFFFFFFF4E
S3150817ADF0FFFFFFFFFFFFFFFFFFFFFFFFFFFFFFFF3E
S3150817AE00FFFFFFFFFFFFFFFFFFFFFFFFFFFFFFFF2D
S3150817AE10FFFFFFFFFFFFFFFFFFFFFFFFFFFFFFFF1D
S3150817AE20FFFFFFFFFFFFFFFFFFFFFFFFFFFFFFFF0D
S3150817AE30FFFFFFFFFFFFFFFFFFFFFFFFFFFFFFFFFD
S3150817AE40FFFFFFFFFFFFFFFFFFFFFFFFFFFFFFFFED
S3150817AE50FFFFFFFFFFFFFFFFFFFFFFFFFFFFFFFFDD
S3150817AE60FFFFFFFFFFFFFFFFFFFFFFFFFFFFFFFFCD
S3150817AE70FFFFFFFFFFFFFFFFFFFFFFFFFFFFFFFFBD
S3150817AE80FFFFFFFFFFFFFFFFFFFFFFFFFFFFFFFFAD
S3150817AE90FFFFFFFFFFFFFFFFFFFFFFFFFFFFFFFF9D
S3150817AEA0FFFFFFFFFFFFFFFFFFFFFFFFFFFFFFFF8D
S3150817AEB0FFFFFFFFFFFFFFFFFFFFFFFFFFFFFFFF7D
S3150817AEC0FFFFFFFFFFFFFFFFFFFFFFFFFFFFFFFF6D
S3150817AED0FFFFFFFFFFFFFFFFFFFFFFFFFFFFFFFF5D
S3150817AEE0FFFFFFFFFFFFFFFFFFFFFFFFFFFFFFFF4D
S3150817AEF0FFFFFFFFFFFFFFFFFFFFFFFFFFFFFFFF3D
S3150817AF00FFFFFFFFFFFFFFFFFFFFFFFFFFFFFFFF2C
S3150817AF10FFFFFFFFFFFFFFFFFFFFFFFFFFFFFFFF1C
S3150817AF20FFFFFFFFFFFFFFFFFFFFFFFFFFFFFFFF0C
S3150817AF30FFFFFFFFFFFFFFFFFFFFFFFFFFFFFFFFFC
S3150817AF40FFFFFFFFFFFFFFFFFFFFFFFFFFFFFFFFEC
S3150817AF50FFFFFFFFFFFFFFFFFFFFFFFFFFFFFFFFDC
S3150817AF60FFFFFFFFFFFFFFFFFFFFFFFFFFFFFFFFCC
S3150817AF70FFFFFFFFFFFFFFFFFFFFFFFFFFFFFFFFBC
S3150817AF80FFFFFFFFFFFFFFFFFFFFFFFFFFFFFFFFAC
S3150817AF90FFFFFFFFFFFFFFFFFFFFFFFFFFFFFFFF9C
S3150817AFA0FFFFFFFFFFFFFFFFFFFFFFFFFFFFFFFF8C
S3150817AFB0FFFFFFFFFFFFFFFFFFFFFFFFFFFFFFFF7C
S3150817AFC0FFFFFFFFFFFFFFFFFFFFFFFFFFFFFFFF6C
S3150817AFD0FFFFFFFFFFFFFFFFFFFFFFFFFFFFFFFF5C
S3150817AFE0FFFFFFFFFFFFFFFFFFFFFFFFFFFFFFFF4C
S3150817AFF0FFFFFFFFFFFFFFFFFFFFFFFFFFFFFFFF3C
S3150817B000FFFFFFFFFFFFFFFFFFFFFFFFFFFFFFFF2B
S3150817B010FFFFFFFFFFFFFFFFFFFFFFFFFFFFFFFF1B
S3150817B020FFFFFFFFFFFFFFFFFFFFFFFFFFFFFFFF0B
S3150817B030FFFFFFFFFFFFFFFFFFFFFFFFFFFFFFFFFB
S3150817B040FFFFFFFFFFFFFFFFFFFFFFFFFFFFFFFFEB
S3150817B050FFFFFFFFFFFFFFFFFFFFFFFFFFFFFFFFDB
S3150817B060FFFFFFFFFFFFFFFFFFFFFFFFFFFFFFFFCB
S3150817B070FFFFFFFFFFFFFFFFFFFFFFFFFFFFFFFFBB
S3150817B080FFFFFFFFFFFFFFFFFFFFFFFFFFFFFFFFAB
S3150817B090FFFFFFFFFFFFFFFFFFFFFFFFFFFFFFFF9B
S3150817B0A0FFFFFFFFFFFFFFFFFFFFFFFFFFFFFFFF8B
S3150817B0B0FFFFFFFFFFFFFFFFFFFFFFFFFFFFFFFF7B
S3150817B0C0FFFFFFFFFFFFFFFFFFFFFFFFFFFFFFFF6B
S3150817B0D0FFFFFFFFFFFFFFFFFFFFFFFFFFFFFFFF5B
S3150817B0E0FFFFFFFFFFFFFFFFFFFFFFFFFFFFFFFF4B
S3150817B0F0FFFFFFFFFFFFFFFFFFFFFFFFFFFFFFFF3B
S3150817B100FFFFFFFFFFFFFFFFFFFFFFFFFFFFFFFF2A
S3150817B110FFFFFFFFFFFFFFFFFFFFFFFFFFFFFFFF1A
S3150817B120FFFFFFFFFFFFFFFFFFFFFFFFFFFFFFFF0A
S3150817B130FFFFFFFFFFFFFFFFFFFFFFFFFFFFFFFFFA
S3150817B140FFFFFFFFFFFFFFFFFFFFFFFFFFFFFFFFEA
S3150817B150FFFFFFFFFFFFFFFFFFFFFFFFFFFFFFFFDA
S3150817B160FFFFFFFFFFFFFFFFFFFFFFFFFFFFFFFFCA
S3150817B170FFFFFFFFFFFFFFFFFFFFFFFFFFFFFFFFBA
S3150817B180FFFFFFFFFFFFFFFFFFFFFFFFFFFFFFFFAA
S3150817B190FFFFFFFFFFFFFFFFFFFFFFFFFFFFFFFF9A
S3150817B1A0FFFFFFFFFFFFFFFFFFFFFFFFFFFFFFFF8A
S3150817B1B0FFFFFFFFFFFFFFFFFFFFFFFFFFFFFFFF7A
S3150817B1C0FFFFFFFFFFFFFFFFFFFFFFFFFFFFFFFF6A
S3150817B1D0FFFFFFFFFFFFFFFFFFFFFFFFFFFFFFFF5A
S3150817B1E0FFFFFFFFFFFFFFFFFFFFFFFFFFFFFFFF4A
S3150817B1F0FFFFFFFFFFFFFFFFFFFFFFFFFFFFFFFF3A
S3150817B200FFFFFFFFFFFFFFFFFFFFFFFFFFFFFFFF29
S3150817B210FFFFFFFFFFFFFFFFFFFFFFFFFFFFFFFF19
S3150817B220FFFFFFFFFFFFFFFFFFFFFFFFFFFFFFFF09
S3150817B230FFFFFFFFFFFFFFFFFFFFFFFFFFFFFFFFF9
S3150817B240FFFFFFFFFFFFFFFFFFFFFFFFFFFFFFFFE9
S3150817B250FFFFFFFFFFFFFFFFFFFFFFFFFFFFFFFFD9
S3150817B260FFFFFFFFFFFFFFFFFFFFFFFFFFFFFFFFC9
S3150817B270FFFFFFFFFFFFFFFFFFFFFFFFFFFFFFFFB9
S3150817B280FFFFFFFFFFFFFFFFFFFFFFFFFFFFFFFFA9
S3150817B290FFFFFFFFFFFFFFFFFFFFFFFFFFFFFFFF99
S3150817B2A0FFFFFFFFFFFFFFFFFFFFFFFFFFFFFFFF89
S3150817B2B0FFFFFFFFFFFFFFFFFFFFFFFFFFFFFFFF79
S3150817B2C0FFFFFFFFFFFFFFFFFFFFFFFFFFFFFFFF69
S3150817B2D0FFFFFFFFFFFFFFFFFFFFFFFFFFFFFFFF59
S3150817B2E0FFFFFFFFFFFFFFFFFFFFFFFFFFFFFFFF49
S3150817B2F0FFFFFFFFFFFFFFFFFFFFFFFFFFFFFFFF39
S3150817B300FFFFFFFFFFFFFFFFFFFFFFFFFFFFFFFF28
S3150817B310FFFFFFFFFFFFFFFFFFFFFFFFFFFFFFFF18
S3150817B320FFFFFFFFFFFFFFFFFFFFFFFFFFFFFFFF08
S3150817B330FFFFFFFFFFFFFFFFFFFFFFFFFFFFFFFFF8
S3150817B340FFFFFFFFFFFFFFFFFFFFFFFFFFFFFFFFE8
S3150817B350FFFFFFFFFFFFFFFFFFFFFFFFFFFFFFFFD8
S3150817B360FFFFFFFFFFFFFFFFFFFFFFFFFFFFFFFFC8
S3150817B370FFFFFFFFFFFFFFFFFFFFFFFFFFFFFFFFB8
S3150817B380FFFFFFFFFFFFFFFFFFFFFFFFFFFFFFFFA8
S3150817B390FFFFFFFFFFFFFFFFFFFFFFFFFFFFFFFF98
S3150817B3A0FFFFFFFFFFFFFFFFFFFFFFFFFFFFFFFF88
S3150817B3B0FFFFFFFFFFFFFFFFFFFFFFFFFFFFFFFF78
S3150817B3C0FFFFFFFFFFFFFFFFFFFFFFFFFFFFFFFF68
S3150817B3D0FFFFFFFFFFFFFFFFFFFFFFFFFFFFFFFF58
S3150817B3E0FFFFFFFFFFFFFFFFFFFFFFFFFFFFFFFF48
S3150817B3F0FFFFFFFFFFFFFFFFFFFFFFFFFFFFFFFF38
S3150817B400FFFFFFFFFFFFFFFFFFFFFFFFFFFFFFFF27
S3150817B410FFFFFFFFFFFFFFFFFFFFFFFFFFFFFFFF17
S3150817B420FFFFFFFFFFFFFFFFFFFFFFFFFFFFFFFF07
S3150817B430FFFFFFFFFFFFFFFFFFFFFFFFFFFFFFFFF7
S3150817B440FFFFFFFFFFFFFFFFFFFFFFFFFFFFFFFFE7
S3150817B450FFFFFFFFFFFFFFFFFFFFFFFFFFFFFFFFD7
S3150817B460FFFFFFFFFFFFFFFFFFFFFFFFFFFFFFFFC7
S3150817B470FFFFFFFFFFFFFFFFFFFFFFFFFFFFFFFFB7
S3150817B480FFFFFFFFFFFFFFFFFFFFFFFFFFFFFFFFA7
S3150817B490FFFFFFFFFFFFFFFFFFFFFFFFFFFFFFFF97
S3150817B4A0FFFFFFFFFFFFFFFFFFFFFFFFFFFFFFFF87
S3150817B4B0FFFFFFFFFFFFFFFFFFFFFFFFFFFFFFFF77
S3150817B4C0FFFFFFFFFFFFFFFFFFFFFFFFFFFFFFFF67
S3150817B4D0FFFFFFFFFFFFFFFFFFFFFFFFFFFFFFFF57
S3150817B4E0FFFFFFFFFFFFFFFFFFFFFFFFFFFFFFFF47
S3150817B4F0FFFFFFFFFFFFFFFFFFFFFFFFFFFFFFFF37
S3150817B500FFFFFFFFFFFFFFFFFFFFFFFFFFFFFFFF26
S3150817B510FFFFFFFFFFFFFFFFFFFFFFFFFFFFFFFF16
S3150817B520FFFFFFFFFFFFFFFFFFFFFFFFFFFFFFFF06
S3150817B530FFFFFFFFFFFFFFFFFFFFFFFFFFFFFFFFF6
S3150817B540FFFFFFFFFFFFFFFFFFFFFFFFFFFFFFFFE6
S3150817B550FFFFFFFFFFFFFFFFFFFFFFFFFFFFFFFFD6
S3150817B560FFFFFFFFFFFFFFFFFFFFFFFFFFFFFFFFC6
S3150817B570FFFFFFFFFFFFFFFFFFFFFFFFFFFFFFFFB6
S3150817B580FFFFFFFFFFFFFFFFFFFFFFFFFFFFFFFFA6
S3150817B590FFFFFFFFFFFFFFFFFFFFFFFFFFFFFFFF96
S3150817B5A0FFFFFFFFFFFFFFFFFFFFFFFFFFFFFFFF86
S3150817B5B0FFFFFFFFFFFFFFFFFFFFFFFFFFFFFFFF76
S3150817B5C0FFFFFFFFFFFFFFFFFFFFFFFFFFFFFFFF66
S3150817B5D0FFFFFFFFFFFFFFFFFFFFFFFFFFFFFFFF56
S3150817B5E0FFFFFFFFFFFFFFFFFFFFFFFFFFFFFFFF46
S3150817B5F0FFFFFFFFFFFFFFFFFFFFFFFFFFFFFFFF36
S3150817B600FFFFFFFFFFFFFFFFFFFFFFFFFFFFFFFF25
S3150817B610FFFFFFFFFFFFFFFFFFFFFFFFFFFFFFFF15
S3150817B620FFFFFFFFFFFFFFFFFFFFFFFFFFFFFFFF05
S3150817B630FFFFFFFFFFFFFFFFFFFFFFFFFFFFFFFFF5
S3150817B640FFFFFFFFFFFFFFFFFFFFFFFFFFFFFFFFE5
S3150817B650FFFFFFFFFFFFFFFFFFFFFFFFFFFFFFFFD5
S3150817B660FFFFFFFFFFFFFFFFFFFFFFFFFFFFFFFFC5
S3150817B670FFFFFFFFFFFFFFFFFFFFFFFFFFFFFFFFB5
S3150817B680FFFFFFFFFFFFFFFFFFFFFFFFFFFFFFFFA5
S3150817B690FFFFFFFFFFFFFFFFFFFFFFFFFFFFFFFF95
S3150817B6A0FFFFFFFFFFFFFFFFFFFFFFFFFFFFFFFF85
S3150817B6B0FFFFFFFFFFFFFFFFFFFFFFFFFFFFFFFF75
S3150817B6C0FFFFFFFFFFFFFFFFFFFFFFFFFFFFFFFF65
S3150817B6D0FFFFFFFFFFFFFFFFFFFFFFFFFFFFFFFF55
S3150817B6E0FFFFFFFFFFFFFFFFFFFFFFFFFFFFFFFF45
S3150817B6F0FFFFFFFFFFFFFFFFFFFFFFFFFFFFFFFF35
S3150817B700FFFFFFFFFFFFFFFFFFFFFFFFFFFFFFFF24
S3150817B710FFFFFFFFFFFFFFFFFFFFFFFFFFFFFFFF14
S3150817B720FFFFFFFFFFFFFFFFFFFFFFFFFFFFFFFF04
S3150817B730FFFFFFFFFFFFFFFFFFFFFFFFFFFFFFFFF4
S3150817B740FFFFFFFFFFFFFFFFFFFFFFFFFFFFFFFFE4
S3150817B750FFFFFFFFFFFFFFFFFFFFFFFFFFFFFFFFD4
S3150817B760FFFFFFFFFFFFFFFFFFFFFFFFFFFFFFFFC4
S3150817B770FFFFFFFFFFFFFFFFFFFFFFFFFFFFFFFFB4
S3150817B780FFFFFFFFFFFFFFFFFFFFFFFFFFFFFFFFA4
S3150817B790FFFFFFFFFFFFFFFFFFFFFFFFFFFFFFFF94
S3150817B7A0FFFFFFFFFFFFFFFFFFFFFFFFFFFFFFFF84
S3150817B7B0FFFFFFFFFFFFFFFFFFFFFFFFFFFFFFFF74
S3150817B7C0FFFFFFFFFFFFFFFFFFFFFFFFFFFFFFFF64
S3150817B7D0FFFFFFFFFFFFFFFFFFFFFFFFFFFFFFFF54
S3150817B7E0FFFFFFFFFFFFFFFFFFFFFFFFFFFFFFFF44
S3150817B7F0FFFFFFFFFFFFFFFFFFFFFFFFFFFFFFFF34
S3150817B800FFFFFFFFFFFFFFFFFFFFFFFFFFFFFFFF23
S3150817B810FFFFFFFFFFFFFFFFFFFFFFFFFFFFFFFF13
S3150817B820FFFFFFFFFFFFFFFFFFFFFFFFFFFFFFFF03
S3150817B830FFFFFFFFFFFFFFFFFFFFFFFFFFFFFFFFF3
S3150817B840FFFFFFFFFFFFFFFFFFFFFFFFFFFFFFFFE3
S3150817B850FFFFFFFFFFFFFFFFFFFFFFFFFFFFFFFFD3
S3150817B860FFFFFFFFFFFFFFFFFFFFFFFFFFFFFFFFC3
S3150817B870FFFFFFFFFFFFFFFFFFFFFFFFFFFFFFFFB3
S3150817B880FFFFFFFFFFFFFFFFFFFFFFFFFFFFFFFFA3
S3150817B890FFFFFFFFFFFFFFFFFFFFFFFFFFFFFFFF93
S3150817B8A0FFFFFFFFFFFFFFFFFFFFFFFFFFFFFFFF83
S3150817B8B0FFFFFFFFFFFFFFFFFFFFFFFFFFFFFFFF73
S3150817B8C0FFFFFFFFFFFFFFFFFFFFFFFFFFFFFFFF63
S3150817B8D0FFFFFFFFFFFFFFFFFFFFFFFFFFFFFFFF53
S3150817B8E0FFFFFFFFFFFFFFFFFFFFFFFFFFFFFFFF43
S3150817B8F0FFFFFFFFFFFFFFFFFFFFFFFFFFFFFFFF33
S3150817B900FFFFFFFFFFFFFFFFFFFFFFFFFFFFFFFF22
S3150817B910FFFFFFFFFFFFFFFFFFFFFFFFFFFFFFFF12
S3150817B920FFFFFFFFFFFFFFFFFFFFFFFFFFFFFFFF02
S3150817B930FFFFFFFFFFFFFFFFFFFFFFFFFFFFFFFFF2
S3150817B940FFFFFFFFFFFFFFFFFFFFFFFFFFFFFFFFE2
S3150817B950FFFFFFFFFFFFFFFFFFFFFFFFFFFFFFFFD2
S3150817B960FFFFFFFFFFFFFFFFFFFFFFFFFFFFFFFFC2
S3150817B970FFFFFFFFFFFFFFFFFFFFFFFFFFFFFFFFB2
S3150817B980FFFFFFFFFFFFFFFFFFFFFFFFFFFFFFFFA2
S3150817B990FFFFFFFFFFFFFFFFFFFFFFFFFFFFFFFF92
S3150817B9A0FFFFFFFFFFFFFFFFFFFFFFFFFFFFFFFF82
S3150817B9B0FFFFFFFFFFFFFFFFFFFFFFFFFFFFFFFF72
S3150817B9C0FFFFFFFFFFFFFFFFFFFFFFFFFFFFFFFF62
S3150817B9D0FFFFFFFFFFFFFFFFFFFFFFFFFFFFFFFF52
S3150817B9E0FFFFFFFFFFFFFFFFFFFFFFFFFFFFFFFF42
S3150817B9F0FFFFFFFFFFFFFFFFFFFFFFFFFFFFFFFF32
S3150817BA00FFFFFFFFFFFFFFFFFFFFFFFFFFFFFFFF21
S3150817BA10FFFFFFFFFFFFFFFFFFFFFFFFFFFFFFFF11
S3150817BA20FFFFFFFFFFFFFFFFFFFFFFFFFFFFFFFF01
S3150817BA30FFFFFFFFFFFFFFFFFFFFFFFFFFFFFFFFF1
S3150817BA40FFFFFFFFFFFFFFFFFFFFFFFFFFFFFFFFE1
S3150817BA50FFFFFFFFFFFFFFFFFFFFFFFFFFFFFFFFD1
S3150817BA60FFFFFFFFFFFFFFFFFFFFFFFFFFFFFFFFC1
S3150817BA70FFFFFFFFFFFFFFFFFFFFFFFFFFFFFFFFB1
S3150817BA80FFFFFFFFFFFFFFFFFFFFFFFFFFFFFFFFA1
S3150817BA90FFFFFFFFFFFFFFFFFFFFFFFFFFFFFFFF91
S3150817BAA0FFFFFFFFFFFFFFFFFFFFFFFFFFFFFFFF81
S3150817BAB0FFFFFFFFFFFFFFFFFFFFFFFFFFFFFFFF71
S3150817BAC0FFFFFFFFFFFFFFFFFFFFFFFFFFFFFFFF61
S3150817BAD0FFFFFFFFFFFFFFFFFFFFFFFFFFFFFFFF51
S3150817BAE0FFFFFFFFFFFFFFFFFFFFFFFFFFFFFFFF41
S3150817BAF0FFFFFFFFFFFFFFFFFFFFFFFFFFFFFFFF31
S3150817BB00FFFFFFFFFFFFFFFFFFFFFFFFFFFFFFFF20
S3150817BB10FFFFFFFFFFFFFFFFFFFFFFFFFFFFFFFF10
S3150817BB20FFFFFFFFFFFFFFFFFFFFFFFFFFFFFFFF00
S3150817BB30FFFFFFFFFFFFFFFFFFFFFFFFFFFFFFFFF0
S3150817BB40FFFFFFFFFFFFFFFFFFFFFFFFFFFFFFFFE0
S3150817BB50FFFFFFFFFFFFFFFFFFFFFFFFFFFFFFFFD0
S3150817BB60FFFFFFFFFFFFFFFFFFFFFFFFFFFFFFFFC0
S3150817BB70FFFFFFFFFFFFFFFFFFFFFFFFFFFFFFFFB0
S3150817BB80FFFFFFFFFFFFFFFFFFFFFFFFFFFFFFFFA0
S3150817BB90FFFFFFFFFFFFFFFFFFFFFFFFFFFFFFFF90
S3150817BBA0FFFFFFFFFFFFFFFFFFFFFFFFFFFFFFFF80
S3150817BBB0FFFFFFFFFFFFFFFFFFFFFFFFFFFFFFFF70
S3150817BBC0FFFFFFFFFFFFFFFFFFFFFFFFFFFFFFFF60
S3150817BBD0FFFFFFFFFFFFFFFFFFFFFFFFFFFFFFFF50
S3150817BBE0FFFFFFFFFFFFFFFFFFFFFFFFFFFFFFFF40
S3150817BBF0FFFFFFFFFFFFFFFFFFFFFFFFFFFFFFFF30
S3150817BC00FFFFFFFFFFFFFFFFFFFFFFFFFFFFFFFF1F
S3150817BC10FFFFFFFFFFFFFFFFFFFFFFFFFFFFFFFF0F
S3150817BC20FFFFFFFFFFFFFFFFFFFFFFFFFFFFFFFFFF
S3150817BC30FFFFFFFFFFFFFFFFFFFFFFFFFFFFFFFFEF
S3150817BC40FFFFFFFFFFFFFFFFFFFFFFFFFFFFFFFFDF
S3150817BC50FFFFFFFFFFFFFFFFFFFFFFFFFFFFFFFFCF
S3150817BC60FFFFFFFFFFFFFFFFFFFFFFFFFFFFFFFFBF
S3150817BC70FFFFFFFFFFFFFFFFFFFFFFFFFFFFFFFFAF
S3150817BC80FFFFFFFFFFFFFFFFFFFFFFFFFFFFFFFF9F
S3150817BC90FFFFFFFFFFFFFFFFFFFFFFFFFFFFFFFF8F
S3150817BCA0FFFFFFFFFFFFFFFFFFFFFFFFFFFFFFFF7F
S3150817BCB0FFFFFFFFFFFFFFFFFFFFFFFFFFFFFFFF6F
S3150817BCC0FFFFFFFFFFFFFFFFFFFFFFFFFFFFFFFF5F
S3150817BCD0FFFFFFFFFFFFFFFFFFFFFFFFFFFFFFFF4F
S3150817BCE0FFFFFFFFFFFFFFFFFFFFFFFFFFFFFFFF3F
S3150817BCF0FFFFFFFFFFFFFFFFFFFFFFFFFFFFFFFF2F
S3150817BD00FFFFFFFFFFFFFFFFFFFFFFFFFFFFFFFF1E
S3150817BD10FFFFFFFFFFFFFFFFFFFFFFFFFFFFFFFF0E
S3150817BD20FFFFFFFFFFFFFFFFFFFFFFFFFFFFFFFFFE
S3150817BD30FFFFFFFFFFFFFFFFFFFFFFFFFFFFFFFFEE
S3150817BD40FFFFFFFFFFFFFFFFFFFFFFFFFFFFFFFFDE
S3150817BD50FFFFFFFFFFFFFFFFFFFFFFFFFFFFFFFFCE
S3150817BD60FFFFFFFFFFFFFFFFFFFFFFFFFFFFFFFFBE
S3150817BD70FFFFFFFFFFFFFFFFFFFFFFFFFFFFFFFFAE
S3150817BD80FFFFFFFFFFFFFFFFFFFFFFFFFFFFFFFF9E
S3150817BD90FFFFFFFFFFFFFFFFFFFFFFFFFFFFFFFF8E
S3150817BDA0FFFFFFFFFFFFFFFFFFFFFFFFFFFFFFFF7E
S3150817BDB0FFFFFFFFFFFFFFFFFFFFFFFFFFFFFFFF6E
S3150817BDC0FFFFFFFFFFFFFFFFFFFFFFFFFFFFFFFF5E
S3150817BDD0FFFFFFFFFFFFFFFFFFFFFFFFFFFFFFFF4E
S3150817BDE0FFFFFFFFFFFFFFFFFFFFFFFFFFFFFFFF3E
S3150817BDF0FFFFFFFFFFFFFFFFFFFFFFFFFFFFFFFF2E
S3150817BE00FFFFFFFFFFFFFFFFFFFFFFFFFFFFFFFF1D
S3150817BE10FFFFFFFFFFFFFFFFFFFFFFFFFFFFFFFF0D
S3150817BE20FFFFFFFFFFFFFFFFFFFFFFFFFFFFFFFFFD
S3150817BE30FFFFFFFFFFFFFFFFFFFFFFFFFFFFFFFFED
S3150817BE40FFFFFFFFFFFFFFFFFFFFFFFFFFFFFFFFDD
S3150817BE50FFFFFFFFFFFFFFFFFFFFFFFFFFFFFFFFCD
S3150817BE60FFFFFFFFFFFFFFFFFFFFFFFFFFFFFFFFBD
S3150817BE70FFFFFFFFFFFFFFFFFFFFFFFFFFFFFFFFAD
S3150817BE80FFFFFFFFFFFFFFFFFFFFFFFFFFFFFFFF9D
S3150817BE90FFFFFFFFFFFFFFFFFFFFFFFFFFFFFFFF8D
S3150817BEA0FFFFFFFFFFFFFFFFFFFFFFFFFFFFFFFF7D
S3150817BEB0FFFFFFFFFFFFFFFFFFFFFFFFFFFFFFFF6D
S3150817BEC0FFFFFFFFFFFFFFFFFFFFFFFFFFFFFFFF5D
S3150817BED0FFFFFFFFFFFFFFFFFFFFFFFFFFFFFFFF4D
S3150817BEE0FFFFFFFFFFFFFFFFFFFFFFFFFFFFFFFF3D
S3150817BEF0FFFFFFFFFFFFFFFFFFFFFFFFFFFFFFFF2D
S3150817BF00FFFFFFFFFFFFFFFFFFFFFFFFFFFFFFFF1C
S3150817BF10FFFFFFFFFFFFFFFFFFFFFFFFFFFFFFFF0C
S3150817BF20FFFFFFFFFFFFFFFFFFFFFFFFFFFFFFFFFC
S3150817BF30FFFFFFFFFFFFFFFFFFFFFFFFFFFFFFFFEC
S3150817BF40FFFFFFFFFFFFFFFFFFFFFFFFFFFFFFFFDC
S3150817BF50FFFFFFFFFFFFFFFFFFFFFFFFFFFFFFFFCC
S3150817BF60FFFFFFFFFFFFFFFFFFFFFFFFFFFFFFFFBC
S3150817BF70FFFFFFFFFFFFFFFFFFFFFFFFFFFFFFFFAC
S3150817BF80FFFFFFFFFFFFFFFFFFFFFFFFFFFFFFFF9C
S3150817BF90FFFFFFFFFFFFFFFFFFFFFFFFFFFFFFFF8C
S3150817BFA0FFFFFFFFFFFFFFFFFFFFFFFFFFFFFFFF7C
S3150817BFB0FFFFFFFFFFFFFFFFFFFFFFFFFFFFFFFF6C
S3150817BFC0FFFFFFFFFFFFFFFFFFFFFFFFFFFFFFFF5C
S3150817BFD0FFFFFFFFFFFFFFFFFFFFFFFFFFFFFFFF4C
S3150817BFE0FFFFFFFFFFFFFFFFFFFFFFFFFFFFFFFF3C
S3150817BFF0FFFFFFFFFFFFFFFFFFFFFFFFFFFFFFFF2C
S3150817C00001009AB2010000D0FEFFFF0FFFFFFFFFE6
S3150817C0103C90FFFF90813A94672F67636308923BBA
S3150817C0200CFFFFFF10823A9C672F6764637FF269DC
S3150817C0300CFFFFFF96823A84672F696D2F65630099
S3150817C04000630000000000FF8B903984640000002D
S3150817C05090813A94672F676363F0953B0CFFFFFF50
S3150817C06010823A9C672F67646367F6690CFFFFFFB0
S3150817C07096823A84672F696D2F65630000640000FE
S3150817C080000000FF8B9039846500000090813A9470
S3150817C090672F676363D8993B0CFFFFFF10823A9C9B
S3150817C0A0672F6764634FFA690CFFFFFF96823A8416
S3150817C0B0672F696D2F65630000650000000000FF94
S3150817C0C08B9039846600000090813A94672F6763CE
S3150817C0D063C09D3B0CFFFFFF10823A9C672F67646E
S3150817C0E06337FE690CFFFFFF96823A84672F696DDF
S3150817C0F02F65630000660000000000FF8B903984E7
S3150817C1006700000090813A94672F676363A8A13B7D
S3150817C1100CFFFFFF10823A9C672F6764631F026A3A
S3150817C1200CFFFFFF96823A84672F696D2F656300A8
S3150817C13000670000000000FF8B9039846800000034
S3150817C14090813A94672F67636390A53B0CFFFFFFAF
S3150817C15010823A9C672F67646307066A0CFFFFFF0E
S3150817C16096823A84672F696D2F6563000068000009
S3150817C170000000FF8B9039846900000090813A947B
S3150817C180672F67636378A93B0CFFFFFF10823A9CFA
S3150817C190672F676463EF096A0CFFFFFF96823A8475
S3150817C1A0672F696D2F65630000690000000000FF9F
S3150817C1B08B9039846A00000090813A94672F6763D9
S3150817C1C06360AD3B0CFFFFFF10823A9C672F6764CD
S3150817C1D063D70D6A0CFFFFFF96823A84672F696D3E
S3150817C1E02F656300006A0000000000FF8B903984F2
S3150817C1F06B00000090813A94672F67636348B13BD9
S3150817C2000CFFFFFF10823A9C672F676463BF116A9A
S3150817C2100CFFFFFF96823A84672F696D2F656300B7
S3150817C220006B0000000000FF8B9039846C0000003B
S3150817C23090813A94672F67636330B53B0CFFFFFF0E
S3150817C24010823A9C672F676463A7156A0CFFFFFF6E
S3150817C25096823A84672F696D2F656300006C000014
S3150817C260000000FF8B9039846D00000090813A9486
S3150817C270672F67636318B93B0CFFFFFF10823A9C59
S3150817C280672F6764638F196A0CFFFFFF96823A84D4
S3150817C290672F696D2F656300006D0000000000FFAA
S3150817C2A08B9039846E00000090813A94672F6763E4
S3150817C2B06300BD3B0CFFFFFF10823A9C672F67642C
S3150817C2C063771D6A0CFFFFFF96823A84672F696D9D
S3150817C2D02F656300006E0000000000FF8B903984FD
S3150817C2E06F00000090813A94672F676363E8C03B35
S3150817C2F00CFFFFFF10823A9C672F6764635F216AFA
S3150817C3000CFFFFFF96823A84672F696D2F656300C6
S3150817C310006F0000000000FF8B9039847000000042
S3150817C32090813A94672F676363D0C43B0CFFFFFF6E
S3150817C33010823A9C672F67646347256A0CFFFFFFCD
S3150817C34096823A84672F696D2F656300007000001F
S3150817C350000000FF8B9039847100000090813A9491
S3150817C360672F676363B8C83B0CFFFFFF10823A9CB9
S3150817C370672F6764632F296A0CFFFFFF96823A8433
S3150817C380672F696D2F65630000710000000000FFB5
S3150817C3908B9039847200000090813A94672F6763EF
S3150817C3A063A0CC3B0CFFFFFF10823A9C672F67648C
S3150817C3B063172D6A0CFFFFFF96823A84672F696DFC
S3150817C3C02F65630000720000000000FF8B90398408
S3150817C3D07300000090813A94672F67636388D03B90
S3150817C3E00CFFFFFF10823A9C672F676463FF306A5A
S3150817C3F00CFFFFFF96823A84672F696D2F656300D6
S3150817C40000730000000000FF8B9039847400000049
S3150817C41090813A94672F67636370D43B0CFFFFFFCD
S3150817C42010823A9C672F676463E7346A0CFFFFFF2D
S3150817C43096823A84672F696D2F656300007400002A
S3150817C440000000FF8B9039847500000090813A949C
S3150817C450672F67636358D83B0CFFFFFF10823A9C18
S3150817C460672F676463CF386A0CFFFFFF96823A8493
S3150817C470672F696D2F65630000750000000000FFC0
S3150817C4808B9039847600000090813A94672F6763FA
S3150817C4906340DC3B0CFFFFFF10823A9C672F6764EB
S3150817C4A063B73C6A0CFFFFFF96823A84672F696D5C
S3150817C4B02F65630000760000000000FF8B90398413
S3150817C4C07700000090813A94672F67636328E03BEB
S3150817C4D00CFFFFFF10823A9C672F6764639F406AB9
S3150817C4E00CFFFFFF96823A84672F696D2F656300E5
S3150817C4F000770000000000FF8B9039847800000051
S3150817C50090813A94672F67636310E43B0CFFFFFF2C
S3150817C51010823A9C672F67646387446A0CFFFFFF8C
S3150817C52096823A84672F696D2F6563000078000035
S3150817C530000000FF8B9039847900000090813A94A7
S3150817C540672F676363F8E73B0CFFFFFF10823A9C78
S3150817C550672F6764636F486A0CFFFFFF96823A84F2
S3150817C560672F696D2F65630000790000000000FFCB
S3150817C5708B9039847A00000090813A94672F676305
S3150817C58063E0EB3B0CFFFFFF10823A9C672F67644B
S3150817C59063574C6A0CFFFFFF96823A84672F696DBB
S3150817C5A02F656300007A0000000000FF8B9039841E
S3150817C5B07B00000090813A94672F676363C8EF3B47
S3150817C5C00CFFFFFF10823A9C672F6764633F506A18
S3150817C5D00CFFFFFF96823A84672F696D2F656300F4
S3150817C5E0007B0000000000FF8B9039847C00000058
S3150817C5F090813A94672F676363B0F33B0CFFFFFF8D
S3150817C60010823A9C672F67646327546A0CFFFFFFEB
S3150817C61096823A84672F696D2F656300007C000040
S3150817C620000000FF8B9039847D00000090813A94B2
S3150817C630672F67636398F73B0CFFFFFF10823A9CD7
S3150817C640672F6764630F586A0CFFFFFF96823A8451
S3150817C650672F696D2F656300007D0000000000FFD6
S3150817C6608B9039847E00000090813A94672F676310
S3150817C6706380FB3B0CFFFFFF10823A9C672F6764AA
S3150817C68063F75B6A0CFFFFFF96823A84672F696D1B
S3150817C6902F656300007E0000000000FF8B90398429
S3150817C6A07F00000090813A94672F67636368FF3BA2
S3150817C6B00CFFFFFF10823A9C672F676463DF5F6A78
S3150817C6C00CFFFFFF96823A84672F696D2F65630003
S3150817C6D0007F0000000000FF8B903984800000005F
S3150817C6E090813A94672F67636350033C0CFFFFFFEB
S3150817C6F010823A9C672F676463C7636A0CFFFFFF4C
S3150817C70096823A84672F696D2F656300008000004B
S3150817C710000000FF8B9039848100000090813A94BD
S3150817C720672F67636338073C0CFFFFFF10823A9C35
S3150817C730672F676463AF676A0CFFFFFF96823A84B1
S3150817C740672F696D2F65630000810000000000FFE1
S3150817C7508B9039848200000090813A94672F67631B
S3150817C76063200B3C0CFFFFFF10823A9C672F676408
S3150817C77063976B6A0CFFFFFF96823A84672F696D7A
S3150817C7802F65630000820000000000FF8B90398434
S3150817C7908300000090813A94672F676363080F3CFC
S3150817C7A00CFFFFFF10823A9C672F6764637F6F6AD7
S3150817C7B00CFFFFFF96823A84672F696D2F65630012
S3150817C7C000830000000000FF8B9039848400000066
S3150817C7D090813A94672F676363F0123C0CFFFFFF4B
S3150817C7E010823A9C672F67646367736A0CFFFFFFAB
S3150817C7F096823A84672F696D2F6563000084000057
S3150817C800000000FF8B9039848500000090813A94C8
S3150817C810672F676363D8163C0CFFFFFF10823A9C95
S3150817C820672F6764634F776A0CFFFFFF96823A8410
S3150817C830672F696D2F65630000850000000000FFEC
S3150817C8408B9039848600000090813A94672F676326
S3150817C85063C01A3C0CFFFFFF10823A9C672F676468
S3150817C86063377B6A0CFFFFFF96823A84672F696DD9
S3150817C8702F65630000860000000000FF8B9039843F
S3150817C8808700000090813A94672F676363A81E3C58
S3150817C8900CFFFFFF10823A9C672F6764631F7F6A36
S3150817C8A00CFFFFFF96823A84672F696D2F65630021
S3150817C8B000870000000000FF8B903984880000006D
S3150817C8C090813A94672F67636390223C0CFFFFFFAA
S3150817C8D010823A9C672F67646307836A0CFFFFFF0A
S3150817C8E096823A84672F696D2F6563000088000062
S3150817C8F0000000FF8B9039848900000090813A94D4
S3150817C900672F67636378263C0CFFFFFF10823A9CF4
S3150817C910672F676463EF866A0CFFFFFF96823A8470
S3150817C920672F696D2F65630000890000000000FFF7
S3150817C9308B9039848A00000090813A94672F676331
S3150817C94063602A3C0CFFFFFF10823A9C672F6764C7
S3150817C95063D78A6A0CFFFFFF96823A84672F696D39
S3150817C9602F656300008A0000000000FF8B9039844A
S3150817C9708B00000090813A94672F676363482E3CB3
S3150817C9800CFFFFFF10823A9C672F676463BF8E6A96
S3150817C9900CFFFFFF96823A84672F696D2F65630030
S3150817C9A0008B0000000000FF8B9039848C00000074
S3150817C9B090813A94672F67636330323C0CFFFFFF09
S3150817C9C010823A9C672F676463A7926A0CFFFFFF6A
S3150817C9D096823A84672F696D2F656300008C00006D
S3150817C9E0000000FF8B9039848D00000090813A94DF
S3150817C9F0672F67636318363C0CFFFFFF10823A9C54
S3150817CA00672F6764638F966A0CFFFFFF96823A84CF
S3150817CA10672F696D2F656300008D0000000000FF02
S3150817CA208B9039848E00000090813A94672F67633C
S3150817CA3063003A3C0CFFFFFF10823A9C672F676426
S3150817CA4063779A6A0CFFFFFF96823A84672F696D98
S3150817CA502F656300008E0000000000FF8B90398455
S3150817CA608F00000090813A94672F676363E83D3C0F
S3150817CA700CFFFFFF10823A9C672F6764635F9E6AF5
S3150817CA800CFFFFFF96823A84672F696D2F6563003F
S3150817CA90008F0000000000FF8B903984900000007B
S3150817CAA090813A94672F676363D0413C0CFFFFFF69
S3150817CAB010823A9C672F67646347A26A0CFFFFFFC9
S3150817CAC096823A84672F696D2F6563000090000078
S3150817CAD0000000FF8B9039849100000090813A94EA
S3150817CAE0672F676363B8453C0CFFFFFF10823A9CB4
S3150817CAF0672F6764632FA66A0CFFFFFF96823A842F
S3150817CB00672F696D2F65630000910000000000FF0D
S3150817CB108B9039849200000090813A94672F676347
S3150817CB2063A0493C0CFFFFFF10823A9C672F676486
S3150817CB306317AA6A0CFFFFFF96823A84672F696DF7
S3150817CB402F65630000920000000000FF8B90398460
S3150817CB509300000090813A94672F676363884D3C6A
S3150817CB600CFFFFFF10823A9C672F676463FFAD6A55
S3150817CB700CFFFFFF96823A84672F696D2F6563004E
S3150817CB8000930000000000FF8B9039849400000082
S3150817CB9090813A94672F67636370513C0CFFFFFFC8
S3150817CBA010823A9C672F676463E7B16A0CFFFFFF29
S3150817CBB096823A84672F696D2F6563000094000083
S3150817CBC0000000FF8B9039849500000090813A94F5
S3150817CBD0672F67636358553C0CFFFFFF10823A9C13
S3150817CBE0672F676463CFB56A0CFFFFFF96823A848F
S3150817CBF0672F696D2F65630000950000000000FF19
S3150817CC008B9039849600000090813A94672F676352
S3150817CC106340593C0CFFFFFF10823A9C672F6764E5
S3150817CC2063B7B96A0CFFFFFF96823A84672F696D57
S3150817CC302F65630000960000000000FF8B9039846B
S3150817CC409700000090813A94672F676363285D3CC5
S3150817CC500CFFFFFF10823A9C672F6764639FBD6AB4
S3150817CC600CFFFFFF96823A84672F696D2F6563005D
S3150817CC7000970000000000FF8B9039849800000089
S3150817CC8090813A94672F67636310613C0CFFFFFF27
S3150817CC9010823A9C672F67646387C16A0CFFFFFF88
S3150817CCA096823A84672F696D2F656300009800008E
S3150817CCB0000000FF8B9039849900000090813A9400
S3150817CCC0672F676363F8643C0CFFFFFF10823A9C73
S3150817CCD0672F6764636FC56A0CFFFFFF96823A84EE
S3150817CCE0672F696D2F65630000990000000000FF24
S3150817CCF08B9039849A00000090813A94672F67635E
S3150817CD0063E0683C0CFFFFFF10823A9C672F676445
S3150817CD106357C96A0CFFFFFF96823A84672F696DB6
S3150817CD202F656300009A0000000000FF8B90398476
S3150817CD309B00000090813A94672F676363C86C3C21
S3150817CD400CFFFFFF10823A9C672F6764633FCD6A13
S3150817CD500CFFFFFF96823A84672F696D2F6563006C
S3150817CD60009B0000000000FF8B9039849C00000090
S3150817CD7090813A94672F676363B0703C0CFFFFFF87
S3150817CD8010823A9C672F67646327D16A0CFFFFFFE7
S3150817CD9096823A84672F696D2F656300009C000099
S3150817CDA0000000FF8B9039849D00000090813A940B
S3150817CDB0672F67636398743C0CFFFFFF10823A9CD2
S3150817CDC0672F6764630FD56A0CFFFFFF96823A844D
S3150817CDD0672F696D2F656300009D0000000000FF2F
S3150817CDE08B9039849E00000090813A94672F676369
S3150817CDF06380783C0CFFFFFF10823A9C672F6764A5
S3150817CE0063F7D86A0CFFFFFF96823A84672F696D16
S3150817CE102F656300009E0000000000FF8B90398481
S3150817CE209F00000090813A94672F676363687C3C7C
S3150817CE300CFFFFFF10823A9C672F676463DFDC6A73
S3150817CE400CFFFFFF96823A84672F696D2F6563007B
S3150817CE50009F0000000000FF8B903984A000000097
S3150817CE6090813A94672F67636350803C0CFFFFFFE6
S3150817CE7010823A9C672F676463C7E06A0CFFFFFF47
S3150817CE8096823A84672F696D2F65630000A00000A4
S3150817CE90000000FF8B903984A100000090813A9416
S3150817CEA0672F67636338843C0CFFFFFF10823A9C31
S3150817CEB0672F676463AFE46A0CFFFFFF96823A84AD
S3150817CEC0672F696D2F65630000A10000000000FF3A
S3150817CED08B903984A200000090813A94672F676374
S3150817CEE06320883C0CFFFFFF10823A9C672F676404
S3150817CEF06397E86A0CFFFFFF96823A84672F696D76
S3150817CF002F65630000A20000000000FF8B9039848C
S3150817CF10A300000090813A94672F676363088C3CD7
S3150817CF200CFFFFFF10823A9C672F6764637FEC6AD2
S3150817CF300CFFFFFF96823A84672F696D2F6563008A
S3150817CF4000A30000000000FF8B903984A40000009E
S3150817CF5090813A94672F676363F08F3C0CFFFFFF46
S3150817CF6010823A9C672F67646367F06A0CFFFFFFA6
S3150817CF7096823A84672F696D2F65630000A40000AF
S3150817CF80000000FF8B903984A500000090813A9421
S3150817CF90672F676363D8933C0CFFFFFF10823A9C91
S3150817CFA0672F6764634FF46A0CFFFFFF96823A840C
S3150817CFB0672F696D2F65630000A50000000000FF45
S3150817CFC08B903984A600000090813A94672F67637F
S3150817CFD063C0973C0CFFFFFF10823A9C672F676464
S3150817CFE06337F86A0CFFFFFF96823A84672F696DD5
S3150817CFF02F65630000A60000000000FF8B90398498
S3150817D000A700000017003994394139434544384277
S3150817D0103130313042373336090639949A14FFFFBF
S3150817D0208B063984412D4F4B8905398C1532FFFFED
S3150817D030190739844375727461696E20436F6E7464
S3150817D040726F6C6C6572FFFF160839946C616265AE
S3150817D0506C20484D2D4D5432343031FF9C08398C8D
S3150817D06068747470733A2F2F7777772E616F6B738F
S3150817D0707A2E636F6DFFFFFF1009399C504E204DAE
S3150817D0805432343031FFFFFF8B07397C56312E3037
S3150817D0901102399C323032362D30312D3039FFFF97
S3150817D0A0000539E4840000B8553444673276737935
S3150817D0B06E497531534475747846484B4547556ECE
S3150817D0C0756356613574346B504E662F516E696C9D
S3150817D0D0772B4145414F4969742F75514A50684D09
S3150817D0E06D534739496E703239426F7848684F62BF
S3150817D0F0514443784E68582B4D346569696A6C34C0
S3150817D1004447576C4A6135456239644878596D39C9
S3150817D1107651417A534334376A6C775636625437A1
S3150817D1206974326C3777305A49773D3D0B04399411
S3150817D130E80300009F04397C6143734939567333F2
S3150817D1404750527953483231494A387442513D3D0E
S3150817D150A70F396C62376533363663393834326216
S3150817D1606665633562646235383737633136343501
S3150817D170316266618903398C1F04FFFF920239945D
S3150817D180D0A4A89041E0839E29DB03FF8B013A8C34
S3150817D190050000008B1F008A040000008B10398CCD
S3150817D1A000E017080B103994020000000B11398C90
S3150817D1B0000000008B113984E10100000B12398C2D
S3150817D1C0000200008B123984D60100000B1339842C
S3150817D1D0000400008B13397CF40000002780778041
S3150817D1E034656634306539373232373434396666DA
S3150817D1F062383333613166646663346630666261F2
S3150817D200090C39940100FFFF90813A94672F6763D9
S3150817D21063A89B3C0CFFFFFF10823A9C672F676435
S3150817D220631FFC6A0CFFFFFF96823A84672F696DA6
S3150817D2302F65630000A70000000000FF8B90398454
S3150817D240A800000090813A94672F676363909F3C04
S3150817D2500CFFFFFF10823A9C672F67646307006B02
S3150817D2600CFFFFFF96823A84672F696D2F65630057
S3150817D27000A80000000000FF8B903984A900000061
S3150817D28090813A94672F67636378A33C0CFFFFFF77
S3150817D29010823A9C672F676463EF036B0CFFFFFFD7
S3150817D2A096823A84672F696D2F65630000A9000077
S3150817D2B0000000FF8B903984AA00000090813A94E9
S3150817D2C0672F67636360A73C0CFFFFFF10823A9CC2
S3150817D2D0672F676463D7076B0CFFFFFF96823A843D
S3150817D2E0672F696D2F65630000AA0000000000FF0D
S3150817D2F093843A84672F612F312F3130322F37694C
S3150817D30093843A84672F612F312F3130322F37297B
S3150817D31013853A84672F612F322F3130322F376BA7
S3150817D32013853A84672F612F322F3130322F372BD7
S3150817D3308B903984AB00000090813A94672F676306
S3150817D3406348AB3C0CFFFFFF10823A9C672F676454
S3150817D35063BF0B6B0CFFFFFF96823A84672F696DC5
S3150817D3602F65630000AB0000000000FF93843A8422
S3150817D370672F612F312F3130322F376993843A84CB
S3150817D380672F612F312F3130322F372913853A847A
S3150817D390672F612F322F3130322F376B13853A8427
S3150817D3A0672F612F322F3130322F372B8B903984D5
S3150817D3B0AC00000090813A94672F67636330AF3CDF
S3150817D3C00CFFFFFF10823A9C672F676463A70F6BE2
S3150817D3D00CFFFFFF96823A84672F696D2F656300E6
S3150817D3E000AC0000000000FF8B903984AD000000E8
S3150817D3F090813A94672F67636318B33C0CFFFFFF56
S3150817D40010823A9C672F6764638F136B0CFFFFFFB5
S3150817D41096823A84672F696D2F65630000AD000001
S3150817D420000000FF93843A84672F612F312F31301C
S3150817D430322F376993843A84672F612F312F31300A
S3150817D440322F372913853A84672F612F322F3130B8
S3150817D450322F376B13853A84672F612F322F313066
S3150817D460322F372B8B903984AE00000090813A946F
S3150817D470672F67636300B73C0CFFFFFF10823A9C60
S3150817D480672F67646377176B0CFFFFFF96823A84DB
S3150817D490672F696D2F65630000AE0000000000FF57
S3150817D4A08B903984AF00000090813A94672F676391
S3150817D4B063E8BA3C0CFFFFFF10823A9C672F676434
S3150817D4C0635F1B6B0CFFFFFF96823A84672F696DA4
S3150817D4D02F65630000AF0000000000FF8B903984AA
S3150817D4E0B000000090813A94672F676363D0BE3CFB
S3150817D4F00CFFFFFF10823A9C672F676463471F6B01
S3150817D5000CFFFFFF96823A84672F696D2F656300B4
S3150817D51000B00000000000FF8B903984B1000000AE
S3150817D52090813A94672F676363B8C23C0CFFFFFF75
S3150817D53010823A9C672F6764632F236B0CFFFFFFD4
S3150817D54096823A84672F696D2F65630000B10000CC
S3150817D550000000FF8B903984B200000090813A943E
S3150817D560672F676363A0C63C0CFFFFFF10823A9CC0
S3150817D570672F67646317276B0CFFFFFF96823A843A
S3150817D580672F696D2F65630000B20000000000FF62
S3150817D5908B903984B300000090813A94672F67639C
S3150817D5A06388CA3C0CFFFFFF10823A9C672F676493
S3150817D5B063FF2A6B0CFFFFFF96823A84672F696D04
S3150817D5C02F65630000B30000000000FF8B903984B5
S3150817D5D0B400000090813A94672F67636370CE3C56
S3150817D5E00CFFFFFF10823A9C672F676463E72E6B61
S3150817D5F00CFFFFFF96823A84672F696D2F656300C4
S3150817D60000B40000000000FF8B903984B5000000B5
S3150817D61090813A94672F67636358D23C0CFFFFFFD4
S3150817D62010823A9C672F676463CF326B0CFFFFFF34
S3150817D63096823A84672F696D2F65630000B50000D7
S3150817D640000000FF8B903984B600000090813A9449
S3150817D650672F67636340D63C0CFFFFFF10823A9C1F
S3150817D660672F676463B7366B0CFFFFFF96823A849A
S3150817D670672F696D2F65630000B60000000000FF6D
S3150817D68093843A84672F612F312F3130322F3769B8
S3150817D69093843A84672F612F312F3130322F3729E8
S3150817D6A013853A84672F612F322F3130322F376B14
S3150817D6B013853A84672F612F322F3130322F372B44
S3150817D6C08B903984B700000090813A94672F676367
S3150817D6D06328DA3C0CFFFFFF10823A9C672F6764B2
S3150817D6E0639F3A6B0CFFFFFF96823A84672F696D23
S3150817D6F02F65630000B70000000000FF8B90398480
S3150817D700B800000090813A94672F67636310DE3C70
S3150817D7100CFFFFFF10823A9C672F676463873E6B7F
S3150817D7200CFFFFFF96823A84672F696D2F65630092
S3150817D73000B80000000000FF8B903984B90000007C
S3150817D74090813A94672F676363F8E13C0CFFFFFFF4
S3150817D75010823A9C672F6764636F426B0CFFFFFF53
S3150817D76096823A84672F696D2F65630000B90000A2
S3150817D770000000FF8B903984BA00000090813A9414
S3150817D780672F676363E0E53C0CFFFFFF10823A9C3F
S3150817D790672F67646357466B0CFFFFFF96823A84B9
S3150817D7A0672F696D2F65630000BA0000000000FF38
S3150817D7B08B903984BB00000090813A94672F676372
S3150817D7C063C8E93C0CFFFFFF10823A9C672F676412
S3150817D7D0633F4A6B0CFFFFFF96823A84672F696D82
S3150817D7E02F65630000BB0000000000FF8B9039848B
S3150817D7F0BC00000090813A94672F676363B0ED3CCD
S3150817D8000CFFFFFF10823A9C672F676463274E6BDE
S3150817D8100CFFFFFF96823A84672F696D2F656300A1
S3150817D82000BC0000000000FF93843A84672F612F1D
S3150817D830312F3130322F376993843A84672F612F06
S3150817D840312F3130322F372913853A84672F612FB5
S3150817D850322F3130322F376B13853A84672F612F62
S3150817D860322F3130322F372B8B903984BD00000079
S3150817D87090813A94672F67636398F13C0CFFFFFF13
S3150817D88010823A9C672F6764630F526B0CFFFFFF72
S3150817D89096823A84672F696D2F65630000BD00006D
S3150817D8A0000000FF93843A84672F612F312F313098
S3150817D8B0322F376993843A84672F612F312F313086
S3150817D8C0322F372913853A84672F612F322F313034
S3150817D8D0322F376B13853A84672F612F322F3130E2
S3150817D8E0322F372B8B903984BE00000090813A94DB
S3150817D8F0672F67636380F53C0CFFFFFF10823A9C1E
S3150817D900672F676463F7556B0CFFFFFF96823A8498
S3150817D910672F696D2F65630000BE0000000000FFC2
S3150817D92093843A84672F612F312F3130322F376915
S3150817D93093843A84672F612F312F3130322F372945
S3150817D94013853A84672F612F322F3130322F376B71
S3150817D95013853A84672F612F322F3130322F372BA1
S3150817D9608B903984BF00000090813A94672F6763BC
S3150817D9706368F93C0CFFFFFF10823A9C672F6764B0
S3150817D98063DF596B0CFFFFFF96823A84672F696D21
S3150817D9902F65630000BF0000000000FF8B903984D5
S3150817D9A0C000000090813A94672F67636350FD3C67
S3150817D9B00CFFFFFF10823A9C672F676463C75D6B7E
S3150817D9C00CFFFFFF96823A84672F696D2F656300F0
S3150817D9D000C00000000000FF8B903984C1000000CA
S3150817D9E090813A94672F67636338013D0CFFFFFFF1
S3150817D9F010823A9C672F676463AF616B0CFFFFFF52
S3150817DA0096823A84672F696D2F65630000C10000F7
S3150817DA10000000FF8B903984C200000090813A9469
S3150817DA20672F67636320053D0CFFFFFF10823A9C3B
S3150817DA30672F67646397656B0CFFFFFF96823A84B7
S3150817DA40672F696D2F65630000C20000000000FF8D
S3150817DA508B903984C300000090813A94672F6763C7
S3150817DA606308093D0CFFFFFF10823A9C672F67640E
S3150817DA70637F696B0CFFFFFF96823A84672F696D80
S3150817DA802F65630000C30000000000FF8B903984E0
S3150817DA90C400000090813A94672F676363F00C3DC2
S3150817DAA00CFFFFFF10823A9C672F676463676D6BDD
S3150817DAB00CFFFFFF96823A84672F696D2F656300FF
S3150817DAC000C40000000000FF93843A84672F612F73
S3150817DAD0312F3130322F376993843A84672F612F64
S3150817DAE0312F3130322F372913853A84672F612F13
S3150817DAF0322F3130322F376B13853A84672F612FC0
S3150817DB00322F3130322F372B8B903984C5000000CE
S3150817DB1090813A94672F676363D8103D0CFFFFFF10
S3150817DB2010823A9C672F6764634F716B0CFFFFFF70
S3150817DB3096823A84672F696D2F65630000C50000C2
S3150817DB40000000FF93843A84672F612F312F3130F5
S3150817DB50322F376993843A84672F612F312F3130E3
S3150817DB60322F372913853A84672F612F322F313091
S3150817DB70322F376B13853A84672F612F322F31303F
S3150817DB80322F372B8B903984C600000090813A9430
S3150817DB90672F676363C0143D0CFFFFFF10823A9C1B
S3150817DBA0672F67646337756B0CFFFFFF96823A8496
S3150817DBB0672F696D2F65630000C60000000000FF18
S3150817DBC08B903984C700000090813A94672F676352
S3150817DBD063A8183D0CFFFFFF10823A9C672F6764EE
S3150817DBE0631F796B0CFFFFFF96823A84672F696D5F
S3150817DBF02F65630000C70000000000FF8B9039846B
S3150817DC00C800000090813A94672F676363901C3D9C
S3150817DC100CFFFFFF10823A9C672F676463077D6BBB
S3150817DC200CFFFFFF96823A84672F696D2F6563008D
S3150817DC3000C80000000000FF93843A84672F612FFD
S3150817DC40312F3130322F376993843A84672F612FF2
S3150817DC50312F3130322F372913853A84672F612FA1
S3150817DC60322F3130322F376B13853A84672F612F4E
S3150817DC70322F3130322F372B8B903984C900000059
S3150817DC8090813A94672F67636378203D0CFFFFFFEF
S3150817DC9010823A9C672F676463EF806B0CFFFFFF50
S3150817DCA096823A84672F696D2F65630000C900004D
S3150817DCB0000000FF8B903984CA00000090813A94BF
S3150817DCC0672F67636360243D0CFFFFFF10823A9C3A
S3150817DCD0672F676463D7846B0CFFFFFF96823A84B6
S3150817DCE0672F696D2F65630000CA0000000000FFE3
S3150817DCF08B903984CB00000090813A94672F67631D
S3150817DD006348283D0CFFFFFF10823A9C672F67640C
S3150817DD1063BF886B0CFFFFFF96823A84672F696D7E
S3150817DD202F65630000CB0000000000FF8B90398435
S3150817DD30CC00000090813A94672F676363302C3DB7
S3150817DD400CFFFFFF10823A9C672F676463A78C6BDB
S3150817DD500CFFFFFF96823A84672F696D2F6563005C
S3150817DD6000CC0000000000FF8B903984CD0000001E
S3150817DD7090813A94672F67636318303D0CFFFFFF4E
S3150817DD8010823A9C672F6764638F906B0CFFFFFFAF
S3150817DD9096823A84672F696D2F65630000CD000058
S3150817DDA0000000FF8B903984CE00000090813A94CA
S3150817DDB0672F67636300343D0CFFFFFF10823A9C99
S3150817DDC0672F67646377946B0CFFFFFF96823A8415
S3150817DDD0672F696D2F65630000CE0000000000FFEE
S3150817DDE093843A84672F612F312F3130322F376951
S3150817DDF093843A84672F612F312F3130322F372981
S3150817DE0013853A84672F612F322F3130322F376BAC
S3150817DE1013853A84672F612F322F3130322F372BDC
S3150817DE208B903984CF00000090813A94672F6763E7
S3150817DE3063E8373D0CFFFFFF10823A9C672F67642C
S3150817DE40635F986B0CFFFFFF96823A84672F696D9D
S3150817DE502F65630000CF0000000000FF93843A8403
S3150817DE60672F612F312F3130322F376993843A84D0
S3150817DE70672F612F312F3130322F372913853A847F
S3150817DE80672F612F322F3130322F376B13853A842C
S3150817DE90672F612F322F3130322F372B8B903984DA
S3150817DEA0D000000090813A94672F676363D03B3D93
S3150817DEB00CFFFFFF10823A9C672F676463479C6BBA
S3150817DEC00CFFFFFF96823A84672F696D2F656300EB
S3150817DED000D00000000000FF8B903984D1000000A5
S3150817DEE090813A94672F676363B83F3D0CFFFFFF2E
S3150817DEF010823A9C672F6764632FA06B0CFFFFFF8E
S3150817DF0096823A84672F696D2F65630000D10000E2
S3150817DF10000000FF8B903984D200000090813A9454
S3150817DF20672F676363A0433D0CFFFFFF10823A9C78
S3150817DF30672F67646317A46B0CFFFFFF96823A84F3
S3150817DF40672F696D2F65630000D20000000000FF78
S3150817DF508B903984D300000090813A94672F6763B2
S3150817DF606388473D0CFFFFFF10823A9C672F67644B
S3150817DF7063FFA76B0CFFFFFF96823A84672F696DBD
S3150817DF802F65630000D30000000000FF93843A84CE
S3150817DF90672F612F312F3130322F376993843A849F
S3150817DFA0672F612F312F3130322F372913853A844E
S3150817DFB0672F612F322F3130322F376B13853A84FB
S3150817DFC0672F612F322F3130322F372B8B903984A9
S3150817DFD0D400000090813A94672F676363704B3DAE
S3150817DFE00CFFFFFF10823A9C672F676463E7AB6BDA
S3150817DFF00CFFFFFF80823AEC040000B4672F696DA7
S5030A00F2
S70500000000FA
