S00E00006E766D332D6F342E73333792
S3150817400001009AB2030000C8FCFFFF17FFFFFFFF66
S315081740103C90FFFFFFFFFFFFFFFFFFFFFFFFFFFFBD
S31508174020FFFFFFFFFFFFFFFFFFFFFFFFFFFFFFFF7B
S31508174030FFFFFFFFFFFFFFFFFFFFFFFFFFFFFFFF6B
S31508174040FFFFFFFFFFFFFFFFFFFFFFFFFFFFFFFF5B
S31508174050FFFFFFFFFFFFFFFFFFFFFFFFFFFFFFFF4B
S31508174060FFFFFFFFFFFFFFFFFFFFFFFFFFFFFFFF3B
S31508174070FFFFFFFFFFFFFFFFFFFFFFFFFFFFFFFF2B
S31508174080FFFFFFFFFFFFFFFFFFFFFFFFFFFFFFFF1B
S31508174090FFFFFFFFFFFFFFFFFFFFFFFFFFFFFFFF0B
S315081740A0FFFFFFFFFFFFFFFFFFFFFFFFFFFFFFFFFB
S315081740B0FFFFFFFFFFFFFFFFFFFFFFFFFFFFFFFFEB
S315081740C0FFFFFFFFFFFFFFFFFFFFFFFFFFFFFFFFDB
S315081740D0FFFFFFFFFFFFFFFFFFFFFFFFFFFFFFFFCB
S315081740E0FFFFFFFFFFFFFFFFFFFFFFFFFFFFFFFFBB
S315081740F0FFFFFFFFFFFFFFFFFFFFFFFFFFFFFFFFAB
S31508174100FFFFFFFFFFFFFFFFFFFFFFFFFFFFFFFF9A
S31508174110FFFFFFFFFFFFFFFFFFFFFFFFFFFFFFFF8A
S31508174120FFFFFFFFFFFFFFFFFFFFFFFFFFFFFFFF7A
S31508174130FFFFFFFFFFFFFFFFFFFFFFFFFFFFFFFF6A
S31508174140FFFFFFFFFFFFFFFFFFFFFFFFFFFFFFFF5A
S31508174150FFFFFFFFFFFFFFFFFFFFFFFFFFFFFFFF4A
S31508174160FFFFFFFFFFFFFFFFFFFFFFFFFFFFFFFF3A
S31508174170FFFFFFFFFFFFFFFFFFFFFFFFFFFFFFFF2A
S31508174180FFFFFFFFFFFFFFFFFFFFFFFFFFFFFFFF1A
S31508174190FFFFFFFFFFFFFFFFFFFFFFFFFFFFFFFF0A
S315081741A0FFFFFFFFFFFFFFFFFFFFFFFFFFFFFFFFFA
S315081741B0FFFFFFFFFFFFFFFFFFFFFFFFFFFFFFFFEA
S315081741C0FFFFFFFFFFFFFFFFFFFFFFFFFFFFFFFFDA
S315081741D0FFFFFFFFFFFFFFFFFFFFFFFFFFFFFFFFCA
S315081741E0FFFFFFFFFFFFFFFFFFFFFFFFFFFFFFFFBA
S315081741F0FFFFFFFFFFFFFFFFFFFFFFFFFFFFFFFFAA
S31508174200FFFFFFFFFFFFFFFFFFFFFFFFFFFFFFFF99
S31508174210FFFFFFFFFFFFFFFFFFFFFFFFFFFFFFFF89
S31508174220FFFFFFFFFFFFFFFFFFFFFFFFFFFFFFFF79
S31508174230FFFFFFFFFFFFFFFFFFFFFFFFFFFFFFFF69
S31508174240FFFFFFFFFFFFFFFFFFFFFFFFFFFFFFFF59
S31508174250FFFFFFFFFFFFFFFFFFFFFFFFFFFFFFFF49
S31508174260FFFFFFFFFFFFFFFFFFFFFFFFFFFFFFFF39
S31508174270FFFFFFFFFFFFFFFFFFFFFFFFFFFFFFFF29
S31508174280FFFFFFFFFFFFFFFFFFFFFFFFFFFFFFFF19
S31508174290FFFFFFFFFFFFFFFFFFFFFFFFFFFFFFFF09
S315081742A0FFFFFFFFFFFFFFFFFFFFFFFFFFFFFFFFF9
S315081742B0FFFFFFFFFFFFFFFFFFFFFFFFFFFFFFFFE9
S315081742C0FFFFFFFFFFFFFFFFFFFFFFFFFFFFFFFFD9
S315081742D0FFFFFFFFFFFFFFFFFFFFFFFFFFFFFFFFC9
S315081742E0FFFFFFFFFFFFFFFFFFFFFFFFFFFFFFFFB9
S315081742F0FFFFFFFFFFFFFFFFFFFFFFFFFFFFFFFFA9
S31508174300FFFFFFFFFFFFFFFFFFFFFFFFFFFFFFFF98
S31508174310FFFFFFFFFFFFFFFFFFFFFFFFFFFFFFFF88
S31508174320FFFFFFFFFFFFFFFFFFFFFFFFFFFFFFFF78
S31508174330FFFFFFFFFFFFFFFFFFFFFFFFFFFFFFFF68
S31508174340FFFFFFFFFFFFFFFFFFFFFFFFFFFFFFFF58
S31508174350FFFFFFFFFFFFFFFFFFFFFFFFFFFFFFFF48
S31508174360FFFFFFFFFFFFFFFFFFFFFFFFFFFFFFFF38
S31508174370FFFFFFFFFFFFFFFFFFFFFFFFFFFFFFFF28
S31508174380FFFFFFFFFFFFFFFFFFFFFFFFFFFFFFFF18
S31508174390FFFFFFFFFFFFFFFFFFFFFFFFFFFFFFFF08
S315081743A0FFFFFFFFFFFFFFFFFFFFFFFFFFFFFFFFF8
S315081743B0FFFFFFFFFFFFFFFFFFFFFFFFFFFFFFFFE8
S315081743C0FFFFFFFFFFFFFFFFFFFFFFFFFFFFFFFFD8
S315081743D0FFFFFFFFFFFFFFFFFFFFFFFFFFFFFFFFC8
S315081743E0FFFFFFFFFFFFFFFFFFFFFFFFFFFFFFFFB8
S315081743F0FFFFFFFFFFFFFFFFFFFFFFFFFFFFFFFFA8
S31508174400FFFFFFFFFFFFFFFFFFFFFFFFFFFFFFFF97
S31508174410FFFFFFFFFFFFFFFFFFFFFFFFFFFFFFFF87
S31508174420FFFFFFFFFFFFFFFFFFFFFFFFFFFFFFFF77
S31508174430FFFFFFFFFFFFFFFFFFFFFFFFFFFFFFFF67
S31508174440FFFFFFFFFFFFFFFFFFFFFFFFFFFFFFFF57
S31508174450FFFFFFFFFFFFFFFFFFFFFFFFFFFFFFFF47
S31508174460FFFFFFFFFFFFFFFFFFFFFFFFFFFFFFFF37
S31508174470FFFFFFFFFFFFFFFFFFFFFFFFFFFFFFFF27
S31508174480FFFFFFFFFFFFFFFFFFFFFFFFFFFFFFFF17
S31508174490FFFFFFFFFFFFFFFFFFFFFFFFFFFFFFFF07
S315081744A0FFFFFFFFFFFFFFFFFFFFFFFFFFFFFFFFF7
S315081744B0FFFFFFFFFFFFFFFFFFFFFFFFFFFFFFFFE7
S315081744C0FFFFFFFFFFFFFFFFFFFFFFFFFFFFFFFFD7
S315081744D0FFFFFFFFFFFFFFFFFFFFFFFFFFFFFFFFC7
S315081744E0FFFFFFFFFFFFFFFFFFFFFFFFFFFFFFFFB7
S315081744F0FFFFFFFFFFFFFFFFFFFFFFFFFFFFFFFFA7
S31508174500FFFFFFFFFFFFFFFFFFFFFFFFFFFFFFFF96
S31508174510FFFFFFFFFFFFFFFFFFFFFFFFFFFFFFFF86
S31508174520FFFFFFFFFFFFFFFFFFFFFFFFFFFFFFFF76
S31508174530FFFFFFFFFFFFFFFFFFFFFFFFFFFFFFFF66
S31508174540FFFFFFFFFFFFFFFFFFFFFFFFFFFFFFFF56
S31508174550FFFFFFFFFFFFFFFFFFFFFFFFFFFFFFFF46
S31508174560FFFFFFFFFFFFFFFFFFFFFFFFFFFFFFFF36
S31508174570FFFFFFFFFFFFFFFFFFFFFFFFFFFFFFFF26
S31508174580FFFFFFFFFFFFFFFFFFFFFFFFFFFFFFFF16
S31508174590FFFFFFFFFFFFFFFFFFFFFFFFFFFFFFFF06
S315081745A0FFFFFFFFFFFFFFFFFFFFFFFFFFFFFFFFF6
S315081745B0FFFFFFFFFFFFFFFFFFFFFFFFFFFFFFFFE6
S315081745C0FFFFFFFFFFFFFFFFFFFFFFFFFFFFFFFFD6
S315081745D0FFFFFFFFFFFFFFFFFFFFFFFFFFFFFFFFC6
S315081745E0FFFFFFFFFFFFFFFFFFFFFFFFFFFFFFFFB6
S315081745F0FFFFFFFFFFFFFFFFFFFFFFFFFFFFFFFFA6
S31508174600FFFFFFFFFFFFFFFFFFFFFFFFFFFFFFFF95
S31508174610FFFFFFFFFFFFFFFFFFFFFFFFFFFFFFFF85
S31508174620FFFFFFFFFFFFFFFFFFFFFFFFFFFFFFFF75
S31508174630FFFFFFFFFFFFFFFFFFFFFFFFFFFFFFFF65
S31508174640FFFFFFFFFFFFFFFFFFFFFFFFFFFFFFFF55
S31508174650FFFFFFFFFFFFFFFFFFFFFFFFFFFFFFFF45
S31508174660FFFFFFFFFFFFFFFFFFFFFFFFFFFFFFFF35
S31508174670FFFFFFFFFFFFFFFFFFFFFFFFFFFFFFFF25
S31508174680FFFFFFFFFFFFFFFFFFFFFFFFFFFFFFFF15
S31508174690FFFFFFFFFFFFFFFFFFFFFFFFFFFFFFFF05
S315081746A0FFFFFFFFFFFFFFFFFFFFFFFFFFFFFFFFF5
S315081746B0FFFFFFFFFFFFFFFFFFFFFFFFFFFFFFFFE5
S315081746C0FFFFFFFFFFFFFFFFFFFFFFFFFFFFFFFFD5
S315081746D0FFFFFFFFFFFFFFFFFFFFFFFFFFFFFFFFC5
S315081746E0FFFFFFFFFFFFFFFFFFFFFFFFFFFFFFFFB5
S315081746F0FFFFFFFFFFFFFFFFFFFFFFFFFFFFFFFFA5
S31508174700FFFFFFFFFFFFFFFFFFFFFFFFFFFFFFFF94
S31508174710FFFFFFFFFFFFFFFFFFFFFFFFFFFFFFFF84
S31508174720FFFFFFFFFFFFFFFFFFFFFFFFFFFFFFFF74
S31508174730FFFFFFFFFFFFFFFFFFFFFFFFFFFFFFFF64
S31508174740FFFFFFFFFFFFFFFFFFFFFFFFFFFFFFFF54
S31508174750FFFFFFFFFFFFFFFFFFFFFFFFFFFFFFFF44
S31508174760FFFFFFFFFFFFFFFFFFFFFFFFFFFFFFFF34
S31508174770FFFFFFFFFFFFFFFFFFFFFFFFFFFFFFFF24
S31508174780FFFFFFFFFFFFFFFFFFFFFFFFFFFFFFFF14
S31508174790FFFFFFFFFFFFFFFFFFFFFFFFFFFFFFFF04
S315081747A0FFFFFFFFFFFFFFFFFFFFFFFFFFFFFFFFF4
S315081747B0FFFFFFFFFFFFFFFFFFFFFFFFFFFFFFFFE4
S315081747C0FFFFFFFFFFFFFFFFFFFFFFFFFFFFFFFFD4
S315081747D0FFFFFFFFFFFFFFFFFFFFFFFFFFFFFFFFC4
S315081747E0FFFFFFFFFFFFFFFFFFFFFFFFFFFFFFFFB4
S315081747F0FFFFFFFFFFFFFFFFFFFFFFFFFFFFFFFFA4
S31508174800FFFFFFFFFFFFFFFFFFFFFFFFFFFFFFFF93
S31508174810FFFFFFFFFFFFFFFFFFFFFFFFFFFFFFFF83
S31508174820FFFFFFFFFFFFFFFFFFFFFFFFFFFFFFFF73
S31508174830FFFFFFFFFFFFFFFFFFFFFFFFFFFFFFFF63
S31508174840FFFFFFFFFFFFFFFFFFFFFFFFFFFFFFFF53
S31508174850FFFFFFFFFFFFFFFFFFFFFFFFFFFFFFFF43
S31508174860FFFFFFFFFFFFFFFFFFFFFFFFFFFFFFFF33
S31508174870FFFFFFFFFFFFFFFFFFFFFFFFFFFFFFFF23
S31508174880FFFFFFFFFFFFFFFFFFFFFFFFFFFFFFFF13
S31508174890FFFFFFFFFFFFFFFFFFFFFFFFFFFFFFFF03
S315081748A0FFFFFFFFFFFFFFFFFFFFFFFFFFFFFFFFF3
S315081748B0FFFFFFFFFFFFFFFFFFFFFFFFFFFFFFFFE3
S315081748C0FFFFFFFFFFFFFFFFFFFFFFFFFFFFFFFFD3
S315081748D0FFFFFFFFFFFFFFFFFFFFFFFFFFFFFFFFC3
S315081748E0FFFFFFFFFFFFFFFFFFFFFFFFFFFFFFFFB3
S315081748F0FFFFFFFFFFFFFFFFFFFFFFFFFFFFFFFFA3
S31508174900FFFFFFFFFFFFFFFFFFFFFFFFFFFFFFFF92
S31508174910FFFFFFFFFFFFFFFFFFFFFFFFFFFFFFFF82
S31508174920FFFFFFFFFFFFFFFFFFFFFFFFFFFFFFFF72
S31508174930FFFFFFFFFFFFFFFFFFFFFFFFFFFFFFFF62
S31508174940FFFFFFFFFFFFFFFFFFFFFFFFFFFFFFFF52
S31508174950FFFFFFFFFFFFFFFFFFFFFFFFFFFFFFFF42
S31508174960FFFFFFFFFFFFFFFFFFFFFFFFFFFFFFFF32
S31508174970FFFFFFFFFFFFFFFFFFFFFFFFFFFFFFFF22
S31508174980FFFFFFFFFFFFFFFFFFFFFFFFFFFFFFFF12
S31508174990FFFFFFFFFFFFFFFFFFFFFFFFFFFFFFFF02
S315081749A0FFFFFFFFFFFFFFFFFFFFFFFFFFFFFFFFF2
S315081749B0FFFFFFFFFFFFFFFFFFFFFFFFFFFFFFFFE2
S315081749C0FFFFFFFFFFFFFFFFFFFFFFFFFFFFFFFFD2
S315081749D0FFFFFFFFFFFFFFFFFFFFFFFFFFFFFFFFC2
S315081749E0FFFFFFFFFFFFFFFFFFFFFFFFFFFFFFFFB2
S315081749F0FFFFFFFFFFFFFFFFFFFFFFFFFFFFFFFFA2
S31508174A00FFFFFFFFFFFFFFFFFFFFFFFFFFFFFFFF91
S31508174A10FFFFFFFFFFFFFFFFFFFFFFFFFFFFFFFF81
S31508174A20FFFFFFFFFFFFFFFFFFFFFFFFFFFFFFFF71
S31508174A30FFFFFFFFFFFFFFFFFFFFFFFFFFFFFFFF61
S31508174A40FFFFFFFFFFFFFFFFFFFFFFFFFFFFFFFF51
S31508174A50FFFFFFFFFFFFFFFFFFFFFFFFFFFFFFFF41
S31508174A60FFFFFFFFFFFFFFFFFFFFFFFFFFFFFFFF31
S31508174A70FFFFFFFFFFFFFFFFFFFFFFFFFFFFFFFF21
S31508174A80FFFFFFFFFFFFFFFFFFFFFFFFFFFFFFFF11
S31508174A90FFFFFFFFFFFFFFFFFFFFFFFFFFFFFFFF01
S31508174AA0FFFFFFFFFFFFFFFFFFFFFFFFFFFFFFFFF1
S31508174AB0FFFFFFFFFFFFFFFFFFFFFFFFFFFFFFFFE1
S31508174AC0FFFFFFFFFFFFFFFFFFFFFFFFFFFFFFFFD1
S31508174AD0FFFFFFFFFFFFFFFFFFFFFFFFFFFFFFFFC1
S31508174AE0FFFFFFFFFFFFFFFFFFFFFFFFFFFFFFFFB1
S31508174AF0FFFFFFFFFFFFFFFFFFFFFFFFFFFFFFFFA1
S31508174B00FFFFFFFFFFFFFFFFFFFFFFFFFFFFFFFF90
S31508174B10FFFFFFFFFFFFFFFFFFFFFFFFFFFFFFFF80
S31508174B20FFFFFFFFFFFFFFFFFFFFFFFFFFFFFFFF70
S31508174B30FFFFFFFFFFFFFFFFFFFFFFFFFFFFFFFF60
S31508174B40FFFFFFFFFFFFFFFFFFFFFFFFFFFFFFFF50
S31508174B50FFFFFFFFFFFFFFFFFFFFFFFFFFFFFFFF40
S31508174B60FFFFFFFFFFFFFFFFFFFFFFFFFFFFFFFF30
S31508174B70FFFFFFFFFFFFFFFFFFFFFFFFFFFFFFFF20
S31508174B80FFFFFFFFFFFFFFFFFFFFFFFFFFFFFFFF10
S31508174B90FFFFFFFFFFFFFFFFFFFFFFFFFFFFFFFF00
S31508174BA0FFFFFFFFFFFFFFFFFFFFFFFFFFFFFFFFF0
S31508174BB0FFFFFFFFFFFFFFFFFFFFFFFFFFFFFFFFE0
S31508174BC0FFFFFFFFFFFFFFFFFFFFFFFFFFFFFFFFD0
S31508174BD0FFFFFFFFFFFFFFFFFFFFFFFFFFFFFFFFC0
S31508174BE0FFFFFFFFFFFFFFFFFFFFFFFFFFFFFFFFB0
S31508174BF0FFFFFFFFFFFFFFFFFFFFFFFFFFFFFFFFA0
S31508174C00FFFFFFFFFFFFFFFFFFFFFFFFFFFFFFFF8F
S31508174C10FFFFFFFFFFFFFFFFFFFFFFFFFFFFFFFF7F
S31508174C20FFFFFFFFFFFFFFFFFFFFFFFFFFFFFFFF6F
S31508174C30FFFFFFFFFFFFFFFFFFFFFFFFFFFFFFFF5F
S31508174C40FFFFFFFFFFFFFFFFFFFFFFFFFFFFFFFF4F
S31508174C50FFFFFFFFFFFFFFFFFFFFFFFFFFFFFFFF3F
S31508174C60FFFFFFFFFFFFFFFFFFFFFFFFFFFFFFFF2F
S31508174C70FFFFFFFFFFFFFFFFFFFFFFFFFFFFFFFF1F
S31508174C80FFFFFFFFFFFFFFFFFFFFFFFFFFFFFFFF0F
S31508174C90FFFFFFFFFFFFFFFFFFFFFFFFFFFFFFFFFF
S31508174CA0FFFFFFFFFFFFFFFFFFFFFFFFFFFFFFFFEF
S31508174CB0FFFFFFFFFFFFFFFFFFFFFFFFFFFFFFFFDF
S31508174CC0FFFFFFFFFFFFFFFFFFFFFFFFFFFFFFFFCF
S31508174CD0FFFFFFFFFFFFFFFFFFFFFFFFFFFFFFFFBF
S31508174CE0FFFFFFFFFFFFFFFFFFFFFFFFFFFFFFFFAF
S31508174CF0FFFFFFFFFFFFFFFFFFFFFFFFFFFFFFFF9F
S31508174D00FFFFFFFFFFFFFFFFFFFFFFFFFFFFFFFF8E
S31508174D10FFFFFFFFFFFFFFFFFFFFFFFFFFFFFFFF7E
S31508174D20FFFFFFFFFFFFFFFFFFFFFFFFFFFFFFFF6E
S31508174D30FFFFFFFFFFFFFFFFFFFFFFFFFFFFFFFF5E
S31508174D40FFFFFFFFFFFFFFFFFFFFFFFFFFFFFFFF4E
S31508174D50FFFFFFFFFFFFFFFFFFFFFFFFFFFFFFFF3E
S31508174D60FFFFFFFFFFFFFFFFFFFFFFFFFFFFFFFF2E
S31508174D70FFFFFFFFFFFFFFFFFFFFFFFFFFFFFFFF1E
S31508174D80FFFFFFFFFFFFFFFFFFFFFFFFFFFFFFFF0E
S31508174D90FFFFFFFFFFFFFFFFFFFFFFFFFFFFFFFFFE
S31508174DA0FFFFFFFFFFFFFFFFFFFFFFFFFFFFFFFFEE
S31508174DB0FFFFFFFFFFFFFFFFFFFFFFFFFFFFFFFFDE
S31508174DC0FFFFFFFFFFFFFFFFFFFFFFFFFFFFFFFFCE
S31508174DD0FFFFFFFFFFFFFFFFFFFFFFFFFFFFFFFFBE
S31508174DE0FFFFFFFFFFFFFFFFFFFFFFFFFFFFFFFFAE
S31508174DF0FFFFFFFFFFFFFFFFFFFFFFFFFFFFFFFF9E
S31508174E00FFFFFFFFFFFFFFFFFFFFFFFFFFFFFFFF8D
S31508174E10FFFFFFFFFFFFFFFFFFFFFFFFFFFFFFFF7D
S31508174E20FFFFFFFFFFFFFFFFFFFFFFFFFFFFFFFF6D
S31508174E30FFFFFFFFFFFFFFFFFFFFFFFFFFFFFFFF5D
S31508174E40FFFFFFFFFFFFFFFFFFFFFFFFFFFFFFFF4D
S31508174E50FFFFFFFFFFFFFFFFFFFFFFFFFFFFFFFF3D
S31508174E60FFFFFFFFFFFFFFFFFFFFFFFFFFFFFFFF2D
S31508174E70FFFFFFFFFFFFFFFFFFFFFFFFFFFFFFFF1D
S31508174E80FFFFFFFFFFFFFFFFFFFFFFFFFFFFFFFF0D
S31508174E90FFFFFFFFFFFFFFFFFFFFFFFFFFFFFFFFFD
S31508174EA0FFFFFFFFFFFFFFFFFFFFFFFFFFFFFFFFED
S31508174EB0FFFFFFFFFFFFFFFFFFFFFFFFFFFFFFFFDD
S31508174EC0FFFFFFFFFFFFFFFFFFFFFFFFFFFFFFFFCD
S31508174ED0FFFFFFFFFFFFFFFFFFFFFFFFFFFFFFFFBD
S31508174EE0FFFFFFFFFFFFFFFFFFFFFFFFFFFFFFFFAD
S31508174EF0FFFFFFFFFFFFFFFFFFFFFFFFFFFFFFFF9D
S31508174F00FFFFFFFFFFFFFFFFFFFFFFFFFFFFFFFF8C
S31508174F10FFFFFFFFFFFFFFFFFFFFFFFFFFFFFFFF7C
S31508174F20FFFFFFFFFFFFFFFFFFFFFFFFFFFFFFFF6C
S31508174F30FFFFFFFFFFFFFFFFFFFFFFFFFFFFFFFF5C
S31508174F40FFFFFFFFFFFFFFFFFFFFFFFFFFFFFFFF4C
S31508174F50FFFFFFFFFFFFFFFFFFFFFFFFFFFFFFFF3C
S31508174F60FFFFFFFFFFFFFFFFFFFFFFFFFFFFFFFF2C
S31508174F70FFFFFFFFFFFFFFFFFFFFFFFFFFFFFFFF1C
S31508174F80FFFFFFFFFFFFFFFFFFFFFFFFFFFFFFFF0C
S31508174F90FFFFFFFFFFFFFFFFFFFFFFFFFFFFFFFFFC
S31508174FA0FFFFFFFFFFFFFFFFFFFFFFFFFFFFFFFFEC
S31508174FB0FFFFFFFFFFFFFFFFFFFFFFFFFFFFFFFFDC
S31508174FC0FFFFFFFFFFFFFFFFFFFFFFFFFFFFFFFFCC
S31508174FD0FFFFFFFFFFFFFFFFFFFFFFFFFFFFFFFFBC
S31508174FE0FFFFFFFFFFFFFFFFFFFFFFFFFFFFFFFFAC
S31508174FF0FFFFFFFFFFFFFFFFFFFFFFFFFFFFFFFF9C
S31508175000FFFFFFFFFFFFFFFFFFFFFFFFFFFFFFFF8B
S31508175010FFFFFFFFFFFFFFFFFFFFFFFFFFFFFFFF7B
S31508175020FFFFFFFFFFFFFFFFFFFFFFFFFFFFFFFF6B
S31508175030FFFFFFFFFFFFFFFFFFFFFFFFFFFFFFFF5B
S31508175040FFFFFFFFFFFFFFFFFFFFFFFFFFFFFFFF4B
S31508175050FFFFFFFFFFFFFFFFFFFFFFFFFFFFFFFF3B
S31508175060FFFFFFFFFFFFFFFFFFFFFFFFFFFFFFFF2B
S31508175070FFFFFFFFFFFFFFFFFFFFFFFFFFFFFFFF1B
S31508175080FFFFFFFFFFFFFFFFFFFFFFFFFFFFFFFF0B
S31508175090FFFFFFFFFFFFFFFFFFFFFFFFFFFFFFFFFB
S315081750A0FFFFFFFFFFFFFFFFFFFFFFFFFFFFFFFFEB
S315081750B0FFFFFFFFFFFFFFFFFFFFFFFFFFFFFFFFDB
S315081750C0FFFFFFFFFFFFFFFFFFFFFFFFFFFFFFFFCB
S315081750D0FFFFFFFFFFFFFFFFFFFFFFFFFFFFFFFFBB
S315081750E0FFFFFFFFFFFFFFFFFFFFFFFFFFFFFFFFAB
S315081750F0FFFFFFFFFFFFFFFFFFFFFFFFFFFFFFFF9B
S31508175100FFFFFFFFFFFFFFFFFFFFFFFFFFFFFFFF8A
S31508175110FFFFFFFFFFFFFFFFFFFFFFFFFFFFFFFF7A
S31508175120FFFFFFFFFFFFFFFFFFFFFFFFFFFFFFFF6A
S31508175130FFFFFFFFFFFFFFFFFFFFFFFFFFFFFFFF5A
S31508175140FFFFFFFFFFFFFFFFFFFFFFFFFFFFFFFF4A
S31508175150FFFFFFFFFFFFFFFFFFFFFFFFFFFFFFFF3A
S31508175160FFFFFFFFFFFFFFFFFFFFFFFFFFFFFFFF2A
S31508175170FFFFFFFFFFFFFFFFFFFFFFFFFFFFFFFF1A
S31508175180FFFFFFFFFFFFFFFFFFFFFFFFFFFFFFFF0A
S31508175190FFFFFFFFFFFFFFFFFFFFFFFFFFFFFFFFFA
S315081751A0FFFFFFFFFFFFFFFFFFFFFFFFFFFFFFFFEA
S315081751B0FFFFFFFFFFFFFFFFFFFFFFFFFFFFFFFFDA
S315081751C0FFFFFFFFFFFFFFFFFFFFFFFFFFFFFFFFCA
S315081751D0FFFFFFFFFFFFFFFFFFFFFFFFFFFFFFFFBA
S315081751E0FFFFFFFFFFFFFFFFFFFFFFFFFFFFFFFFAA
S315081751F0FFFFFFFFFFFFFFFFFFFFFFFFFFFFFFFF9A
S31508175200FFFFFFFFFFFFFFFFFFFFFFFFFFFFFFFF89
S31508175210FFFFFFFFFFFFFFFFFFFFFFFFFFFFFFFF79
S31508175220FFFFFFFFFFFFFFFFFFFFFFFFFFFFFFFF69
S31508175230FFFFFFFFFFFFFFFFFFFFFFFFFFFFFFFF59
S31508175240FFFFFFFFFFFFFFFFFFFFFFFFFFFFFFFF49
S31508175250FFFFFFFFFFFFFFFFFFFFFFFFFFFFFFFF39
S31508175260FFFFFFFFFFFFFFFFFFFFFFFFFFFFFFFF29
S31508175270FFFFFFFFFFFFFFFFFFFFFFFFFFFFFFFF19
S31508175280FFFFFFFFFFFFFFFFFFFFFFFFFFFFFFFF09
S31508175290FFFFFFFFFFFFFFFFFFFFFFFFFFFFFFFFF9
S315081752A0FFFFFFFFFFFFFFFFFFFFFFFFFFFFFFFFE9
S315081752B0FFFFFFFFFFFFFFFFFFFFFFFFFFFFFFFFD9
S315081752C0FFFFFFFFFFFFFFFFFFFFFFFFFFFFFFFFC9
S315081752D0FFFFFFFFFFFFFFFFFFFFFFFFFFFFFFFFB9
S315081752E0FFFFFFFFFFFFFFFFFFFFFFFFFFFFFFFFA9
S315081752F0FFFFFFFFFFFFFFFFFFFFFFFFFFFFFFFF99
S31508175300FFFFFFFFFFFFFFFFFFFFFFFFFFFFFFFF88
S31508175310FFFFFFFFFFFFFFFFFFFFFFFFFFFFFFFF78
S31508175320FFFFFFFFFFFFFFFFFFFFFFFFFFFFFFFF68
S31508175330FFFFFFFFFFFFFFFFFFFFFFFFFFFFFFFF58
S31508175340FFFFFFFFFFFFFFFFFFFFFFFFFFFFFFFF48
S31508175350FFFFFFFFFFFFFFFFFFFFFFFFFFFFFFFF38
S31508175360FFFFFFFFFFFFFFFFFFFFFFFFFFFFFFFF28
S31508175370FFFFFFFFFFFFFFFFFFFFFFFFFFFFFFFF18
S31508175380FFFFFFFFFFFFFFFFFFFFFFFFFFFFFFFF08
S31508175390FFFFFFFFFFFFFFFFFFFFFFFFFFFFFFFFF8
S315081753A0FFFFFFFFFFFFFFFFFFFFFFFFFFFFFFFFE8
S315081753B0FFFFFFFFFFFFFFFFFFFFFFFFFFFFFFFFD8
S315081753C0FFFFFFFFFFFFFFFFFFFFFFFFFFFFFFFFC8
S315081753D0FFFFFFFFFFFFFFFFFFFFFFFFFFFFFFFFB8
S315081753E0FFFFFFFFFFFFFFFFFFFFFFFFFFFFFFFFA8
S315081753F0FFFFFFFFFFFFFFFFFFFFFFFFFFFFFFFF98
S31508175400FFFFFFFFFFFFFFFFFFFFFFFFFFFFFFFF87
S31508175410FFFFFFFFFFFFFFFFFFFFFFFFFFFFFFFF77
S31508175420FFFFFFFFFFFFFFFFFFFFFFFFFFFFFFFF67
S31508175430FFFFFFFFFFFFFFFFFFFFFFFFFFFFFFFF57
S31508175440FFFFFFFFFFFFFFFFFFFFFFFFFFFFFFFF47
S31508175450FFFFFFFFFFFFFFFFFFFFFFFFFFFFFFFF37
S31508175460FFFFFFFFFFFFFFFFFFFFFFFFFFFFFFFF27
S31508175470FFFFFFFFFFFFFFFFFFFFFFFFFFFFFFFF17
S31508175480FFFFFFFFFFFFFFFFFFFFFFFFFFFFFFFF07
S31508175490FFFFFFFFFFFFFFFFFFFFFFFFFFFFFFFFF7
S315081754A0FFFFFFFFFFFFFFFFFFFFFFFFFFFFFFFFE7
S315081754B0FFFFFFFFFFFFFFFFFFFFFFFFFFFFFFFFD7
S315081754C0FFFFFFFFFFFFFFFFFFFFFFFFFFFFFFFFC7
S315081754D0FFFFFFFFFFFFFFFFFFFFFFFFFFFFFFFFB7
S315081754E0FFFFFFFFFFFFFFFFFFFFFFFFFFFFFFFFA7
S315081754F0FFFFFFFFFFFFFFFFFFFFFFFFFFFFFFFF97
S31508175500FFFFFFFFFFFFFFFFFFFFFFFFFFFFFFFF86
S31508175510FFFFFFFFFFFFFFFFFFFFFFFFFFFFFFFF76
S31508175520FFFFFFFFFFFFFFFFFFFFFFFFFFFFFFFF66
S31508175530FFFFFFFFFFFFFFFFFFFFFFFFFFFFFFFF56
S31508175540FFFFFFFFFFFFFFFFFFFFFFFFFFFFFFFF46
S31508175550FFFFFFFFFFFFFFFFFFFFFFFFFFFFFFFF36
S31508175560FFFFFFFFFFFFFFFFFFFFFFFFFFFFFFFF26
S31508175570FFFFFFFFFFFFFFFFFFFFFFFFFFFFFFFF16
S31508175580FFFFFFFFFFFFFFFFFFFFFFFFFFFFFFFF06
S31508175590FFFFFFFFFFFFFFFFFFFFFFFFFFFFFFFFF6
S315081755A0FFFFFFFFFFFFFFFFFFFFFFFFFFFFFFFFE6
S315081755B0FFFFFFFFFFFFFFFFFFFFFFFFFFFFFFFFD6
S315081755C0FFFFFFFFFFFFFFFFFFFFFFFFFFFFFFFFC6
S315081755D0FFFFFFFFFFFFFFFFFFFFFFFFFFFFFFFFB6
S315081755E0FFFFFFFFFFFFFFFFFFFFFFFFFFFFFFFFA6
S315081755F0FFFFFFFFFFFFFFFFFFFFFFFFFFFFFFFF96
S31508175600FFFFFFFFFFFFFFFFFFFFFFFFFFFFFFFF85
S31508175610FFFFFFFFFFFFFFFFFFFFFFFFFFFFFFFF75
S31508175620FFFFFFFFFFFFFFFFFFFFFFFFFFFFFFFF65
S31508175630FFFFFFFFFFFFFFFFFFFFFFFFFFFFFFFF55
S31508175640FFFFFFFFFFFFFFFFFFFFFFFFFFFFFFFF45
S31508175650FFFFFFFFFFFFFFFFFFFFFFFFFFFFFFFF35
S31508175660FFFFFFFFFFFFFFFFFFFFFFFFFFFFFFFF25
S31508175670FFFFFFFFFFFFFFFFFFFFFFFFFFFFFFFF15
S31508175680FFFFFFFFFFFFFFFFFFFFFFFFFFFFFFFF05
S31508175690FFFFFFFFFFFFFFFFFFFFFFFFFFFFFFFFF5
S315081756A0FFFFFFFFFFFFFFFFFFFFFFFFFFFFFFFFE5
S315081756B0FFFFFFFFFFFFFFFFFFFFFFFFFFFFFFFFD5
S315081756C0FFFFFFFFFFFFFFFFFFFFFFFFFFFFFFFFC5
S315081756D0FFFFFFFFFFFFFFFFFFFFFFFFFFFFFFFFB5
S315081756E0FFFFFFFFFFFFFFFFFFFFFFFFFFFFFFFFA5
S315081756F0FFFFFFFFFFFFFFFFFFFFFFFFFFFFFFFF95
S31508175700FFFFFFFFFFFFFFFFFFFFFFFFFFFFFFFF84
S31508175710FFFFFFFFFFFFFFFFFFFFFFFFFFFFFFFF74
S31508175720FFFFFFFFFFFFFFFFFFFFFFFFFFFFFFFF64
S31508175730FFFFFFFFFFFFFFFFFFFFFFFFFFFFFFFF54
S31508175740FFFFFFFFFFFFFFFFFFFFFFFFFFFFFFFF44
S31508175750FFFFFFFFFFFFFFFFFFFFFFFFFFFFFFFF34
S31508175760FFFFFFFFFFFFFFFFFFFFFFFFFFFFFFFF24
S31508175770FFFFFFFFFFFFFFFFFFFFFFFFFFFFFFFF14
S31508175780FFFFFFFFFFFFFFFFFFFFFFFFFFFFFFFF04
S31508175790FFFFFFFFFFFFFFFFFFFFFFFFFFFFFFFFF4
S315081757A0FFFFFFFFFFFFFFFFFFFFFFFFFFFFFFFFE4
S315081757B0FFFFFFFFFFFFFFFFFFFFFFFFFFFFFFFFD4
S315081757C0FFFFFFFFFFFFFFFFFFFFFFFFFFFFFFFFC4
S315081757D0FFFFFFFFFFFFFFFFFFFFFFFFFFFFFFFFB4
S315081757E0FFFFFFFFFFFFFFFFFFFFFFFFFFFFFFFFA4
S315081757F0FFFFFFFFFFFFFFFFFFFFFFFFFFFFFFFF94
S31508175800FFFFFFFFFFFFFFFFFFFFFFFFFFFFFFFF83
S31508175810FFFFFFFFFFFFFFFFFFFFFFFFFFFFFFFF73
S31508175820FFFFFFFFFFFFFFFFFFFFFFFFFFFFFFFF63
S31508175830FFFFFFFFFFFFFFFFFFFFFFFFFFFFFFFF53
S31508175840FFFFFFFFFFFFFFFFFFFFFFFFFFFFFFFF43
S31508175850FFFFFFFFFFFFFFFFFFFFFFFFFFFFFFFF33
S31508175860FFFFFFFFFFFFFFFFFFFFFFFFFFFFFFFF23
S31508175870FFFFFFFFFFFFFFFFFFFFFFFFFFFFFFFF13
S31508175880FFFFFFFFFFFFFFFFFFFFFFFFFFFFFFFF03
S31508175890FFFFFFFFFFFFFFFFFFFFFFFFFFFFFFFFF3
S315081758A0FFFFFFFFFFFFFFFFFFFFFFFFFFFFFFFFE3
S315081758B0FFFFFFFFFFFFFFFFFFFFFFFFFFFFFFFFD3
S315081758C0FFFFFFFFFFFFFFFFFFFFFFFFFFFFFFFFC3
S315081758D0FFFFFFFFFFFFFFFFFFFFFFFFFFFFFFFFB3
S315081758E0FFFFFFFFFFFFFFFFFFFFFFFFFFFFFFFFA3
S315081758F0FFFFFFFFFFFFFFFFFFFFFFFFFFFFFFFF93
S31508175900FFFFFFFFFFFFFFFFFFFFFFFFFFFFFFFF82
S31508175910FFFFFFFFFFFFFFFFFFFFFFFFFFFFFFFF72
S31508175920FFFFFFFFFFFFFFFFFFFFFFFFFFFFFFFF62
S31508175930FFFFFFFFFFFFFFFFFFFFFFFFFFFFFFFF52
S31508175940FFFFFFFFFFFFFFFFFFFFFFFFFFFFFFFF42
S31508175950FFFFFFFFFFFFFFFFFFFFFFFFFFFFFFFF32
S31508175960FFFFFFFFFFFFFFFFFFFFFFFFFFFFFFFF22
S31508175970FFFFFFFFFFFFFFFFFFFFFFFFFFFFFFFF12
S31508175980FFFFFFFFFFFFFFFFFFFFFFFFFFFFFFFF02
S31508175990FFFFFFFFFFFFFFFFFFFFFFFFFFFFFFFFF2
S315081759A0FFFFFFFFFFFFFFFFFFFFFFFFFFFFFFFFE2
S315081759B0FFFFFFFFFFFFFFFFFFFFFFFFFFFFFFFFD2
S315081759C0FFFFFFFFFFFFFFFFFFFFFFFFFFFFFFFFC2
S315081759D0FFFFFFFFFFFFFFFFFFFFFFFFFFFFFFFFB2
S315081759E0FFFFFFFFFFFFFFFFFFFFFFFFFFFFFFFFA2
S315081759F0FFFFFFFFFFFFFFFFFFFFFFFFFFFFFFFF92
S31508175A00FFFFFFFFFFFFFFFFFFFFFFFFFFFFFFFF81
S31508175A10FFFFFFFFFFFFFFFFFFFFFFFFFFFFFFFF71
S31508175A20FFFFFFFFFFFFFFFFFFFFFFFFFFFFFFFF61
S31508175A30FFFFFFFFFFFFFFFFFFFFFFFFFFFFFFFF51
S31508175A40FFFFFFFFFFFFFFFFFFFFFFFFFFFFFFFF41
S31508175A50FFFFFFFFFFFFFFFFFFFFFFFFFFFFFFFF31
S31508175A60FFFFFFFFFFFFFFFFFFFFFFFFFFFFFFFF21
S31508175A70FFFFFFFFFFFFFFFFFFFFFFFFFFFFFFFF11
S31508175A80FFFFFFFFFFFFFFFFFFFFFFFFFFFFFFFF01
S31508175A90FFFFFFFFFFFFFFFFFFFFFFFFFFFFFFFFF1
S31508175AA0FFFFFFFFFFFFFFFFFFFFFFFFFFFFFFFFE1
S31508175AB0FFFFFFFFFFFFFFFFFFFFFFFFFFFFFFFFD1
S31508175AC0FFFFFFFFFFFFFFFFFFFFFFFFFFFFFFFFC1
S31508175AD0FFFFFFFFFFFFFFFFFFFFFFFFFFFFFFFFB1
S31508175AE0FFFFFFFFFFFFFFFFFFFFFFFFFFFFFFFFA1
S31508175AF0FFFFFFFFFFFFFFFFFFFFFFFFFFFFFFFF91
S31508175B00FFFFFFFFFFFFFFFFFFFFFFFFFFFFFFFF80
S31508175B10FFFFFFFFFFFFFFFFFFFFFFFFFFFFFFFF70
S31508175B20FFFFFFFFFFFFFFFFFFFFFFFFFFFFFFFF60
S31508175B30FFFFFFFFFFFFFFFFFFFFFFFFFFFFFFFF50
S31508175B40FFFFFFFFFFFFFFFFFFFFFFFFFFFFFFFF40
S31508175B50FFFFFFFFFFFFFFFFFFFFFFFFFFFFFFFF30
S31508175B60FFFFFFFFFFFFFFFFFFFFFFFFFFFFFFFF20
S31508175B70FFFFFFFFFFFFFFFFFFFFFFFFFFFFFFFF10
S31508175B80FFFFFFFFFFFFFFFFFFFFFFFFFFFFFFFF00
S31508175B90FFFFFFFFFFFFFFFFFFFFFFFFFFFFFFFFF0
S31508175BA0FFFFFFFFFFFFFFFFFFFFFFFFFFFFFFFFE0
S31508175BB0FFFFFFFFFFFFFFFFFFFFFFFFFFFFFFFFD0
S31508175BC0FFFFFFFFFFFFFFFFFFFFFFFFFFFFFFFFC0
S31508175BD0FFFFFFFFFFFFFFFFFFFFFFFFFFFFFFFFB0
S31508175BE0FFFFFFFFFFFFFFFFFFFFFFFFFFFFFFFFA0
S31508175BF0FFFFFFFFFFFFFFFFFFFFFFFFFFFFFFFF90
S31508175C00FFFFFFFFFFFFFFFFFFFFFFFFFFFFFFFF7F
S31508175C10FFFFFFFFFFFFFFFFFFFFFFFFFFFFFFFF6F
S31508175C20FFFFFFFFFFFFFFFFFFFFFFFFFFFFFFFF5F
S31508175C30FFFFFFFFFFFFFFFFFFFFFFFFFFFFFFFF4F
S31508175C40FFFFFFFFFFFFFFFFFFFFFFFFFFFFFFFF3F
S31508175C50FFFFFFFFFFFFFFFFFFFFFFFFFFFFFFFF2F
S31508175C60FFFFFFFFFFFFFFFFFFFFFFFFFFFFFFFF1F
S31508175C70FFFFFFFFFFFFFFFFFFFFFFFFFFFFFFFF0F
S31508175C80FFFFFFFFFFFFFFFFFFFFFFFFFFFFFFFFFF
S31508175C90FFFFFFFFFFFFFFFFFFFFFFFFFFFFFFFFEF
S31508175CA0FFFFFFFFFFFFFFFFFFFFFFFFFFFFFFFFDF
S31508175CB0FFFFFFFFFFFFFFFFFFFFFFFFFFFFFFFFCF
S31508175CC0FFFFFFFFFFFFFFFFFFFFFFFFFFFFFFFFBF
S31508175CD0FFFFFFFFFFFFFFFFFFFFFFFFFFFFFFFFAF
S31508175CE0FFFFFFFFFFFFFFFFFFFFFFFFFFFFFFFF9F
S31508175CF0FFFFFFFFFFFFFFFFFFFFFFFFFFFFFFFF8F
S31508175D00FFFFFFFFFFFFFFFFFFFFFFFFFFFFFFFF7E
S31508175D10FFFFFFFFFFFFFFFFFFFFFFFFFFFFFFFF6E
S31508175D20FFFFFFFFFFFFFFFFFFFFFFFFFFFFFFFF5E
S31508175D30FFFFFFFFFFFFFFFFFFFFFFFFFFFFFFFF4E
S31508175D40FFFFFFFFFFFFFFFFFFFFFFFFFFFFFFFF3E
S31508175D50FFFFFFFFFFFFFFFFFFFFFFFFFFFFFFFF2E
S31508175D60FFFFFFFFFFFFFFFFFFFFFFFFFFFFFFFF1E
S31508175D70FFFFFFFFFFFFFFFFFFFFFFFFFFFFFFFF0E
S31508175D80FFFFFFFFFFFFFFFFFFFFFFFFFFFFFFFFFE
S31508175D90FFFFFFFFFFFFFFFFFFFFFFFFFFFFFFFFEE
S31508175DA0FFFFFFFFFFFFFFFFFFFFFFFFFFFFFFFFDE
S31508175DB0FFFFFFFFFFFFFFFFFFFFFFFFFFFFFFFFCE
S31508175DC0FFFFFFFFFFFFFFFFFFFFFFFFFFFFFFFFBE
S31508175DD0FFFFFFFFFFFFFFFFFFFFFFFFFFFFFFFFAE
S31508175DE0FFFFFFFFFFFFFFFFFFFFFFFFFFFFFFFF9E
S31508175DF0FFFFFFFFFFFFFFFFFFFFFFFFFFFFFFFF8E
S31508175E00FFFFFFFFFFFFFFFFFFFFFFFFFFFFFFFF7D
S31508175E10FFFFFFFFFFFFFFFFFFFFFFFFFFFFFFFF6D
S31508175E20FFFFFFFFFFFFFFFFFFFFFFFFFFFFFFFF5D
S31508175E30FFFFFFFFFFFFFFFFFFFFFFFFFFFFFFFF4D
S31508175E40FFFFFFFFFFFFFFFFFFFFFFFFFFFFFFFF3D
S31508175E50FFFFFFFFFFFFFFFFFFFFFFFFFFFFFFFF2D
S31508175E60FFFFFFFFFFFFFFFFFFFFFFFFFFFFFFFF1D
S31508175E70FFFFFFFFFFFFFFFFFFFFFFFFFFFFFFFF0D
S31508175E80FFFFFFFFFFFFFFFFFFFFFFFFFFFFFFFFFD
S31508175E90FFFFFFFFFFFFFFFFFFFFFFFFFFFFFFFFED
S31508175EA0FFFFFFFFFFFFFFFFFFFFFFFFFFFFFFFFDD
S31508175EB0FFFFFFFFFFFFFFFFFFFFFFFFFFFFFFFFCD
S31508175EC0FFFFFFFFFFFFFFFFFFFFFFFFFFFFFFFFBD
S31508175ED0FFFFFFFFFFFFFFFFFFFFFFFFFFFFFFFFAD
S31508175EE0FFFFFFFFFFFFFFFFFFFFFFFFFFFFFFFF9D
S31508175EF0FFFFFFFFFFFFFFFFFFFFFFFFFFFFFFFF8D
S31508175F00FFFFFFFFFFFFFFFFFFFFFFFFFFFFFFFF7C
S31508175F10FFFFFFFFFFFFFFFFFFFFFFFFFFFFFFFF6C
S31508175F20FFFFFFFFFFFFFFFFFFFFFFFFFFFFFFFF5C
S31508175F30FFFFFFFFFFFFFFFFFFFFFFFFFFFFFFFF4C
S31508175F40FFFFFFFFFFFFFFFFFFFFFFFFFFFFFFFF3C
S31508175F50FFFFFFFFFFFFFFFFFFFFFFFFFFFFFFFF2C
S31508175F60FFFFFFFFFFFFFFFFFFFFFFFFFFFFFFFF1C
S31508175F70FFFFFFFFFFFFFFFFFFFFFFFFFFFFFFFF0C
S31508175F80FFFFFFFFFFFFFFFFFFFFFFFFFFFFFFFFFC
S31508175F90FFFFFFFFFFFFFFFFFFFFFFFFFFFFFFFFEC
S31508175FA0FFFFFFFFFFFFFFFFFFFFFFFFFFFFFFFFDC
S31508175FB0FFFFFFFFFFFFFFFFFFFFFFFFFFFFFFFFCC
S31508175FC0FFFFFFFFFFFFFFFFFFFFFFFFFFFFFFFFBC
S31508175FD0FFFFFFFFFFFFFFFFFFFFFFFFFFFFFFFFAC
S31508175FE0FFFFFFFFFFFFFFFFFFFFFFFFFFFFFFFF9C
S31508175FF0FFFFFFFFFFFFFFFFFFFFFFFFFFFFFFFF8C
S3150817600001009AB2020000D0FDFFFF0FFFFFFFFF46
S315081760103C90FFFF00803AFC8C0100AC00000000A2
S31508176020000000000000000000000000000000004B
S31508176030000000000000000000000000000000003B
S31508176040000000000000000000000000000000002B
S31508176050000000000000000000000000000000001B
S31508176060000000000000000000000000000000000B
S3150817607000000000000000000000000000000000FB
S3150817608000000000000000000000000000000000EB
S3150817609000000000000000000000000000000000DB
S315081760A000000000000000000000000000000000CB
S315081760B000000000000000000000000000000000BB
S315081760C000000000000000000000000000000000AB
S315081760D0000000000000000000000000000000009B
S315081760E0000000000000000000000000000000008B
S315081760F0000000000000000000000000000000007B
S31508176100000000000000000000000000000000006A
S31508176110000000000000000000000000000000005A
S31508176120000000000000000000000000000000004A
S31508176130000000000000000000000000000000003A
S31508176140000000000000000000000000000000002A
S31508176150000000000000000000000000000000001A
S31508176160000000000000000000000000000000000A
S3150817617000000000000000000000000000000000FA
S3150817618000000000000000000000000000000000EA
S3150817619000000000000000000000000000000000DA
S315081761A000000000000000008B84398400000000FE
S315081761B00985398C434EFFFF5B943674105D175E5D
S315081761C00000000000440000000000005053410082
S315081761D04B4559000000000001000000127100012C
S315081761E00014000009060006000000002000000041
S315081761F01174B65EDCD6B8AC0C131C62F4C04AFD33
S315081762006B09D69E51D45951BA5AD5DCDFB63E9882
S315081762100394368C8B9039840200000090813A9447
S31508176220672F676363123A390FFFFFFF10823A9C8D
S31508176230672F67646387178405FFFFFF96823A847B
S31508176240672F696D2F65630000020000000000FFC5
S315081762508B9039840300000090813A94672F6763FF
S3150817626063FA3D390FFFFFFF10823A9C672F676461
S31508176270636F1B8405FFFFFF96823A84672F696D44
S315081762802F65630000030000000000FF8B90398418
S315081762900400000090813A94672F676363E24139D7
S315081762A00FFFFFFF10823A9C672F676463571F8497
S315081762B005FFFFFF96823A84672F696D2F6563007E
S315081762C000040000000000FF8B90398405000000C9
S315081762D090813A94672F676363CA45390FFFFFFFA3
S315081762E010823A9C672F6764633F238405FFFFFF75
S315081762F096823A84672F696D2F656300000500003B
S31508176300000000FF8B9039840600000090813A94AC
S31508176310672F676363B249390FFFFFFF10823A9CED
S31508176320672F67646327278405FFFFFF96823A84DA
S31508176330672F696D2F65630000060000000000FFD0
S315081763408B9039840700000090813A94672F67630A
S31508176350639A4D390FFFFFFF10823A9C672F6764C0
S31508176360630F2B8405FFFFFF96823A84672F696DA3
S315081763702F65630000070000000000FF8B90398423
S315081763800800000090813A94672F67636382513932
S315081763900FFFFFFF10823A9C672F676463F72E84F7
S315081763A005FFFFFF96823A84672F696D2F6563008D
S315081763B000080000000000FF93843A84672F612FB6
S315081763C0312F3130322F376993843A84672F612FEB
S315081763D0312F3130322F372913853A84672F612F9A
S315081763E0322F3130322F376B13853A84672F612F47
S315081763F0322F3130322F372B0D1600A2D0AF9221FC
S315081764006CDAFFFF8384398C0385398C038C398CB6
S31508176410039039948390398C83B6367403803A9CE3
S3150817642083803A9403813A9483813A8C03823A9407
S3150817643083823A8C03833A8C83833A8403843A9407
S3150817644083843A8C03853A8CCBB63664105D175E0F
S315081764500000000001000200000000005053410030
S315081764604B4559000000000001000000001180008C
S315081764700114000009008003000000001000000046
S3150817648044B3B74716D521EE9D786FFD20D7CBA90C
S31508176490178C397C333631373732324143364235E2
S315081764A0413732338B903984010000000D90398CAF
S315081764B0000000000000FFFF8E803A8C672F737567
S315081764C06D0F00FF15813A8C672F6C6B677415264D
S315081764D0004438B82C18FFFF90813A94672F6763E2
S315081764E063087BA409FFFFFF10823A9C672F67642E
S315081764F06344254703FFFFFF96823A84672F696D22
S315081765002F65630000010000000000FF11833A8C15
S31508176510672F612F332F382F30FEFFFF91833A8469
S31508176520672F612F342F382F30FEFFFF17843A84D1
S31508176530672F612F302F32622F3005656E2D555311
S3150817654093843A84672F612F312F3130322F376171
S3150817655093843A84672F612F312F3130322F372999
S3150817656013853A84672F612F322F3130322F3763CD
S3150817657013853A84672F612F322F3130322F372BF5
S3150817658000803AE4200300B8C2263034E8997C0A1A
S31508176590A1E33772B0FD5AED8F744C5F0000000007
S315081765A000000000000000000000000000000000C6
S315081765B000000000000000000000000000000000B6
S315081765C000000000000000000000000000000000A6
S315081765D00000000000000000000000000000000096
S315081765E00000000000000000000000000000000086
S315081765F00000000000000000000000000000000076
S315081766000000000000000000000000000000000065
S315081766100000000000000000000000000000000055
S315081766200000000000000000000000000000000045
S315081766300000000000000000000000000000000035
S315081766400000000000000000000000000000000025
S315081766500000000000000000000000000000000015
S315081766600000000000000000000000000000000005
S3150817667000000000000000000000000000000000F5
S3150817668000000000000000000000000000000000E5
S3150817669000000000000000000000000000000000D5
S315081766A000000000000000000000000000000000C5
S315081766B000000000000000000000000000000000B5
S315081766C000000000000000000000000000000000A5
S315081766D00000000000000000000000000000000095
S315081766E00000000000000000000000000000000085
S315081766F00000000000000000000000000000000075
S315081767000000000000000000000000000000000064
S315081767100000000000000000000000000000000054
S315081767200000000000000000000000000000000044
S315081767300000000000000000000000000000000034
S315081767400000000000000000000000000000000024
S315081767500000000000000000000000000000000014
S315081767600000000000000000000000000000000004
S3150817677000000000000000000000000000000000F4
S3150817678000000000000000000000000000000000E4
S3150817679000000000000000000000000000000000D4
S315081767A000000000000000000000000000000000C4
S315081767B000000000000000000000000000000000B4
S315081767C000000000000000000000000000000000A4
S315081767D00000000000000000000000000000000094
S315081767E00000000000000000000000000000000084
S315081767F00000000000000000000000000000000074
S315081768000000000000000000000000000000000063
S315081768100000000000000000000000000000000053
S315081768200000000000000000000000000000000043
S315081768300000000000000000000000000000000033
S315081768400000000000000000000000000000000023
S315081768500000000000000000000000000000000013
S315081768600000000000000000000000000000000003
S3150817687000000000000000000000000000000000F3
S3150817688000000000000000000000000000000000E3
S3150817689000000000000000000000000000000000D3
S315081768A000000000000000008B84398400000000F7
S315081768B00985398C5858FFFF8B90398402000000D8
S315081768C090813A94672F676363F07EA409FFFFFFE9
S315081768D010823A9C672F6764632C294703FFFFFFCB
S315081768E096823A84672F696D2F6563000002000048
S315081768F0000000FF93843A84672F612F312F3130B8
S31508176900322F376993843A84672F612F312F3130A5
S31508176910322F372913853A84672F612F322F313053
S31508176920322F376B13853A84672F612F322F313001
S31508176930322F372B8B9039840300000090813A94B5
S31508176940672F676363D882A409FFFFFF10823A9CF3
S31508176950672F676463142D4703FFFFFF96823A84F0
S31508176960672F696D2F65630000030000000000FF9D
S3150817697093843A84672F612F312F3130322F376935
S3150817698093843A84672F612F312F3130322F372965
S3150817699013853A84672F612F322F3130322F376B91
S315081769A013853A84672F612F322F3130322F372BC1
S315081769B08B9039840400000090813A94672F676397
S315081769C063C086A409FFFFFF10823A9C672F676486
S315081769D063FC304703FFFFFF96823A84672F696D7A
S315081769E02F65630000040000000000FF8B903984B0
S315081769F00500000090813A94672F676363A88AA4F5
S31508176A0009FFFFFF10823A9C672F676463E43447D0
S31508176A1003FFFFFF96823A84672F696D2F65630018
S31508176A2000050000000000FF8B903984060000005F
S31508176A3090813A94672F676363908EA409FFFFFFC7
S31508176A4010823A9C672F676463CC384703FFFFFFAA
S31508176A5096823A84672F696D2F65630000060000D2
S31508176A60000000FF8B9039840700000090813A9444
S31508176A70672F6763637892A409FFFFFF10823A9C12
S31508176A80672F676463B43C4703FFFFFF96823A8410
S31508176A90672F696D2F65630000070000000000FF68
S31508176AA08B9039840800000090813A94672F6763A2
S31508176AB0636096A409FFFFFF10823A9C672F6764E5
S31508176AC0639C404703FFFFFF96823A84672F696DD9
S31508176AD02F65630000080000000000FF8B903984BB
S31508176AE00900000090813A94672F676363489AA450
S31508176AF009FFFFFF10823A9C672F67646384444730
S31508176B0003FFFFFF96823A84672F696D2F65630027
S31508176B1000090000000000FF8B9039840A00000066
S31508176B2090813A94672F676363309EA409FFFFFF26
S31508176B3010823A9C672F6764636C484703FFFFFF09
S31508176B4096823A84672F696D2F656300000A0000DD
S31508176B50000000FF8B9039840B00000090813A944F
S31508176B60672F67636318A2A409FFFFFF10823A9C71
S31508176B70672F676463544C4703FFFFFF96823A846F
S31508176B80672F696D2F656300000B0000000000FF73
S31508176B908B9039840C00000090813A94672F6763AD
S31508176BA06300A6A409FFFFFF10823A9C672F676444
S31508176BB0633C504703FFFFFF96823A84672F696D38
S31508176BC02F656300000C0000000000FF8B903984C6
S31508176BD00D00000090813A94672F676363E8A9A4AC
S31508176BE009FFFFFF10823A9C672F6764632454478F
S31508176BF003FFFFFF96823A84672F696D2F65630037
S31508176C00000D0000000000FF8B9039840E0000006D
S31508176C1090813A94672F676363D0ADA409FFFFFF86
S31508176C2010823A9C672F6764630C584703FFFFFF68
S31508176C3096823A84672F696D2F656300000E0000E8
S31508176C40000000FF8B9039840F00000090813A945A
S31508176C50672F676363B8B1A409FFFFFF10823A9CD1
S31508176C60672F676463F45B4703FFFFFF96823A84CF
S31508176C70672F696D2F656300000F0000000000FF7E
S31508176C808B9039841000000090813A94672F6763B8
S31508176C9063A0B5A409FFFFFF10823A9C672F6764A4
S31508176CA063DC5F4703FFFFFF96823A84672F696D98
S31508176CB02F65630000100000000000FF8B903984D1
S31508176CC01100000090813A94672F67636388B9A407
S31508176CD009FFFFFF10823A9C672F676463C46347EF
S31508176CE003FFFFFF96823A84672F696D2F65630046
S31508176CF000110000000000FF8B9039841200000075
S31508176D0090813A94672F67636370BDA409FFFFFFE5
S31508176D1010823A9C672F676463AC674703FFFFFFC8
S31508176D2096823A84672F696D2F65630000120000F3
S31508176D30000000FF93843A84672F612F312F313073
S31508176D40322F376993843A84672F612F312F313061
S31508176D50322F372913853A84672F612F322F31300F
S31508176D60322F376B13853A84672F612F322F3130BD
S31508176D70322F372B8B9039841300000090813A9461
S31508176D80672F67636358C1A409FFFFFF10823A9CF0
S31508176D90672F676463946B4703FFFFFF96823A84EE
S31508176DA0672F696D2F65630000130000000000FF49
S31508176DB093843A84672F612F312F3130322F3769F1
S31508176DC093843A84672F612F312F3130322F372921
S31508176DD013853A84672F612F322F3130322F376B4D
S31508176DE013853A84672F612F322F3130322F372B7D
S31508176DF08B9039841400000090813A94672F676343
S31508176E006340C5A409FFFFFF10823A9C672F676482
S31508176E10637C6F4703FFFFFF96823A84672F696D76
S31508176E202F65630000140000000000FF93843A845E
S31508176E30672F612F312F3130322F376993843A8470
S31508176E40672F612F312F3130322F372913853A841F
S31508176E50672F612F322F3130322F376B13853A84CC
S31508176E60672F612F322F3130322F372B8B9039847A
S31508176E701500000090813A94672F67636328C9A4A1
S31508176E8009FFFFFF10823A9C672F6764636473478D
S31508176E9003FFFFFF96823A84672F696D2F65630094
S31508176EA000150000000000FF93843A84672F612FAE
S31508176EB0312F3130322F376993843A84672F612FF0
S31508176EC0312F3130322F372913853A84672F612F9F
S31508176ED0322F3130322F376B13853A84672F612F4C
S31508176EE0322F3130322F372B17003994394139431E
S31508176EF045443842313031304237333609063994EA
S31508176F009A14FFFF8B063984412D4F4B8905398C07
S31508176F101532FFFF190739844375727461696E2034
S31508176F20436F6E74726F6C6C6572FFFF160839942F
S31508176F306C6162656C20484D2D4D5432343031FFE3
S31508176F409C08398C68747470733A2F2F7777772E55
S31508176F50616F6B737A2E636F6DFFFFFF1009399C8C
S31508176F60504E204D5432343031FFFFFF8B07397C92
S31508176F7056312E301102399C323032362D30312D9A
S31508176F803039FFFF000539E4840000B855344467E3
S31508176F90327673796E497531534475747846484B0A
S31508176FA04547556E756356613574346B504E662F63
S31508176FB0516E696C772B4145414F4969742F755145
S31508176FC04A50684D6D534739496E703239426F7852
S31508176FD048684F62514443784E68582B4D34656953
S31508176FE0696A6C344447576C4A613545623964484F
S31508176FF078596D397651417A534334376A6C7756CF
S31508177000366254376974326C3777305A49773D3D4B
S315081770100B043994E80300009F04397C61437349CC
S31508177020395673334750527953483231494A387467
S3150817703042513D3DA70F396C62376533363663398A
S315081770403834326266656335626462353837376352
S3150817705031363435316266618903398C1F04FFFF6F
S3150817706092023994D0A4A89041E0839E29DB03FFA6
S315081770708B013A8C050000008B1F008A040000005C
S315081770808B10398C00E017080B1039940200000092
S315081770900B11398C000000008B113984E1010000AF
S315081770A00B12398C000200008B123984D6010000A6
S315081770B00B133984000400008B13397CF400000085
S315081770C027807780346566343065393732323734F6
S315081770D03439666662383333613166646663346693
S315081770E030666261090C39940100FFFF0313398C66
S315081770F083133984031239948312398C03113994FB
S315081771008311398C0310399C83103994830F397C72
S31508177110831F0092031E00A283013A94030C399425
S31508177120031C00AA03853A8C03843A9483B63674EB
S315081771300390399483843A8C8390398C03833A8CD9
S315081771400309399483833A8403823A940308399C4A
S315081771508308399483823A8C83FF1F520307398C25
S3150817716003813A948307398483813A8C03063994C1
S3150817717003803A9C038C398C8306398C83803A941E
S3150817718003053994031600AA035078988305398C92
S315081771900304399C83043994038077908303398CC5
S315081771A00302399C83023994030039A4038D368464
S315081771B00385398C83077888030678988384398CEE
S315081771C083057890CBB63664105D175E000000000D
S315081771D00100020000000000505341004B455900BA
S315081771E000000000010000000011800001140000D3
S315081771F00900800300000000100000006189B57DB2
S31508177200DE60A39E535CF9825F3453238B013A8C55
S3150817721005000000178C397C443131413741453216
S3150817722033453832423530458B9039840100000092
S315081772300D90398C000000000000FFFF8E803A8CF5
S31508177240672F73756D0F00FF15813A8C672F6C6B57
S3150817725067741526004438B82C18FFFF90813A949E
S31508177260672F676363A130D300FFFFFF10823A9C2D
S31508177270672F67646371995700FFFFFF96823A84F1
S31508177280672F696D2F65630000010000000000FF76
S315081772908B1F008A040000001102399C32303235E0
S315081772A02D30352D3239FFFF1700399433383339D6
S315081772B038464646464535323336324400803AE430
S315081772C0200300B8C2263034E8997C0AA1E30000E7
S315081772D00000000000000000000000000000000089
S315081772E00000000000000000000000000000000079
S315081772F00000000000000000000000000000000069
S315081773000000000000000000000000000000000058
S315081773100000000000000000000000000000000048
S315081773200000000000000000000000000000000038
S315081773300000000000000000000000000000000028
S315081773400000000000000000000000000000000018
S315081773500000000000000000000000000000000008
S3150817736000000000000000000000000000000000F8
S3150817737000000000000000000000000000000000E8
S3150817738000000000000000000000000000000000D8
S3150817739000000000000000000000000000000000C8
S315081773A000000000000000000000000000000000B8
S315081773B000000000000000000000000000000000A8
S315081773C00000000000000000000000000000000098
S315081773D00000000000000000000000000000000088
S315081773E00000000000000000000000000000000078
S315081773F00000000000000000000000000000000068
S315081774000000000000000000000000000000000057
S315081774100000000000000000000000000000000047
S315081774200000000000000000000000000000000037
S315081774300000000000000000000000000000000027
S315081774400000000000000000000000000000000017
S315081774500000000000000000000000000000000007
S3150817746000000000000000000000000000000000F7
S3150817747000000000000000000000000000000000E7
S3150817748000000000000000000000000000000000D7
S3150817749000000000000000000000000000000000C7
S315081774A000000000000000000000000000000000B7
S315081774B000000000000000000000000000000000A7
S315081774C00000000000000000000000000000000097
S315081774D00000000000000000000000000000000087
S315081774E00000000000000000000000000000000077
S315081774F00000000000000000000000000000000067
S315081775000000000000000000000000000000000056
S315081775100000000000000000000000000000000046
S315081775200000000000000000000000000000000036
S315081775300000000000000000000000000000000026
S315081775400000000000000000000000000000000016
S315081775500000000000000000000000000000000006
S3150817756000000000000000000000000000000000F6
S3150817757000000000000000000000000000000000E6
S3150817758000000000000000000000000000000000D6
S3150817759000000000000000000000000000000000C6
S315081775A000000000000000000000000000000000B6
S315081775B000000000000000000000000000000000A6
S315081775C00000000000000000000000000000000096
S315081775D00000000000000000000000000000000086
S315081775E0000000008B9039840200000090813A94BD
S315081775F0672F6763638934D300FFFFFF10823A9CAE
S31508177600672F676463599D5700FFFFFF96823A8471
S31508177610672F696D2F65630000020000000000FFE1
S315081776208B9039840300000090813A94672F67631B
S31508177630637138D300FFFFFF10823A9C672F676480
S315081776406341A15700FFFFFF96823A84672F696D3A
S315081776502F65630000030000000000FF9107788874
S3150817766002900100010186000000FFFF225078985A
S31508177670EFAB060000000101000101020002010339
S315081776800003010400040105000501FF8B903984E6
S315081776900400000090813A94672F676363593CD3B7
S315081776A000FFFFFF10823A9C672F67646329A55767
S315081776B000FFFFFF96823A84672F696D2F6563006F
S315081776C000040000000000FF11833A8C672F612F12
S315081776D0332F382F30FEFFFF91833A84672F612F98
S315081776E0342F382F30FEFFFF17843A84672F612F00
S315081776F0302F32622F3005656E2D555393843A8491
S31508177700672F612F312F3130322F376193843A849F
S31508177710672F612F312F3130322F372913853A8446
S31508177720672F612F322F3130322F376313853A84FB
S31508177730672F612F322F3130322F372B00803AE4DB
S31508177740200300B8C2263034E8997C0AA1E33772B9
S31508177750B0FD5AED8F744C5F000000000000000062
S3150817776000000000000000000000000000000000F4
S3150817777000000000000000000000000000000000E4
S3150817778000000000000000000000000000000000D4
S3150817779000000000000000000000000000000000C4
S315081777A000000000000000000000000000000000B4
S315081777B000000000000000000000000000000000A4
S315081777C00000000000000000000000000000000094
S315081777D00000000000000000000000000000000084
S315081777E00000000000000000000000000000000074
S315081777F00000000000000000000000000000000064
S315081778000000000000000000000000000000000053
S315081778100000000000000000000000000000000043
S315081778200000000000000000000000000000000033
S315081778300000000000000000000000000000000023
S315081778400000000000000000000000000000000013
S315081778500000000000000000000000000000000003
S3150817786000000000000000000000000000000000F3
S3150817787000000000000000000000000000000000E3
S3150817788000000000000000000000000000000000D3
S3150817789000000000000000000000000000000000C3
S315081778A000000000000000000000000000000000B3
S315081778B000000000000000000000000000000000A3
S315081778C00000000000000000000000000000000093
S315081778D00000000000000000000000000000000083
S315081778E00000000000000000000000000000000073
S315081778F00000000000000000000000000000000063
S315081779000000000000000000000000000000000052
S315081779100000000000000000000000000000000042
S315081779200000000000000000000000000000000032
S315081779300000000000000000000000000000000022
S315081779400000000000000000000000000000000012
S315081779500000000000000000000000000000000002
S3150817796000000000000000000000000000000000F2
S3150817797000000000000000000000000000000000E2
S3150817798000000000000000000000000000000000D2
S3150817799000000000000000000000000000000000C2
S315081779A000000000000000000000000000000000B2
S315081779B000000000000000000000000000000000A2
S315081779C00000000000000000000000000000000092
S315081779D00000000000000000000000000000000082
S315081779E00000000000000000000000000000000072
S315081779F00000000000000000000000000000000062
S31508177A000000000000000000000000000000000051
S31508177A100000000000000000000000000000000041
S31508177A200000000000000000000000000000000031
S31508177A300000000000000000000000000000000021
S31508177A400000000000000000000000000000000011
S31508177A500000000000000000000000000000000001
S31508177A6000000000870578880706789093FF1F4A55
S31508177A70000000000D00000000000000271C009AF7
S31508177A80FFFFFFFFFFFFFFFFFFFFFFFFFFFFFFFFE1
S31508177A90FFFFFFFFFFFFFFFFFFFFFFFFFFFFFFFFD1
S31508177AA0081E00AA01FFFFFF0D1600A29A0A0D72FB
S31508177AB0B4CEFFFF038C398C039039948390398C95
S31508177AC083B6367403803A9C83803A9403813A9432
S31508177AD083813A8C03823A9483823A8C03833A8C4D
S31508177AE083833A8403843A9483843A8C03853A8C3D
S31508177AF0CBB63664105D175E000000000100020061
S31508177B0000000000505341004B4559000000000083
S31508177B10010000000011800001140000090080030D
S31508177B200000000010000000614A4338849E63F580
S31508177B30228B87203358C3E0178C397C4343323856
S31508177B403431343943424534333444458B90398478
S31508177B50010000000D90398C000000000000FFFF9F
S31508177B608E803A8C672F73756D0F00FF15813A8CC7
S31508177B70672F6C6B67741526004438B82C18FFFFE7
S31508177B8090813A94672F676363B2D9BD00FFFFFFE9
S31508177B9010823A9C672F676463CCF0BE05FFFFFF18
S31508177BA096823A84672F696D2F6563000001000076
S31508177BB0000000FF11833A8C672F612F332F382F58
S31508177BC030FEFFFF91833A84672F612F342F382FA2
S31508177BD030FEFFFF17843A84672F612F302F3262E2
S31508177BE02F3005656E2D555393843A84672F612F69
S31508177BF0312F3130322F376193843A84672F612FAB
S31508177C00312F3130322F372913853A84672F612F51
S31508177C10322F3130322F376313853A84672F612F06
S31508177C20322F3130322F372B00803AE4200300B831
S31508177C30C2263034E8997C0AA1E33772B0FD5AEDAB
S31508177C408F744C5F00000000000000000000000061
S31508177C5000000000000000000000000000000000FF
S31508177C6000000000000000000000000000000000EF
S31508177C7000000000000000000000000000000000DF
S31508177C8000000000000000000000000000000000CF
S31508177C9000000000000000000000000000000000BF
S31508177CA000000000000000000000000000000000AF
S31508177CB0000000000000000000000000000000009F
S31508177CC0000000000000000000000000000000008F
S31508177CD0000000000000000000000000000000007F
S31508177CE0000000000000000000000000000000006F
S31508177CF0000000000000000000000000000000005F
S31508177D00000000000000000000000000000000004E
S31508177D10000000000000000000000000000000003E
S31508177D20000000000000000000000000000000002E
S31508177D30000000000000000000000000000000001E
S31508177D40000000000000000000000000000000000E
S31508177D5000000000000000000000000000000000FE
S31508177D6000000000000000000000000000000000EE
S31508177D7000000000000000000000000000000000DE
S31508177D8000000000000000000000000000000000CE
S31508177D9000000000000000000000000000000000BE
S31508177DA000000000000000000000000000000000AE
S31508177DB0000000000000000000000000000000009E
S31508177DC0000000000000000000000000000000008E
S31508177DD0000000000000000000000000000000007E
S31508177DE0000000000000000000000000000000006E
S31508177DF0000000000000000000000000000000005E
S31508177E00000000000000000000000000000000004D
S31508177E10000000000000000000000000000000003D
S31508177E20000000000000000000000000000000002D
S31508177E30000000000000000000000000000000001D
S31508177E40000000000000000000000000000000000D
S31508177E5000000000000000000000000000000000FD
S31508177E6000000000000000000000000000000000ED
S31508177E7000000000000000000000000000000000DD
S31508177E8000000000000000000000000000000000CD
S31508177E9000000000000000000000000000000000BD
S31508177EA000000000000000000000000000000000AD
S31508177EB0000000000000000000000000000000009D
S31508177EC0000000000000000000000000000000008D
S31508177ED0000000000000000000000000000000007D
S31508177EE0000000000000000000000000000000006D
S31508177EF0000000000000000000000000000000005D
S31508177F00000000000000000000000000000000004C
S31508177F10000000000000000000000000000000003C
S31508177F20000000000000000000000000000000002C
S31508177F30000000000000000000000000000000001C
S31508177F40000000000000000000000000000000000C
S31508177F508B9039840200000090813A94672F6763E3
S31508177F60639ADDBD00FFFFFF10823A9C672F67648F
S31508177F7063B4F4BE05FFFFFF96823A84672F696DCF
S31508177F802F65630000020000000000FF8B903984FC
S31508177F900300000090813A94672F67636382E1BDF7
S31508177FA000FFFFFF10823A9C672F6764639CF8BE31
S31508177FB005FFFFFF96823A84672F696D2F65630061
S31508177FC000030000000000FF8B90398404000000AE
S31508177FD090813A94672F6763636AE5BD00FFFFFFD1
S31508177FE010823A9C672F67646384FCBE05FFFFFF00
S31508177FF080823AEC080000B4672F696D2F65630015
S3150817800001009AB2020000D0FDFFFF0FFFFFFFFF26
S315081780103C90FFFF80823AFC070000A80004000086
S31508178020000000FF8B9039840500000090813A9470
S31508178030672F67636352E9BD00FFFFFF10823A9CFB
S31508178040672F6764636C00BF05FFFFFF96823A8444
S31508178050672F696D2F65630000050000000000FF94
S315081780608B9039840600000090813A94672F6763CE
S31508178070633AEDBD00FFFFFF10823A9C672F6764CE
S31508178080635404BF05FFFFFF96823A84672F696D0D
S315081780902F65630000060000000000FF8B903984E7
S315081780A00700000090813A94672F67636322F1BD32
S315081780B000FFFFFF10823A9C672F6764633C08BF6F
S315081780C005FFFFFF96823A84672F696D2F65630050
S315081780D000070000000000FF8B9039840800000095
S315081780E090813A94672F6763630AF5BD00FFFFFF10
S315081780F010823A9C672F676463240CBF05FFFFFF3E
S3150817810096823A84672F696D2F6563000008000009
S31508178110000000FF8B9039840900000090813A947B
S31508178120672F676363F2F8BD00FFFFFF10823A9C5B
S31508178130672F6764630C10BF05FFFFFF96823A84A3
S31508178140672F696D2F65630000090000000000FF9F
S315081781508B9039840A00000090813A94672F6763D9
S3150817816063DAFCBD00FFFFFF10823A9C672F67642E
S3150817817063F413BF05FFFFFF96823A84672F696D6D
S315081781802F656300000A0000000000FF8B903984F2
S315081781900B00000090813A94672F676363C200BE8D
S315081781A000FFFFFF10823A9C672F676463DC17BFCF
S315081781B005FFFFFF96823A84672F696D2F6563005F
S315081781C0000B0000000000FF8B9039840C0000009C
S315081781D090813A94672F676363AA04BE00FFFFFF6F
S315081781E010823A9C672F676463C41BBF05FFFFFF9E
S315081781F096823A84672F696D2F656300000C000015
S31508178200000000FF8B9039840D00000090813A9486
S31508178210672F6763639208BE00FFFFFF10823A9CB9
S31508178220672F676463AC1FBF05FFFFFF96823A8403
S31508178230672F696D2F656300000D0000000000FFAA
S315081782408B9039840E00000090813A94672F6763E4
S31508178250637A0CBE00FFFFFF10823A9C672F67648C
S31508178260639423BF05FFFFFF96823A84672F696DCC
S315081782702F656300000E0000000000FF8B903984FD
S315081782800F00000090813A94672F6763636210BEE8
S3150817829000FFFFFF10823A9C672F6764637C27BF2E
S315081782A005FFFFFF96823A84672F696D2F6563006E
S315081782B0000F0000000000FF8B90398410000000A3
S315081782C090813A94672F6763634A14BE00FFFFFFCE
S315081782D010823A9C672F676463642BBF05FFFFFFFD
S315081782E096823A84672F696D2F6563000010000020
S315081782F0000000FF8B9039841100000090813A9492
S31508178300672F6763633218BE00FFFFFF10823A9C18
S31508178310672F6764634C2FBF05FFFFFF96823A8462
S31508178320672F696D2F65630000110000000000FFB5
S315081783308B9039841200000090813A94672F6763EF
S31508178340631A1CBE00FFFFFF10823A9C672F6764EB
S31508178350633433BF05FFFFFF96823A84672F696D2B
S315081783602F65630000120000000000FF8B90398408
S315081783701300000090813A94672F6763630220BE43
S3150817838000FFFFFF10823A9C672F6764631C37BF8D
S3150817839005FFFFFF96823A84672F696D2F6563007D
S315081783A000130000000000FF8B90398414000000AA
S315081783B090813A94672F676363EA23BE00FFFFFF2E
S315081783C010823A9C672F676463043BBF05FFFFFF5C
S315081783D096823A84672F696D2F656300001400002B
S315081783E0000000FF8B9039841500000090813A949D
S315081783F0672F676363D227BE00FFFFFF10823A9C79
S31508178400672F676463EC3EBF05FFFFFF96823A84C2
S31508178410672F696D2F65630000150000000000FFC0
S315081784208B9039841600000090813A94672F6763FA
S3150817843063BA2BBE00FFFFFF10823A9C672F67644B
S3150817844063D442BF05FFFFFF96823A84672F696D8B
S315081784502F65630000160000000000FF8B90398413
S315081784601700000090813A94672F676363A22FBE9F
S3150817847000FFFFFF10823A9C672F676463BC46BFED
S3150817848005FFFFFF96823A84672F696D2F6563008C
S3150817849000170000000000FF8B90398418000000B1
S315081784A090813A94672F6763638A33BE00FFFFFF8D
S315081784B010823A9C672F676463A44ABF05FFFFFFBC
S315081784C096823A84672F696D2F6563000018000036
S315081784D0000000FF8B9039841900000090813A94A8
S315081784E0672F6763637237BE00FFFFFF10823A9CD8
S315081784F0672F6764638C4EBF05FFFFFF96823A8422
S31508178500672F696D2F65630000190000000000FFCB
S315081785108B9039841A00000090813A94672F676305
S31508178520635A3BBE00FFFFFF10823A9C672F6764AA
S31508178530637452BF05FFFFFF96823A84672F696DEA
S315081785402F656300001A0000000000FF8B9039841E
S315081785501B00000090813A94672F676363423FBEFA
S3150817856000FFFFFF10823A9C672F6764635C56BF4C
S3150817857005FFFFFF96823A84672F696D2F6563009B
S31508178580001B0000000000FF8B9039841C000000B8
S3150817859090813A94672F6763632A43BE00FFFFFFEC
S315081785A010823A9C672F676463445ABF05FFFFFF1B
S315081785B096823A84672F696D2F656300001C000041
S315081785C0000000FF8B9039841D00000090813A94B3
S315081785D0672F6763631247BE00FFFFFF10823A9C37
S315081785E0672F6764632C5EBF05FFFFFF96823A8481
S315081785F0672F696D2F656300001D0000000000FFD7
S315081786008B9039841E00000090813A94672F676310
S3150817861063FA4ABE00FFFFFF10823A9C672F67640A
S31508178620631462BF05FFFFFF96823A84672F696D49
S315081786302F656300001E0000000000FF8B90398429
S315081786401F00000090813A94672F676363E24EBE56
S3150817865000FFFFFF10823A9C672F676463FC65BFAC
S3150817866005FFFFFF96823A84672F696D2F656300AA
S31508178670001F0000000000FF8B90398420000000BF
S3150817868090813A94672F676363CA52BE00FFFFFF4C
S3150817869010823A9C672F676463E469BF05FFFFFF7B
S315081786A096823A84672F696D2F656300002000004C
S315081786B0000000FF8B9039842100000090813A94BE
S315081786C0672F676363B256BE00FFFFFF10823A9C97
S315081786D0672F676463CC6DBF05FFFFFF96823A84E1
S315081786E0672F696D2F65630000210000000000FFE2
S315081786F08B9039842200000090813A94672F67631C
S31508178700639A5ABE00FFFFFF10823A9C672F676469
S3150817871063B471BF05FFFFFF96823A84672F696DA9
S315081787202F65630000220000000000FF8B90398434
S315081787302300000090813A94672F676363825EBEB1
S3150817874000FFFFFF10823A9C672F6764639C75BF0B
S3150817875005FFFFFF96823A84672F696D2F656300B9
S3150817876000230000000000FF8B90398424000000C6
S3150817877090813A94672F6763636A62BE00FFFFFFAB
S3150817878010823A9C672F6764638479BF05FFFFFFDA
S3150817879096823A84672F696D2F6563000024000057
S315081787A0000000FF8B9039842500000090813A94C9
S315081787B0672F6763635266BE00FFFFFF10823A9CF6
S315081787C0672F6764636C7DBF05FFFFFF96823A8440
S315081787D0672F696D2F65630000250000000000FFED
S315081787E08B9039842600000090813A94672F676327
S315081787F0633A6ABE00FFFFFF10823A9C672F6764C9
S31508178800635481BF05FFFFFF96823A84672F696D08
S315081788102F65630000260000000000FF93843A8442
S31508178820672F612F312F3130322F376993843A8466
S31508178830672F612F312F3130322F372913853A8415
S31508178840672F612F322F3130322F376B13853A84C2
S31508178850672F612F322F3130322F372B8B90398470
S315081788602700000090813A94672F676363226EBECC
S3150817887000FFFFFF10823A9C672F6764633C85BF2A
S3150817888005FFFFFF96823A84672F696D2F65630088
S3150817889000270000000000FF8B903984280000008D
S315081788A090813A94672F6763630A72BE00FFFFFFCA
S315081788B010823A9C672F6764632489BF05FFFFFFF9
S315081788C096823A84672F696D2F6563000028000022
S315081788D0000000FF93843A84672F612F312F3130B8
S315081788E0322F376993843A84672F612F312F3130A6
S315081788F0322F372913853A84672F612F322F313054
S31508178900322F376B13853A84672F612F322F313001
S31508178910322F372B8B9039842900000090813A948F
S31508178920672F676363F275BE00FFFFFF10823A9CD5
S31508178930672F6764630C8DBF05FFFFFF96823A841E
S31508178940672F696D2F65630000290000000000FF77
S315081789508B9039842A00000090813A94672F6763B1
S3150817896063DA79BE00FFFFFF10823A9C672F6764A8
S3150817897063F490BF05FFFFFF96823A84672F696DE8
S315081789802F656300002A0000000000FF8B903984CA
S315081789902B00000090813A94672F676363C27DBEE8
S315081789A000FFFFFF10823A9C672F676463DC94BF4A
S315081789B005FFFFFF96823A84672F696D2F65630057
S315081789C0002B0000000000FF8B9039842C00000054
S315081789D090813A94672F676363AA81BE00FFFFFFEA
S315081789E010823A9C672F676463C498BF05FFFFFF19
S315081789F096823A84672F696D2F656300002C0000ED
S31508178A00000000FF8B9039842D00000090813A945E
S31508178A10672F6763639285BE00FFFFFF10823A9C34
S31508178A20672F676463AC9CBF05FFFFFF96823A847E
S31508178A30672F696D2F656300002D0000000000FF82
S31508178A408B9039842E00000090813A94672F6763BC
S31508178A50637A89BE00FFFFFF10823A9C672F676407
S31508178A606394A0BF05FFFFFF96823A84672F696D47
S31508178A702F656300002E0000000000FF8B903984D5
S31508178A802F00000090813A94672F676363628DBE43
S31508178A9000FFFFFF10823A9C672F6764637CA4BFA9
S31508178AA005FFFFFF96823A84672F696D2F65630066
S31508178AB0002F0000000000FF8B903984300000005B
S31508178AC090813A94672F6763634A91BE00FFFFFF49
S31508178AD010823A9C672F67646364A8BF05FFFFFF78
S31508178AE096823A84672F696D2F65630000300000F8
S31508178AF0000000FF8B9039843100000090813A946A
S31508178B00672F6763633295BE00FFFFFF10823A9C93
S31508178B10672F6764634CACBF05FFFFFF96823A84DD
S31508178B20672F696D2F65630000310000000000FF8D
S31508178B308B9039843200000090813A94672F6763C7
S31508178B40631A99BE00FFFFFF10823A9C672F676466
S31508178B506334B0BF05FFFFFF96823A84672F696DA6
S31508178B602F65630000320000000000FF8B903984E0
S31508178B703300000090813A94672F676363029DBE9E
S31508178B8000FFFFFF10823A9C672F6764631CB4BF08
S31508178B9005FFFFFF96823A84672F696D2F65630075
S31508178BA000330000000000FF8B9039843400000062
S31508178BB090813A94672F676363EAA0BE00FFFFFFA9
S31508178BC010823A9C672F67646304B8BF05FFFFFFD7
S31508178BD096823A84672F696D2F6563000034000003
S31508178BE0000000FF8B9039843500000090813A9475
S31508178BF0672F676363D2A4BE00FFFFFF10823A9CF4
S31508178C00672F676463ECBBBF05FFFFFF96823A843D
S31508178C10672F696D2F65630000350000000000FF98
S31508178C208B9039843600000090813A94672F6763D2
S31508178C3063BAA8BE00FFFFFF10823A9C672F6764C6
S31508178C4063D4BFBF05FFFFFF96823A84672F696D06
S31508178C502F65630000360000000000FF8B903984EB
S31508178C603700000090813A94672F676363A2ACBEFA
S31508178C7000FFFFFF10823A9C672F676463BCC3BF68
S31508178C8005FFFFFF96823A84672F696D2F65630084
S31508178C9000370000000000FF8B9039843800000069
S31508178CA090813A94672F6763638AB0BE00FFFFFF08
S31508178CB010823A9C672F676463A4C7BF05FFFFFF37
S31508178CC096823A84672F696D2F656300003800000E
S31508178CD0000000FF93843A84672F612F312F3130B4
S31508178CE0322F376993843A84672F612F312F3130A2
S31508178CF0322F372913853A84672F612F322F313050
S31508178D00322F376B13853A84672F612F322F3130FD
S31508178D10322F372B8B843984000000000985398C4C
S31508178D20434EFFFF5B943674105D175E0000000014
S31508178D300044000000000000505341004B455900FD
S31508178D400000000001000000127100010014000065
S31508178D50090600060000000020000000AB4A2CD8C0
S31508178D609C9BA64C9E692CF23D0E5C3C75C66B3EC9
S31508178D7033E311306273DD9F6B3BC6CDEF853A64DB
S31508178D80662F312F6B2F3015240100240201360365
S31508178D90152404002505C3E5300610F9F142B8C0B5
S31508178DA05467C5F12F8969BDE4A2A11815240400D3
S31508178DB0240500300610000000000000000000001F
S31508178DC000000000000018152404002405003006CA
S31508178DD0100000000000000000000000000000005E
S31508178DE00018182507FFFF1814863A8C672F676629
S31508178DF06C1524010124020118FFFFFFA3863A7C8C
S31508178E00662F312F67152401002402002403002436
S31508178E1004002405002406012407001823873A7C32
S31508178E20662F312F61632F302F3015240105240241
S31508178E30023603065277E436183404188D873A74BF
S31508178E40672F66732F6EFFFFCBBB365C105D175EF9
S31508178E500000000003000200000000005053410004
S31508178E604B45590000000000010000000110800062
S31508178E70010000000000008000000000100000003C
S31508178E80F6F00BDAF3FE58BFEE9F136BE7DCC2CB8F
S31508178E904BAC3674105D175E000000000400020024
S31508178EA000000000505341004B45590000000000D0
S31508178EB0010000000110800001000000000000807A
S31508178EC000000000100000008FCD7D1C3BA92E5214
S31508178ED0612F74EB71A5EA5A728000A90E08000073
S31508178EE0668799D3000000030000193506000400A9
S31508178EF01FFFC00208536F423A33064EFE0708FD96
S31508178F00ED8F521985D930051000000000000000B2
S31508178F1000000000000000000003104D79486F6D2F
S31508178F2065313037373238343032300102E2980437
S31508178F3010000000000000000000000000000000FC
S31508178F40000C0402A0F7F8FF83B63674CBB636645E
S31508178F50105D175E00000000010002000000000007
S31508178F60505341004B45590000000000010000000E
S31508178F70001180000114000009008003000000009A
S31508178F8010000000F6F00BDAF3FE58BFEE9F136BCE
S31508178F90E7DCC2CB110002B94682F0281BD47891B8
S31508178FA00400FFFF2D8001A102040AB81100000072
S31508178FB0E9030000EA030000062919302E444B3648
S31508178FC095867F902F51B0C95B4027DA0500FFFFBA
S31508178FD0278003993277CF1949059A98498D7C8F37
S31508178FE029A74FBF257089E5A291333EF56259DF48
S31508178FF055D6243300803AE4200300B8C226303405
S31508179000E8997C0AA1E33772B0FD5AED8F744C5F65
S3150817901029A2184D188E02108A8700000000000032
S31508179020000000000000000000000000000000001B
S31508179030000000000000000000000000000000000B
S3150817904000000000000000000000000000000000FB
S3150817905000000000000000000000000000000000EB
S3150817906000000000000000000000000000000000DB
S3150817907000000000000000000000000000000000CB
S3150817908000000000000000000000000000000000BB
S3150817909000000000000000000000000000000000AB
S315081790A0000000000000000000000000000000009B
S315081790B0000000000000000000000000000000008B
S315081790C0000000000000000000000000000000007B
S315081790D0000000000000000000000000000000006B
S315081790E0000000000000000000000000000000005B
S315081790F0000000000000000000000000000000004B
S31508179100000000000000000000000000000000003A
S31508179110000000000000000000000000000000002A
S31508179120000000000000000000000000000000001A
S31508179130000000000000000000000000000000000A
S3150817914000000000000000000000000000000000FA
S3150817915000000000000000000000000000000000EA
S3150817916000000000000000000000000000000000DA
S3150817917000000000000000000000000000000000CA
S3150817918000000000000000000000000000000000BA
S3150817919000000000000000000000000000000000AA
S315081791A0000000000000000000000000000000009A
S315081791B0000000000000000000000000000000008A
S315081791C0000000000000000000000000000000007A
S315081791D0000000000000000000000000000000006A
S315081791E0000000000000000000000000000000005A
S315081791F0000000000000000000000000000000004A
S315081792000000000000000000000000000000000039
S315081792100000000000000000000000000000000029
S315081792200000000000000000000000000000000019
S315081792300000000000000000000000000000000009
S3150817924000000000000000000000000000000000F9
S3150817925000000000000000000000000000000000E9
S3150817926000000000000000000000000000000000D9
S3150817927000000000000000000000000000000000C9
S3150817928000000000000000000000000000000000B9
S3150817929000000000000000000000000000000000A9
S315081792A00000000000000000000000000000000099
S315081792B00000000000000000000000000000000089
S315081792C00000000000000000000000000000000079
S315081792D00000000000000000000000000000000069
S315081792E00000000000000000000000000000000059
S315081792F00000000000000000000000000000000049
S315081793000000000000000000000000000000000038
S315081793100000000000000000000000005B95366C96
S31508179320105D175E0000000007000200000000002D
S31508179330505341004B45590000000000010000003A
S3150817934012710001003C0000FF060006000000002D
S3150817935020000000A3790C7CCCE280FE683C1FD362
S315081793605BA56A04F196872C2F7D77D4CA118724B3
S31508179370511336C564883A8C662F312F732F3030C0
S31508179380303030303030333645343737353215309C
S315081793900310A8D87863EDA9E45AA9A3D3C36732EB
S315081793A0763F300420D58DC4E9F771D88631365300
S315081793B0CE0AC7D76D80803E0D5596009B687E638B
S315081793C0CC251CD3F930050C0100E91C0000000058
S315081793D00000000018FFFFFFAE883A7C672F732F2F
S315081793E0714E6834592B3270354671706F3950443F
S315081793F05A7A4A3250773D3D15240101260252778B
S31508179400E43618FF19893A84672F73726916152473
S31508179410010126025277E4361818FFFF94893A8411
S31508179420672F66732F6315240001290118FFFFFF9D
S31508179430158A3A84662F312F6D15250049132C0185
S315081794400018FFFF0D90398C010000000000FFFF80
S31508179450808A3AE4020100B0662F312F6E15300163
S31508179460010124020137032614C9728A0126150732
S31508179470E43D11182604DB3F3A3124050037062642
S315081794801507E43D112611F13F9A6B182407012495
S315081794900801300941045D524B45EF9BFA8B5ADA9E
S315081794A0ED1C1F07102EE5B9F94F2C229774FC26C9
S315081794B0AE4B57F34401BD9F19A0FF14A54A0914CB
S315081794C0868A3F799C23C794322D65E1664059F8F9
S315081794D060087318A1B3370A350128011824020141
S315081794E0360304020401183004149C6D86B8FEB7B7
S315081794F0AC135F2ECD62FF68423C068D70AD300502
S3150817950014AE5FF7384B4CA193EEFAFBAE6DA25D1E
S31508179510A42472D48718300B404FA683E1F7DFD5FA
S31508179520ABBED6E6455A36780085629A372E8F84AB
S31508179530DD9A69246A620F2352B14F584A9D090D5D
S3150817954081F6FCBC5AAEC0927911FFBC171BFD30C9
S31508179550831EAAEEF3824DD49618FFFF008B3AE4C2
S31508179560FB00009C662F312F72153001010024026B
S315081795700137032614C9728A01261507E43D1118FF
S315081795802604DB3F3A3124050037062614C9728AA2
S3150817959001261507E43D1118240701240801300987
S315081795A04104F362319290BC23249332A5FB1D869E
S315081795B04D29C5835C9506341698F37568A9D7227D
S315081795C03CAF927801FB1060913509C617FD23F752
S315081795D08FD50EA073AE5D050169593C316E6EAA1B
S315081795E0FF49370A3501290118240260300414AED9
S315081795F05FF7384B4CA193EEFAFBAE6DA25DA42428
S3150817960072D487300514AE5FF7384B4CA193EEFA30
S31508179610FBAE6DA25DA42472D48718300B400022C6
S31508179620E12318610D90F3803B95008174FF4DFD7A
S31508179630A9A6BFADFC31C01F6E83C8DD48D997925E
S315081796400010C27E54D089EE92DF44D66E76B0F9F2
S315081796509C7A49E3CDBDDE72FD04409CEBBB18FF2F
S3150817966015813A8C672F6C6B6774152600DB3F3AA2
S315081796703118FFFF978B3A6C672F6669647815243C
S31508179680000236010401181883893A8483873A7CBD
S315081796902C873A7C662F312F61632F302F3015248C
S315081796A001052402023603067038E9A5070100E901
S315081796B01CFDFFFFFF18340418FFFFFFA7873A6C36
S315081796C0662F312F61632F302F311524010324029A
S315081796D0023603070100DD04FDFFFFFF18340418DF
S315081796E0D6893A74672F73752F301526015277E482
S315081796F03624020126031226D739240400250558CD
S3150817970002280637073509250BFFFF260CFFFFFF2B
S31508179710FF260DFFFFFFFF18183708350A24100113
S31508179720250BFFFF260CFFFFFFFF260EFFFFFFFF88
S31508179730181818FF00803AE4200300B8C2263034F8
S31508179740E8997C0AA1E33772B0FD5AED8F744C5F1E
S3150817975029A2184D188E0210507779FF0BD9D7F012
S31508179760ECCD3CCB9DC778DA66BC0000000000003C
S3150817977000000000000000000000000000000000C4
S3150817978000000000000000000000000000000000B4
S3150817979000000000000000000000000000000000A4
S315081797A00000000000000000000000000000000094
S315081797B00000000000000000000000000000000084
S315081797C00000000000000000000000000000000074
S315081797D00000000000000000000000000000000064
S315081797E00000000000000000000000000000000054
S315081797F00000000000000000000000000000000044
S315081798000000000000000000000000000000000033
S315081798100000000000000000000000000000000023
S315081798200000000000000000000000000000000013
S315081798300000000000000000000000000000000003
S3150817984000000000000000000000000000000000F3
S3150817985000000000000000000000000000000000E3
S3150817986000000000000000000000000000000000D3
S3150817987000000000000000000000000000000000C3
S3150817988000000000000000000000000000000000B3
S3150817989000000000000000000000000000000000A3
S315081798A00000000000000000000000000000000093
S315081798B00000000000000000000000000000000083
S315081798C00000000000000000000000000000000073
S315081798D00000000000000000000000000000000063
S315081798E00000000000000000000000000000000053
S315081798F00000000000000000000000000000000043
S315081799000000000000000000000000000000000032
S315081799100000000000000000000000000000000022
S315081799200000000000000000000000000000000012
S315081799300000000000000000000000000000000002
S3150817994000000000000000000000000000000000F2
S3150817995000000000000000000000000000000000E2
S3150817996000000000000000000000000000000000D2
S3150817997000000000000000000000000000000000C2
S3150817998000000000000000000000000000000000B2
S3150817999000000000000000000000000000000000A2
S315081799A00000000000000000000000000000000092
S315081799B00000000000000000000000000000000082
S315081799C00000000000000000000000000000000072
S315081799D00000000000000000000000000000000062
S315081799E00000000000000000000000000000000052
S315081799F00000000000000000000000000000000042
S31508179A000000000000000000000000000000000031
S31508179A100000000000000000000000000000000021
S31508179A200000000000000000000000000000000011
S31508179A300000000000000000000000000000000001
S31508179A4000000000000000000000000000000000F1
S31508179A50000000000000000000000000DBA03674BC
S31508179A60105D175E000000000144000000000000AA
S31508179A70505341004B4559000000000001000000F3
S31508179A801271000100140000090600060000000004
S31508179A902000000029D8DB1A3D3D2C36621669C707
S31508179AA0A13036871E7C1157A4DE4606E22D1F4FB6
S31508179AB03E37D6CB6F8C3A6C662F322F6B2F3015F5
S31508179AC024010024020136031524040025050FC5B1
S31508179AD0300610430F841FFFE6DBFA6478F34374E6
S31508179AE0B5C2F8181524040024050030061000001E
S31508179AF00000000000000000000000000000181514
S31508179B002404002405003006100000000000000099
S31508179B1000000000000000000018182507FFFF18AE
S31508179B2014863A8C672F67666C152401022402027D
S31508179B3018FFFFFFA38C3A7C662F322F671524016F
S31508179B400024020024030024040024050024060127
S31508179B5024070118278D3A74662F322F61632F3021
S31508179B602F30152401052402023603074AA8921234
S31508179B70E50C185818340418E48D3A74662F322FE2
S31508179B80732F353831383043453531323932413804
S31508179B903441153003106A96C6953AB88FFC98B4AF
S31508179BA04CA4E32930013004205DD322A0E5FF92A7
S31508179BB059AB96F6200AC80E21BE64450BA192F139
S31508179BC0264A9397C45FBE718730050C00000000BC
S31508179BD0000000000000000018FFFFFF328E3A7CD5
S31508179BE0672F732F617062476C5471346A2F7959CE
S31508179BF07445796B34796B7741513D3D15240102CC
S31508179C0027024AA89212E50C185818FF28893A8C81
S31508179C10672F737269161524010126025277E436DF
S31508179C20181524010227024AA89212E50C18581883
S31508179C3018FFFFFF948E3A7C672F66732F631524D8
S31508179C400002290118FFFFFF158F3A74662F322F66
S31508179C506D15250084132C010018FFFF0D90398CFC
S31508179C60010200000000FFFF808F3AE4060100A4F6
S31508179C70662F322F6E15300101012402013703278B
S31508179C801457FD1235D53838EB2615D5E939AA18DC
S31508179C902604F23F3A3124050037062615D5E93941
S31508179CA0AA261141290EC2182407012408013009CA
S31508179CB041045D74B42CCC408ADC0BC3DBAA13C8E9
S31508179CC0F5CC9BE8DC1DD6AD591166A20CD6E00378
S31508179CD025783F8C0C39A58100C6A6563E6F041CFD
S31508179CE06976D02D41E70DBAFAB6722EFEA3D122A0
S31508179CF05240370A3501280118240201360304028F
S31508179D00040118300414B340B43C88BEF7D17D0F4C
S31508179D10873764917D0EEE48937030051410B6EEAA
S31508179D206A4CE7F525399EEA8363C024ECD741BE0A
S31508179D304D18300B40E8A41A2390A6EBF072D7ED0E
S31508179D407B177FFD9E8D46DD6C9A83A60EBABF7666
S31508179D50369C5ACD86F8DB4037A79EBDE677A4B85A
S31508179D60590FB8287E43A7DAE20A45A574AE7A4191
S31508179D70D8A67BAF2218FFFF00903AE4030100B478
S31508179D80662F322F72153001010024020137032777
S31508179D901457FD1235D53838EB2615D5E939AA18CB
S31508179DA026042B82CB2C2405003706271457FD12B9
S31508179DB035D53838EB2615D5E939AA1824070124D5
S31508179DC008013009410423548ACBF0E605A8FDA1FA
S31508179DD0F0D100CE48DD6ADDCE2D769FC5E9760728
S31508179DE053742439CDDA9BA64BD8ED216102133E5D
S31508179DF0CA4733BECA3B882BFA84D758872BC75509
S31508179E000A14AEB990B6370A350129011824026023
S31508179E1030041410B6EE6A4CE7F525399EEA8363C3
S31508179E20C024ECD741BE4D30051410B6EE6A4CE780
S31508179E30F525399EEA8363C024ECD741BE4D183001
S31508179E400B4055057703A6233B02B9C1602EFC4D77
S31508179E506B8B117ADC80A842F2AC49344FB51D6E6C
S31508179E60804727E8AD1E66E19A85D7B10CE2EBC69F
S31508179E70A6064D12174EB4C3BDC5CD4618B5691BF0
S31508179E80867D18FF15813A8C672F6C6B67741526B4
S31508179E9000F23F3A3118FFFF998B3A74672F6669B4
S31508179EA06478152400033601040104021818FFFF05
S31508179EB0838E3A7C00803AEC440100B4C2263034CB
S31508179EC0E8997C0AA1E33772B0FD5AED8F744C5F97
S31508179ED029A2184D188E0210507779FF0BD9D7F08B
S31508179EE0ECCD3CCB9DC778DA66BC30924DB8135982
S31508179EF0D670191A00009BCEC36EBF3E000000002D
S31508179F00000000000000000000000000000000002C
S31508179F10000000000000000000000000000000001C
S31508179F20000000000000000000000000000000000C
S31508179F3000000000000000000000000000000000FC
S31508179F4000000000000000000000000000000000EC
S31508179F5000000000000000000000000000000000DC
S31508179F6000000000000000000000000000000000CC
S31508179F7000000000000000000000000000000000BC
S31508179F8000000000000000000000000000000000AC
S31508179F90000000000000000000000000000000009C
S31508179FA0000000000000000000000000000000008C
S31508179FB0000000000000000000000000000000007C
S31508179FC0000000000000000000000000000000006C
S31508179FD0000000000000000000000000000000005C
S31508179FE0000000000000000000000000000000004C
S31508179FF0000000000000000000000000000000003C
S3150817A00001009AB2020000D0FDFFFF0FFFFFFFFF06
S3150817A0103C90FFFF00803AFCDC0100A4000000001A
S3150817A020000000000000000000000000000000000B
S3150817A03000000000000000000000000000000000FB
S3150817A04000000000000000000000000000000000EB
S3150817A05000000000000000000000000000000000DB
S3150817A06000000000000000000000000000000000CB
S3150817A07000000000000000000000000000000000BB
S3150817A08000000000000000000000000000000000AB
S3150817A090000000000000000000000000000000009B
S3150817A0A0000000000000000000000000000000008B
S3150817A0B0000000000000000000000000000000007B
S3150817A0C0000000000000000000000000000000006B
S3150817A0D0000000000000000000000000000000005B
S3150817A0E0000000000000000000000000000000004B
S3150817A0F0000000000000000000000000000000003B
S3150817A100000000000000000000000000000000002A
S3150817A110000000000000000000000000000000001A
S3150817A120000000000000000000000000000000000A
S3150817A13000000000000000000000000000000000FA
S3150817A14000000000000000000000000000000000EA
S3150817A15000000000000000000000000000000000DA
S3150817A16000000000000000000000000000000000CA
S3150817A17000000000000000000000000000000000BA
S3150817A18000000000000000000000000000000000AA
S3150817A190000000000000000000000000000000009A
S3150817A1A0000000000000000000000000000000008A
S3150817A1B0000000000000000000000000000000007A
S3150817A1C0000000000000000000000000000000006A
S3150817A1D0000000000000000000000000000000005A
S3150817A1E0000000000000000000000000000000004A
S3150817A1F000000000000000001E8A3A7C662F312FE7
S3150817A2006D15250049132C0109E68891E79A84E507
S3150817A210AEB618FFE48E3A74662F312F732F303087
S3150817A22030303030303041354539333837301530DE
S3150817A23003107557B7A6056BE9F2E82EB7A0D089AC
S3150817A2404F263004201F98C838CC74C094C0B0DB8A
S3150817A2505FA49A9F605FC7CEA37FD98AFA8B9C4261
S3150817A260A25DBE594230050C000000000000000030
S3150817A2700000000018FFFFFFAE903A7C672F732F78
S3150817A280645665337067567236664C6F4C726567D7
S3150817A29030496C504A673D3D15240101260270382E
S3150817A2A0E9A518FF33893A7C672F7372691615243F
S3150817A2B0010126025277E436181524010227024AA5
S3150817A2C0A89212E50C185818152401012602703899
S3150817A2D0E9A5181856913A7C672F73752F311526E5
S3150817A2E0017038E9A52402012603C3CBF00E24040E
S3150817A2F00025055802280637073509250BFFFF26B7
S3150817A3000CFFFFFFFF260DFFFFFFFF18183708354D
S3150817A3100A241001250BFFFF260CFFFFFFFF260E49
S3150817A320FFFFFFFF181818FF00803AE4200300B84C
S3150817A330C2263034E8997C0AA1E33772B0FD5AED84
S3150817A3408F744C5F29A2184D188E0210507779FF13
S3150817A3500BD9D7F0ECCD3CCB9DC778DA66BC3092D3
S3150817A3604DB81359D670191A9A1F9BCEC36EBF3E8E
S3150817A37065011B3700000000000000000000000000
S3150817A38000000000000000000000000000000000A8
S3150817A3900000000000000000000000000000000098
S3150817A3A00000000000000000000000000000000088
S3150817A3B00000000000000000000000000000000078
S3150817A3C00000000000000000000000000000000068
S3150817A3D00000000000000000000000000000000058
S3150817A3E00000000000000000000000000000000048
S3150817A3F00000000000000000000000000000000038
S3150817A4000000000000000000000000000000000027
S3150817A4100000000000000000000000000000000017
S3150817A4200000000000000000000000000000000007
S3150817A43000000000000000000000000000000000F7
S3150817A44000000000000000000000000000000000E7
S3150817A45000000000000000000000000000000000D7
S3150817A46000000000000000000000000000000000C7
S3150817A47000000000000000000000000000000000B7
S3150817A48000000000000000000000000000000000A7
S3150817A4900000000000000000000000000000000097
S3150817A4A00000000000000000000000000000000087
S3150817A4B00000000000000000000000000000000077
S3150817A4C00000000000000000000000000000000067
S3150817A4D00000000000000000000000000000000057
S3150817A4E00000000000000000000000000000000047
S3150817A4F00000000000000000000000000000000037
S3150817A5000000000000000000000000000000000026
S3150817A5100000000000000000000000000000000016
S3150817A5200000000000000000000000000000000006
S3150817A53000000000000000000000000000000000F6
S3150817A54000000000000000000000000000000000E6
S3150817A55000000000000000000000000000000000D6
S3150817A56000000000000000000000000000000000C6
S3150817A57000000000000000000000000000000000B6
S3150817A58000000000000000000000000000000000A6
S3150817A5900000000000000000000000000000000096
S3150817A5A00000000000000000000000000000000086
S3150817A5B00000000000000000000000000000000076
S3150817A5C00000000000000000000000000000000066
S3150817A5D00000000000000000000000000000000056
S3150817A5E00000000000000000000000000000000046
S3150817A5F00000000000000000000000000000000036
S3150817A6000000000000000000000000000000000025
S3150817A6100000000000000000000000000000000015
S3150817A6200000000000000000000000000000000005
S3150817A63000000000000000000000000000000000F5
S3150817A64000000000000000000000000000000000E5
S3150817A6509D913A74672F6F2F6470161526017038F7
S3150817A660E9A524020024FE011818FFFF00803AE422
S3150817A670200300B8C2263034E8997C0AA1E337725A
S3150817A680B0FD5AED8F744C5F29A2184D188E02101B
S3150817A690507779FF0BD9D7F0ECCD3CCB9DC778DA35
S3150817A6A066BC30924DB81359D670191A9A1F9BCE95
S3150817A6B0C36EBF3E65011B37561F0000000000001A
S3150817A6C00000000000000000000000000000000065
S3150817A6D00000000000000000000000000000000055
S3150817A6E00000000000000000000000000000000045
S3150817A6F00000000000000000000000000000000035
S3150817A7000000000000000000000000000000000024
S3150817A7100000000000000000000000000000000014
S3150817A7200000000000000000000000000000000004
S3150817A73000000000000000000000000000000000F4
S3150817A74000000000000000000000000000000000E4
S3150817A75000000000000000000000000000000000D4
S3150817A76000000000000000000000000000000000C4
S3150817A77000000000000000000000000000000000B4
S3150817A78000000000000000000000000000000000A4
S3150817A7900000000000000000000000000000000094
S3150817A7A00000000000000000000000000000000084
S3150817A7B00000000000000000000000000000000074
S3150817A7C00000000000000000000000000000000064
S3150817A7D00000000000000000000000000000000054
S3150817A7E00000000000000000000000000000000044
S3150817A7F00000000000000000000000000000000034
S3150817A8000000000000000000000000000000000023
S3150817A8100000000000000000000000000000000013
S3150817A8200000000000000000000000000000000003
S3150817A83000000000000000000000000000000000F3
S3150817A84000000000000000000000000000000000E3
S3150817A85000000000000000000000000000000000D3
S3150817A86000000000000000000000000000000000C3
S3150817A87000000000000000000000000000000000B3
S3150817A88000000000000000000000000000000000A3
S3150817A8900000000000000000000000000000000093
S3150817A8A00000000000000000000000000000000083
S3150817A8B00000000000000000000000000000000073
S3150817A8C00000000000000000000000000000000063
S3150817A8D00000000000000000000000000000000053
S3150817A8E00000000000000000000000000000000043
S3150817A8F00000000000000000000000000000000033
S3150817A9000000000000000000000000000000000022
S3150817A9100000000000000000000000000000000012
S3150817A9200000000000000000000000000000000002
S3150817A93000000000000000000000000000000000F2
S3150817A94000000000000000000000000000000000E2
S3150817A95000000000000000000000000000000000D2
S3150817A96000000000000000000000000000000000C2
S3150817A97000000000000000000000000000000000B2
S3150817A98000000000000000000000000000000000A2
S3150817A99000000000FFFFFFFFFFFFFFFFFFFFFFFF9E
S3150817A9A0FFFFFFFFFFFFFFFFFFFFFFFFFFFFFFFF92
S3150817A9B0FFFFFFFFFFFFFFFFFFFFFFFFFFFFFFFF82
S3150817A9C0FFFFFFFFFFFFFFFFFFFFFFFFFFFFFFFF72
S3150817A9D0FFFFFFFFFFFFFFFFFFFFFFFFFFFFFFFF62
S3150817A9E0FFFFFFFFFFFFFFFFFFFFFFFFFFFFFFFF52
S3150817A9F0FFFFFFFFFFFFFFFFFFFFFFFFFFFFFFFF42
S3150817AA00FFFFFFFFFFFFFFFFFFFFFFFFFFFFFFFF31
S3150817AA10FFFFFFFFFFFFFFFFFFFFFFFFFFFFFFFF21
S3150817AA20FFFFFFFFFFFFFFFFFFFFFFFFFFFFFFFF11
S3150817AA30FFFFFFFFFFFFFFFFFFFFFFFFFFFFFFFF01
S3150817AA40FFFFFFFFFFFFFFFFFFFFFFFFFFFFFFFFF1
S3150817AA50FFFFFFFFFFFFFFFFFFFFFFFFFFFFFFFFE1
S3150817AA60FFFFFFFFFFFFFFFFFFFFFFFFFFFFFFFFD1
S3150817AA70FFFFFFFFFFFFFFFFFFFFFFFFFFFFFFFFC1
S3150817AA80FFFFFFFFFFFFFFFFFFFFFFFFFFFFFFFFB1
S3150817AA90FFFFFFFFFFFFFFFFFFFFFFFFFFFFFFFFA1
S3150817AAA0FFFFFFFFFFFFFFFFFFFFFFFFFFFFFFFF91
S3150817AAB0FFFFFFFFFFFFFFFFFFFFFFFFFFFFFFFF81
S3150817AAC0FFFFFFFFFFFFFFFFFFFFFFFFFFFFFFFF71
S3150817AAD0FFFFFFFFFFFFFFFFFFFFFFFFFFFFFFFF61
S3150817AAE0FFFFFFFFFFFFFFFFFFFFFFFFFFFFFFFF51
S3150817AAF0FFFFFFFFFFFFFFFFFFFFFFFFFFFFFFFF41
S3150817AB00FFFFFFFFFFFFFFFFFFFFFFFFFFFFFFFF30
S3150817AB10FFFFFFFFFFFFFFFFFFFFFFFFFFFFFFFF20
S3150817AB20FFFFFFFFFFFFFFFFFFFFFFFFFFFFFFFF10
S3150817AB30FFFFFFFFFFFFFFFFFFFFFFFFFFFFFFFF00
S3150817AB40FFFFFFFFFFFFFFFFFFFFFFFFFFFFFFFFF0
S3150817AB50FFFFFFFFFFFFFFFFFFFFFFFFFFFFFFFFE0
S3150817AB60FFFFFFFFFFFFFFFFFFFFFFFFFFFFFFFFD0
S3150817AB70FFFFFFFFFFFFFFFFFFFFFFFFFFFFFFFFC0
S3150817AB80FFFFFFFFFFFFFFFFFFFFFFFFFFFFFFFFB0
S3150817AB90FFFFFFFFFFFFFFFFFFFFFFFFFFFFFFFFA0
S3150817ABA0FFFFFFFFFFFFFFFFFFFFFFFFFFFFFFFF90
S3150817ABB0FFFFFFFFFFFFFFFFFFFFFFFFFFFFFFFF80
S3150817ABC0FFFFFFFFFFFFFFFFFFFFFFFFFFFFFFFF70
S3150817ABD0FFFFFFFFFFFFFFFFFFFFFFFFFFFFFFFF60
S3150817ABE0FFFFFFFFFFFFFFFFFFFFFFFFFFFFFFFF50
S3150817ABF0FFFFFFFFFFFFFFFFFFFFFFFFFFFFFFFF40
S3150817AC00FFFFFFFFFFFFFFFFFFFFFFFFFFFFFFFF2F
S3150817AC10FFFFFFFFFFFFFFFFFFFFFFFFFFFFFFFF1F
S3150817AC20FFFFFFFFFFFFFFFFFFFFFFFFFFFFFFFF0F
S3150817AC30FFFFFFFFFFFFFFFFFFFFFFFFFFFFFFFFFF
S3150817AC40FFFFFFFFFFFFFFFFFFFFFFFFFFFFFFFFEF
S3150817AC50FFFFFFFFFFFFFFFFFFFFFFFFFFFFFFFFDF
S3150817AC60FFFFFFFFFFFFFFFFFFFFFFFFFFFFFFFFCF
S3150817AC70FFFFFFFFFFFFFFFFFFFFFFFFFFFFFFFFBF
S3150817AC80FFFFFFFFFFFFFFFFFFFFFFFFFFFFFFFFAF
S3150817AC90FFFFFFFFFFFFFFFFFFFFFFFFFFFFFFFF9F
S3150817ACA0FFFFFFFFFFFFFFFFFFFFFFFFFFFFFFFF8F
S3150817ACB0FFFFFFFFFFFFFFFFFFFFFFFFFFFFFFFF7F
S3150817ACC0FFFFFFFFFFFFFFFFFFFFFFFFFFFFFFFF6F
S3150817ACD0FFFFFFFFFFFFFFFFFFFFFFFFFFFFFFFF5F
S3150817ACE0FFFFFFFFFFFFFFFFFFFFFFFFFFFFFFFF4F
S3150817ACF0FFFFFFFFFFFFFFFFFFFFFFFFFFFFFFFF3F
S3150817AD00FFFFFFFFFFFFFFFFFFFFFFFFFFFFFFFF2E
S3150817AD10FFFFFFFFFFFFFFFFFFFFFFFFFFFFFFFF1E
S3150817AD20FFFFFFFFFFFFFFFFFFFFFFFFFFFFFFFF0E
S3150817AD30FFFFFFFFFFFFFFFFFFFFFFFFFFFFFFFFFE
S3150817AD40FFFFFFFFFFFFFFFFFFFFFFFFFFFFFFFFEE
S3150817AD50FFFFFFFFFFFFFFFFFFFFFFFFFFFFFFFFDE
S3150817AD60FFFFFFFFFFFFFFFFFFFFFFFFFFFFFFFFCE
S3150817AD70FFFFFFFFFFFFFFFFFFFFFFFFFFFFFFFFBE
S3150817AD80FFFFFFFFFFFFFFFFFFFFFFFFFFFFFFFFAE
S3150817AD90FFFFFFFFFFFFFFFFFFFFFFFFFFFFFFFF9E
S3150817ADA0FFFFFFFFFFFFFFFFFFFFFFFFFFFFFFFF8E
S3150817ADB0FFFFFFFFFFFFFFFFFFFFFFFFFFFFFFFF7E
S3150817ADC0FFFFFFFFFFFFFFFFFFFFFFFFFFFFFFFF6E
S3150817ADD0FFFFFFFFFFFFFFFFFFFFFFFFFFFFFFFF5E
S3150817ADE0FFFFFFFFFFFFFFFFFFFFFFFFFFFFFFFF4E
S3150817ADF0FFFFFFFFFFFFFFFFFFFFFFFFFFFFFFFF3E
S3150817AE00FFFFFFFFFFFFFFFFFFFFFFFFFFFFFFFF2D
S3150817AE10FFFFFFFFFFFFFFFFFFFFFFFFFFFFFFFF1D
S3150817AE20FFFFFFFFFFFFFFFFFFFFFFFFFFFFFFFF0D
S3150817AE30FFFFFFFFFFFFFFFFFFFFFFFFFFFFFFFFFD
S3150817AE40FFFFFFFFFFFFFFFFFFFFFFFFFFFFFFFFED
S3150817AE50FFFFFFFFFFFFFFFFFFFFFFFFFFFFFFFFDD
S3150817AE60FFFFFFFFFFFFFFFFFFFFFFFFFFFFFFFFCD
S3150817AE70FFFFFFFFFFFFFFFFFFFFFFFFFFFFFFFFBD
S3150817AE80FFFFFFFFFFFFFFFFFFFFFFFFFFFFFFFFAD
S3150817AE90FFFFFFFFFFFFFFFFFFFFFFFFFFFFFFFF9D
S3150817AEA0FFFFFFFFFFFFFFFFFFFFFFFFFFFFFFFF8D
S3150817AEB0FFFFFFFFFFFFFFFFFFFFFFFFFFFFFFFF7D
S3150817AEC0FFFFFFFFFFFFFFFFFFFFFFFFFFFFFFFF6D
S3150817AED0FFFFFFFFFFFFFFFFFFFFFFFFFFFFFFFF5D
S3150817AEE0FFFFFFFFFFFFFFFFFFFFFFFFFFFFFFFF4D
S3150817AEF0FFFFFFFFFFFFFFFFFFFFFFFFFFFFFFFF3D
S3150817AF00FFFFFFFFFFFFFFFFFFFFFFFFFFFFFFFF2C
S3150817AF10FFFFFFFFFFFFFFFFFFFFFFFFFFFFFFFF1C
S3150817AF20FFFFFFFFFFFFFFFFFFFFFFFFFFFFFFFF0C
S3150817AF30FFFFFFFFFFFFFFFFFFFFFFFFFFFFFFFFFC
S3150817AF40FFFFFFFFFFFFFFFFFFFFFFFFFFFFFFFFEC
S3150817AF50FFFFFFFFFFFFFFFFFFFFFFFFFFFFFFFFDC
S3150817AF60FFFFFFFFFFFFFFFFFFFFFFFFFFFFFFFFCC
S3150817AF70FFFFFFFFFFFFFFFFFFFFFFFFFFFFFFFFBC
S3150817AF80FFFFFFFFFFFFFFFFFFFFFFFFFFFFFFFFAC
S3150817AF90FFFFFFFFFFFFFFFFFFFFFFFFFFFFFFFF9C
S3150817AFA0FFFFFFFFFFFFFFFFFFFFFFFFFFFFFFFF8C
S3150817AFB0FFFFFFFFFFFFFFFFFFFFFFFFFFFFFFFF7C
S3150817AFC0FFFFFFFFFFFFFFFFFFFFFFFFFFFFFFFF6C
S3150817AFD0FFFFFFFFFFFFFFFFFFFFFFFFFFFFFFFF5C
S3150817AFE0FFFFFFFFFFFFFFFFFFFFFFFFFFFFFFFF4C
S3150817AFF0FFFFFFFFFFFFFFFFFFFFFFFFFFFFFFFF3C
S3150817B000FFFFFFFFFFFFFFFFFFFFFFFFFFFFFFFF2B
S3150817B010FFFFFFFFFFFFFFFFFFFFFFFFFFFFFFFF1B
S3150817B020FFFFFFFFFFFFFFFFFFFFFFFFFFFFFFFF0B
S3150817B030FFFFFFFFFFFFFFFFFFFFFFFFFFFFFFFFFB
S3150817B040FFFFFFFFFFFFFFFFFFFFFFFFFFFFFFFFEB
S3150817B050FFFFFFFFFFFFFFFFFFFFFFFFFFFFFFFFDB
S3150817B060FFFFFFFFFFFFFFFFFFFFFFFFFFFFFFFFCB
S3150817B070FFFFFFFFFFFFFFFFFFFFFFFFFFFFFFFFBB
S3150817B080FFFFFFFFFFFFFFFFFFFFFFFFFFFFFFFFAB
S3150817B090FFFFFFFFFFFFFFFFFFFFFFFFFFFFFFFF9B
S3150817B0A0FFFFFFFFFFFFFFFFFFFFFFFFFFFFFFFF8B
S3150817B0B0FFFFFFFFFFFFFFFFFFFFFFFFFFFFFFFF7B
S3150817B0C0FFFFFFFFFFFFFFFFFFFFFFFFFFFFFFFF6B
S3150817B0D0FFFFFFFFFFFFFFFFFFFFFFFFFFFFFFFF5B
S3150817B0E0FFFFFFFFFFFFFFFFFFFFFFFFFFFFFFFF4B
S3150817B0F0FFFFFFFFFFFFFFFFFFFFFFFFFFFFFFFF3B
S3150817B100FFFFFFFFFFFFFFFFFFFFFFFFFFFFFFFF2A
S3150817B110FFFFFFFFFFFFFFFFFFFFFFFFFFFFFFFF1A
S3150817B120FFFFFFFFFFFFFFFFFFFFFFFFFFFFFFFF0A
S3150817B130FFFFFFFFFFFFFFFFFFFFFFFFFFFFFFFFFA
S3150817B140FFFFFFFFFFFFFFFFFFFFFFFFFFFFFFFFEA
S3150817B150FFFFFFFFFFFFFFFFFFFFFFFFFFFFFFFFDA
S3150817B160FFFFFFFFFFFFFFFFFFFFFFFFFFFFFFFFCA
S3150817B170FFFFFFFFFFFFFFFFFFFFFFFFFFFFFFFFBA
S3150817B180FFFFFFFFFFFFFFFFFFFFFFFFFFFFFFFFAA
S3150817B190FFFFFFFFFFFFFFFFFFFFFFFFFFFFFFFF9A
S3150817B1A0FFFFFFFFFFFFFFFFFFFFFFFFFFFFFFFF8A
S3150817B1B0FFFFFFFFFFFFFFFFFFFFFFFFFFFFFFFF7A
S3150817B1C0FFFFFFFFFFFFFFFFFFFFFFFFFFFFFFFF6A
S3150817B1D0FFFFFFFFFFFFFFFFFFFFFFFFFFFFFFFF5A
S3150817B1E0FFFFFFFFFFFFFFFFFFFFFFFFFFFFFFFF4A
S3150817B1F0FFFFFFFFFFFFFFFFFFFFFFFFFFFFFFFF3A
S3150817B200FFFFFFFFFFFFFFFFFFFFFFFFFFFFFFFF29
S3150817B210FFFFFFFFFFFFFFFFFFFFFFFFFFFFFFFF19
S3150817B220FFFFFFFFFFFFFFFFFFFFFFFFFFFFFFFF09
S3150817B230FFFFFFFFFFFFFFFFFFFFFFFFFFFFFFFFF9
S3150817B240FFFFFFFFFFFFFFFFFFFFFFFFFFFFFFFFE9
S3150817B250FFFFFFFFFFFFFFFFFFFFFFFFFFFFFFFFD9
S3150817B260FFFFFFFFFFFFFFFFFFFFFFFFFFFFFFFFC9
S3150817B270FFFFFFFFFFFFFFFFFFFFFFFFFFFFFFFFB9
S3150817B280FFFFFFFFFFFFFFFFFFFFFFFFFFFFFFFFA9
S3150817B290FFFFFFFFFFFFFFFFFFFFFFFFFFFFFFFF99
S3150817B2A0FFFFFFFFFFFFFFFFFFFFFFFFFFFFFFFF89
S3150817B2B0FFFFFFFFFFFFFFFFFFFFFFFFFFFFFFFF79
S3150817B2C0FFFFFFFFFFFFFFFFFFFFFFFFFFFFFFFF69
S3150817B2D0FFFFFFFFFFFFFFFFFFFFFFFFFFFFFFFF59
S3150817B2E0FFFFFFFFFFFFFFFFFFFFFFFFFFFFFFFF49
S3150817B2F0FFFFFFFFFFFFFFFFFFFFFFFFFFFFFFFF39
S3150817B300FFFFFFFFFFFFFFFFFFFFFFFFFFFFFFFF28
S3150817B310FFFFFFFFFFFFFFFFFFFFFFFFFFFFFFFF18
S3150817B320FFFFFFFFFFFFFFFFFFFFFFFFFFFFFFFF08
S3150817B330FFFFFFFFFFFFFFFFFFFFFFFFFFFFFFFFF8
S3150817B340FFFFFFFFFFFFFFFFFFFFFFFFFFFFFFFFE8
S3150817B350FFFFFFFFFFFFFFFFFFFFFFFFFFFFFFFFD8
S3150817B360FFFFFFFFFFFFFFFFFFFFFFFFFFFFFFFFC8
S3150817B370FFFFFFFFFFFFFFFFFFFFFFFFFFFFFFFFB8
S3150817B380FFFFFFFFFFFFFFFFFFFFFFFFFFFFFFFFA8
S3150817B390FFFFFFFFFFFFFFFFFFFFFFFFFFFFFFFF98
S3150817B3A0FFFFFFFFFFFFFFFFFFFFFFFFFFFFFFFF88
S3150817B3B0FFFFFFFFFFFFFFFFFFFFFFFFFFFFFFFF78
S3150817B3C0FFFFFFFFFFFFFFFFFFFFFFFFFFFFFFFF68
S3150817B3D0FFFFFFFFFFFFFFFFFFFFFFFFFFFFFFFF58
S3150817B3E0FFFFFFFFFFFFFFFFFFFFFFFFFFFFFFFF48
S3150817B3F0FFFFFFFFFFFFFFFFFFFFFFFFFFFFFFFF38
S3150817B400FFFFFFFFFFFFFFFFFFFFFFFFFFFFFFFF27
S3150817B410FFFFFFFFFFFFFFFFFFFFFFFFFFFFFFFF17
S3150817B420FFFFFFFFFFFFFFFFFFFFFFFFFFFFFFFF07
S3150817B430FFFFFFFFFFFFFFFFFFFFFFFFFFFFFFFFF7
S3150817B440FFFFFFFFFFFFFFFFFFFFFFFFFFFFFFFFE7
S3150817B450FFFFFFFFFFFFFFFFFFFFFFFFFFFFFFFFD7
S3150817B460FFFFFFFFFFFFFFFFFFFFFFFFFFFFFFFFC7
S3150817B470FFFFFFFFFFFFFFFFFFFFFFFFFFFFFFFFB7
S3150817B480FFFFFFFFFFFFFFFFFFFFFFFFFFFFFFFFA7
S3150817B490FFFFFFFFFFFFFFFFFFFFFFFFFFFFFFFF97
S3150817B4A0FFFFFFFFFFFFFFFFFFFFFFFFFFFFFFFF87
S3150817B4B0FFFFFFFFFFFFFFFFFFFFFFFFFFFFFFFF77
S3150817B4C0FFFFFFFFFFFFFFFFFFFFFFFFFFFFFFFF67
S3150817B4D0FFFFFFFFFFFFFFFFFFFFFFFFFFFFFFFF57
S3150817B4E0FFFFFFFFFFFFFFFFFFFFFFFFFFFFFFFF47
S3150817B4F0FFFFFFFFFFFFFFFFFFFFFFFFFFFFFFFF37
S3150817B500FFFFFFFFFFFFFFFFFFFFFFFFFFFFFFFF26
S3150817B510FFFFFFFFFFFFFFFFFFFFFFFFFFFFFFFF16
S3150817B520FFFFFFFFFFFFFFFFFFFFFFFFFFFFFFFF06
S3150817B530FFFFFFFFFFFFFFFFFFFFFFFFFFFFFFFFF6
S3150817B540FFFFFFFFFFFFFFFFFFFFFFFFFFFFFFFFE6
S3150817B550FFFFFFFFFFFFFFFFFFFFFFFFFFFFFFFFD6
S3150817B560FFFFFFFFFFFFFFFFFFFFFFFFFFFFFFFFC6
S3150817B570FFFFFFFFFFFFFFFFFFFFFFFFFFFFFFFFB6
S3150817B580FFFFFFFFFFFFFFFFFFFFFFFFFFFFFFFFA6
S3150817B590FFFFFFFFFFFFFFFFFFFFFFFFFFFFFFFF96
S3150817B5A0FFFFFFFFFFFFFFFFFFFFFFFFFFFFFFFF86
S3150817B5B0FFFFFFFFFFFFFFFFFFFFFFFFFFFFFFFF76
S3150817B5C0FFFFFFFFFFFFFFFFFFFFFFFFFFFFFFFF66
S3150817B5D0FFFFFFFFFFFFFFFFFFFFFFFFFFFFFFFF56
S3150817B5E0FFFFFFFFFFFFFFFFFFFFFFFFFFFFFFFF46
S3150817B5F0FFFFFFFFFFFFFFFFFFFFFFFFFFFFFFFF36
S3150817B600FFFFFFFFFFFFFFFFFFFFFFFFFFFFFFFF25
S3150817B610FFFFFFFFFFFFFFFFFFFFFFFFFFFFFFFF15
S3150817B620FFFFFFFFFFFFFFFFFFFFFFFFFFFFFFFF05
S3150817B630FFFFFFFFFFFFFFFFFFFFFFFFFFFFFFFFF5
S3150817B640FFFFFFFFFFFFFFFFFFFFFFFFFFFFFFFFE5
S3150817B650FFFFFFFFFFFFFFFFFFFFFFFFFFFFFFFFD5
S3150817B660FFFFFFFFFFFFFFFFFFFFFFFFFFFFFFFFC5
S3150817B670FFFFFFFFFFFFFFFFFFFFFFFFFFFFFFFFB5
S3150817B680FFFFFFFFFFFFFFFFFFFFFFFFFFFFFFFFA5
S3150817B690FFFFFFFFFFFFFFFFFFFFFFFFFFFFFFFF95
S3150817B6A0FFFFFFFFFFFFFFFFFFFFFFFFFFFFFFFF85
S3150817B6B0FFFFFFFFFFFFFFFFFFFFFFFFFFFFFFFF75
S3150817B6C0FFFFFFFFFFFFFFFFFFFFFFFFFFFFFFFF65
S3150817B6D0FFFFFFFFFFFFFFFFFFFFFFFFFFFFFFFF55
S3150817B6E0FFFFFFFFFFFFFFFFFFFFFFFFFFFFFFFF45
S3150817B6F0FFFFFFFFFFFFFFFFFFFFFFFFFFFFFFFF35
S3150817B700FFFFFFFFFFFFFFFFFFFFFFFFFFFFFFFF24
S3150817B710FFFFFFFFFFFFFFFFFFFFFFFFFFFFFFFF14
S3150817B720FFFFFFFFFFFFFFFFFFFFFFFFFFFFFFFF04
S3150817B730FFFFFFFFFFFFFFFFFFFFFFFFFFFFFFFFF4
S3150817B740FFFFFFFFFFFFFFFFFFFFFFFFFFFFFFFFE4
S3150817B750FFFFFFFFFFFFFFFFFFFFFFFFFFFFFFFFD4
S3150817B760FFFFFFFFFFFFFFFFFFFFFFFFFFFFFFFFC4
S3150817B770FFFFFFFFFFFFFFFFFFFFFFFFFFFFFFFFB4
S3150817B780FFFFFFFFFFFFFFFFFFFFFFFFFFFFFFFFA4
S3150817B790FFFFFFFFFFFFFFFFFFFFFFFFFFFFFFFF94
S3150817B7A0FFFFFFFFFFFFFFFFFFFFFFFFFFFFFFFF84
S3150817B7B0FFFFFFFFFFFFFFFFFFFFFFFFFFFFFFFF74
S3150817B7C0FFFFFFFFFFFFFFFFFFFFFFFFFFFFFFFF64
S3150817B7D0FFFFFFFFFFFFFFFFFFFFFFFFFFFFFFFF54
S3150817B7E0FFFFFFFFFFFFFFFFFFFFFFFFFFFFFFFF44
S3150817B7F0FFFFFFFFFFFFFFFFFFFFFFFFFFFFFFFF34
S3150817B800FFFFFFFFFFFFFFFFFFFFFFFFFFFFFFFF23
S3150817B810FFFFFFFFFFFFFFFFFFFFFFFFFFFFFFFF13
S3150817B820FFFFFFFFFFFFFFFFFFFFFFFFFFFFFFFF03
S3150817B830FFFFFFFFFFFFFFFFFFFFFFFFFFFFFFFFF3
S3150817B840FFFFFFFFFFFFFFFFFFFFFFFFFFFFFFFFE3
S3150817B850FFFFFFFFFFFFFFFFFFFFFFFFFFFFFFFFD3
S3150817B860FFFFFFFFFFFFFFFFFFFFFFFFFFFFFFFFC3
S3150817B870FFFFFFFFFFFFFFFFFFFFFFFFFFFFFFFFB3
S3150817B880FFFFFFFFFFFFFFFFFFFFFFFFFFFFFFFFA3
S3150817B890FFFFFFFFFFFFFFFFFFFFFFFFFFFFFFFF93
S3150817B8A0FFFFFFFFFFFFFFFFFFFFFFFFFFFFFFFF83
S3150817B8B0FFFFFFFFFFFFFFFFFFFFFFFFFFFFFFFF73
S3150817B8C0FFFFFFFFFFFFFFFFFFFFFFFFFFFFFFFF63
S3150817B8D0FFFFFFFFFFFFFFFFFFFFFFFFFFFFFFFF53
S3150817B8E0FFFFFFFFFFFFFFFFFFFFFFFFFFFFFFFF43
S3150817B8F0FFFFFFFFFFFFFFFFFFFFFFFFFFFFFFFF33
S3150817B900FFFFFFFFFFFFFFFFFFFFFFFFFFFFFFFF22
S3150817B910FFFFFFFFFFFFFFFFFFFFFFFFFFFFFFFF12
S3150817B920FFFFFFFFFFFFFFFFFFFFFFFFFFFFFFFF02
S3150817B930FFFFFFFFFFFFFFFFFFFFFFFFFFFFFFFFF2
S3150817B940FFFFFFFFFFFFFFFFFFFFFFFFFFFFFFFFE2
S3150817B950FFFFFFFFFFFFFFFFFFFFFFFFFFFFFFFFD2
S3150817B960FFFFFFFFFFFFFFFFFFFFFFFFFFFFFFFFC2
S3150817B970FFFFFFFFFFFFFFFFFFFFFFFFFFFFFFFFB2
S3150817B980FFFFFFFFFFFFFFFFFFFFFFFFFFFFFFFFA2
S3150817B990FFFFFFFFFFFFFFFFFFFFFFFFFFFFFFFF92
S3150817B9A0FFFFFFFFFFFFFFFFFFFFFFFFFFFFFFFF82
S3150817B9B0FFFFFFFFFFFFFFFFFFFFFFFFFFFFFFFF72
S3150817B9C0FFFFFFFFFFFFFFFFFFFFFFFFFFFFFFFF62
S3150817B9D0FFFFFFFFFFFFFFFFFFFFFFFFFFFFFFFF52
S3150817B9E0FFFFFFFFFFFFFFFFFFFFFFFFFFFFFFFF42
S3150817B9F0FFFFFFFFFFFFFFFFFFFFFFFFFFFFFFFF32
S3150817BA00FFFFFFFFFFFFFFFFFFFFFFFFFFFFFFFF21
S3150817BA10FFFFFFFFFFFFFFFFFFFFFFFFFFFFFFFF11
S3150817BA20FFFFFFFFFFFFFFFFFFFFFFFFFFFFFFFF01
S3150817BA30FFFFFFFFFFFFFFFFFFFFFFFFFFFFFFFFF1
S3150817BA40FFFFFFFFFFFFFFFFFFFFFFFFFFFFFFFFE1
S3150817BA50FFFFFFFFFFFFFFFFFFFFFFFFFFFFFFFFD1
S3150817BA60FFFFFFFFFFFFFFFFFFFFFFFFFFFFFFFFC1
S3150817BA70FFFFFFFFFFFFFFFFFFFFFFFFFFFFFFFFB1
S3150817BA80FFFFFFFFFFFFFFFFFFFFFFFFFFFFFFFFA1
S3150817BA90FFFFFFFFFFFFFFFFFFFFFFFFFFFFFFFF91
S3150817BAA0FFFFFFFFFFFFFFFFFFFFFFFFFFFFFFFF81
S3150817BAB0FFFFFFFFFFFFFFFFFFFFFFFFFFFFFFFF71
S3150817BAC0FFFFFFFFFFFFFFFFFFFFFFFFFFFFFFFF61
S3150817BAD0FFFFFFFFFFFFFFFFFFFFFFFFFFFFFFFF51
S3150817BAE0FFFFFFFFFFFFFFFFFFFFFFFFFFFFFFFF41
S3150817BAF0FFFFFFFFFFFFFFFFFFFFFFFFFFFFFFFF31
S3150817BB00FFFFFFFFFFFFFFFFFFFFFFFFFFFFFFFF20
S3150817BB10FFFFFFFFFFFFFFFFFFFFFFFFFFFFFFFF10
S3150817BB20FFFFFFFFFFFFFFFFFFFFFFFFFFFFFFFF00
S3150817BB30FFFFFFFFFFFFFFFFFFFFFFFFFFFFFFFFF0
S3150817BB40FFFFFFFFFFFFFFFFFFFFFFFFFFFFFFFFE0
S3150817BB50FFFFFFFFFFFFFFFFFFFFFFFFFFFFFFFFD0
S3150817BB60FFFFFFFFFFFFFFFFFFFFFFFFFFFFFFFFC0
S3150817BB70FFFFFFFFFFFFFFFFFFFFFFFFFFFFFFFFB0
S3150817BB80FFFFFFFFFFFFFFFFFFFFFFFFFFFFFFFFA0
S3150817BB90FFFFFFFFFFFFFFFFFFFFFFFFFFFFFFFF90
S3150817BBA0FFFFFFFFFFFFFFFFFFFFFFFFFFFFFFFF80
S3150817BBB0FFFFFFFFFFFFFFFFFFFFFFFFFFFFFFFF70
S3150817BBC0FFFFFFFFFFFFFFFFFFFFFFFFFFFFFFFF60
S3150817BBD0FFFFFFFFFFFFFFFFFFFFFFFFFFFFFFFF50
S3150817BBE0FFFFFFFFFFFFFFFFFFFFFFFFFFFFFFFF40
S3150817BBF0FFFFFFFFFFFFFFFFFFFFFFFFFFFFFFFF30
S3150817BC00FFFFFFFFFFFFFFFFFFFFFFFFFFFFFFFF1F
S3150817BC10FFFFFFFFFFFFFFFFFFFFFFFFFFFFFFFF0F
S3150817BC20FFFFFFFFFFFFFFFFFFFFFFFFFFFFFFFFFF
S3150817BC30FFFFFFFFFFFFFFFFFFFFFFFFFFFFFFFFEF
S3150817BC40FFFFFFFFFFFFFFFFFFFFFFFFFFFFFFFFDF
S3150817BC50FFFFFFFFFFFFFFFFFFFFFFFFFFFFFFFFCF
S3150817BC60FFFFFFFFFFFFFFFFFFFFFFFFFFFFFFFFBF
S3150817BC70FFFFFFFFFFFFFFFFFFFFFFFFFFFFFFFFAF
S3150817BC80FFFFFFFFFFFFFFFFFFFFFFFFFFFFFFFF9F
S3150817BC90FFFFFFFFFFFFFFFFFFFFFFFFFFFFFFFF8F
S3150817BCA0FFFFFFFFFFFFFFFFFFFFFFFFFFFFFFFF7F
S3150817BCB0FFFFFFFFFFFFFFFFFFFFFFFFFFFFFFFF6F
S3150817BCC0FFFFFFFFFFFFFFFFFFFFFFFFFFFFFFFF5F
S3150817BCD0FFFFFFFFFFFFFFFFFFFFFFFFFFFFFFFF4F
S3150817BCE0FFFFFFFFFFFFFFFFFFFFFFFFFFFFFFFF3F
S3150817BCF0FFFFFFFFFFFFFFFFFFFFFFFFFFFFFFFF2F
S3150817BD00FFFFFFFFFFFFFFFFFFFFFFFFFFFFFFFF1E
S3150817BD10FFFFFFFFFFFFFFFFFFFFFFFFFFFFFFFF0E
S3150817BD20FFFFFFFFFFFFFFFFFFFFFFFFFFFFFFFFFE
S3150817BD30FFFFFFFFFFFFFFFFFFFFFFFFFFFFFFFFEE
S3150817BD40FFFFFFFFFFFFFFFFFFFFFFFFFFFFFFFFDE
S3150817BD50FFFFFFFFFFFFFFFFFFFFFFFFFFFFFFFFCE
S3150817BD60FFFFFFFFFFFFFFFFFFFFFFFFFFFFFFFFBE
S3150817BD70FFFFFFFFFFFFFFFFFFFFFFFFFFFFFFFFAE
S3150817BD80FFFFFFFFFFFFFFFFFFFFFFFFFFFFFFFF9E
S3150817BD90FFFFFFFFFFFFFFFFFFFFFFFFFFFFFFFF8E
S3150817BDA0FFFFFFFFFFFFFFFFFFFFFFFFFFFFFFFF7E
S3150817BDB0FFFFFFFFFFFFFFFFFFFFFFFFFFFFFFFF6E
S3150817BDC0FFFFFFFFFFFFFFFFFFFFFFFFFFFFFFFF5E
S3150817BDD0FFFFFFFFFFFFFFFFFFFFFFFFFFFFFFFF4E
S3150817BDE0FFFFFFFFFFFFFFFFFFFFFFFFFFFFFFFF3E
S3150817BDF0FFFFFFFFFFFFFFFFFFFFFFFFFFFFFFFF2E
S3150817BE00FFFFFFFFFFFFFFFFFFFFFFFFFFFFFFFF1D
S3150817BE10FFFFFFFFFFFFFFFFFFFFFFFFFFFFFFFF0D
S3150817BE20FFFFFFFFFFFFFFFFFFFFFFFFFFFFFFFFFD
S3150817BE30FFFFFFFFFFFFFFFFFFFFFFFFFFFFFFFFED
S3150817BE40FFFFFFFFFFFFFFFFFFFFFFFFFFFFFFFFDD
S3150817BE50FFFFFFFFFFFFFFFFFFFFFFFFFFFFFFFFCD
S3150817BE60FFFFFFFFFFFFFFFFFFFFFFFFFFFFFFFFBD
S3150817BE70FFFFFFFFFFFFFFFFFFFFFFFFFFFFFFFFAD
S3150817BE80FFFFFFFFFFFFFFFFFFFFFFFFFFFFFFFF9D
S3150817BE90FFFFFFFFFFFFFFFFFFFFFFFFFFFFFFFF8D
S3150817BEA0FFFFFFFFFFFFFFFFFFFFFFFFFFFFFFFF7D
S3150817BEB0FFFFFFFFFFFFFFFFFFFFFFFFFFFFFFFF6D
S3150817BEC0FFFFFFFFFFFFFFFFFFFFFFFFFFFFFFFF5D
S3150817BED0FFFFFFFFFFFFFFFFFFFFFFFFFFFFFFFF4D
S3150817BEE0FFFFFFFFFFFFFFFFFFFFFFFFFFFFFFFF3D
S3150817BEF0FFFFFFFFFFFFFFFFFFFFFFFFFFFFFFFF2D
S3150817BF00FFFFFFFFFFFFFFFFFFFFFFFFFFFFFFFF1C
S3150817BF10FFFFFFFFFFFFFFFFFFFFFFFFFFFFFFFF0C
S3150817BF20FFFFFFFFFFFFFFFFFFFFFFFFFFFFFFFFFC
S3150817BF30FFFFFFFFFFFFFFFFFFFFFFFFFFFFFFFFEC
S3150817BF40FFFFFFFFFFFFFFFFFFFFFFFFFFFFFFFFDC
S3150817BF50FFFFFFFFFFFFFFFFFFFFFFFFFFFFFFFFCC
S3150817BF60FFFFFFFFFFFFFFFFFFFFFFFFFFFFFFFFBC
S3150817BF70FFFFFFFFFFFFFFFFFFFFFFFFFFFFFFFFAC
S3150817BF80FFFFFFFFFFFFFFFFFFFFFFFFFFFFFFFF9C
S3150817BF90FFFFFFFFFFFFFFFFFFFFFFFFFFFFFFFF8C
S3150817BFA0FFFFFFFFFFFFFFFFFFFFFFFFFFFFFFFF7C
S3150817BFB0FFFFFFFFFFFFFFFFFFFFFFFFFFFFFFFF6C
S3150817BFC0FFFFFFFFFFFFFFFFFFFFFFFFFFFFFFFF5C
S3150817BFD0FFFFFFFFFFFFFFFFFFFFFFFFFFFFFFFF4C
S3150817BFE0FFFFFFFFFFFFFFFFFFFFFFFFFFFFFFFF3C
S3150817BFF0FFFFFFFFFFFFFFFFFFFFFFFFFFFFFFFF2C
S3150817C00001009AB2020000D0FDFFFF0FFFFFFFFFE6
S3150817C0100090FFFFFFFFFFFFFFFFFFFFFFFFFFFF79
S3150817C020FFFFFFFFFFFFFFFFFFFFFFFFFFFFFFFFFB
S3150817C030FFFFFFFFFFFFFFFFFFFFFFFFFFFFFFFFEB
S3150817C040FFFFFFFFFFFFFFFFFFFFFFFFFFFFFFFFDB
S3150817C050FFFFFFFFFFFFFFFFFFFFFFFFFFFFFFFFCB
S3150817C060FFFFFFFFFFFFFFFFFFFFFFFFFFFFFFFFBB
S3150817C070FFFFFFFFFFFFFFFFFFFFFFFFFFFFFFFFAB
S3150817C080FFFFFFFFFFFFFFFFFFFFFFFFFFFFFFFF9B
S3150817C090FFFFFFFFFFFFFFFFFFFFFFFFFFFFFFFF8B
S3150817C0A0FFFFFFFFFFFFFFFFFFFFFFFFFFFFFFFF7B
S3150817C0B0FFFFFFFFFFFFFFFFFFFFFFFFFFFFFFFF6B
S3150817C0C0FFFFFFFFFFFFFFFFFFFFFFFFFFFFFFFF5B
S3150817C0D0FFFFFFFFFFFFFFFFFFFFFFFFFFFFFFFF4B
S3150817C0E0FFFFFFFFFFFFFFFFFFFFFFFFFFFFFFFF3B
S3150817C0F0FFFFFFFFFFFFFFFFFFFFFFFFFFFFFFFF2B
S3150817C100FFFFFFFFFFFFFFFFFFFFFFFFFFFFFFFF1A
S3150817C110FFFFFFFFFFFFFFFFFFFFFFFFFFFFFFFF0A
S3150817C120FFFFFFFFFFFFFFFFFFFFFFFFFFFFFFFFFA
S3150817C130FFFFFFFFFFFFFFFFFFFFFFFFFFFFFFFFEA
S3150817C140FFFFFFFFFFFFFFFFFFFFFFFFFFFFFFFFDA
S3150817C150FFFFFFFFFFFFFFFFFFFFFFFFFFFFFFFFCA
S3150817C160FFFFFFFFFFFFFFFFFFFFFFFFFFFFFFFFBA
S3150817C170FFFFFFFFFFFFFFFFFFFFFFFFFFFFFFFFAA
S3150817C180FFFFFFFFFFFFFFFFFFFFFFFFFFFFFFFF9A
S3150817C190FFFFFFFFFFFFFFFFFFFFFFFFFFFFFFFF8A
S3150817C1A0FFFFFFFFFFFFFFFFFFFFFFFFFFFFFFFF7A
S3150817C1B0FFFFFFFFFFFFFFFFFFFFFFFFFFFFFFFF6A
S3150817C1C0FFFFFFFFFFFFFFFFFFFFFFFFFFFFFFFF5A
S3150817C1D0FFFFFFFFFFFFFFFFFFFFFFFFFFFFFFFF4A
S3150817C1E0FFFFFFFFFFFFFFFFFFFFFFFFFFFFFFFF3A
S3150817C1F0FFFFFFFFFFFFFFFFFFFFFFFFFFFFFFFF2A
S3150817C200FFFFFFFFFFFFFFFFFFFFFFFFFFFFFFFF19
S3150817C210FFFFFFFFFFFFFFFFFFFFFFFFFFFFFFFF09
S3150817C220FFFFFFFFFFFFFFFFFFFFFFFFFFFFFFFFF9
S3150817C230FFFFFFFFFFFFFFFFFFFFFFFFFFFFFFFFE9
S3150817C240FFFFFFFFFFFFFFFFFFFFFFFFFFFFFFFFD9
S3150817C250FFFFFFFFFFFFFFFFFFFFFFFFFFFFFFFFC9
S3150817C260FFFFFFFFFFFFFFFFFFFFFFFFFFFFFFFFB9
S3150817C270FFFFFFFFFFFFFFFFFFFFFFFFFFFFFFFFA9
S3150817C280FFFFFFFFFFFFFFFFFFFFFFFFFFFFFFFF99
S3150817C290FFFFFFFFFFFFFFFFFFFFFFFFFFFFFFFF89
S3150817C2A0FFFFFFFFFFFFFFFFFFFFFFFFFFFFFFFF79
S3150817C2B0FFFFFFFFFFFFFFFFFFFFFFFFFFFFFFFF69
S3150817C2C0FFFFFFFFFFFFFFFFFFFFFFFFFFFFFFFF59
S3150817C2D0FFFFFFFFFFFFFFFFFFFFFFFFFFFFFFFF49
S3150817C2E0FFFFFFFFFFFFFFFFFFFFFFFFFFFFFFFF39
S3150817C2F0FFFFFFFFFFFFFFFFFFFFFFFFFFFFFFFF29
S3150817C300FFFFFFFFFFFFFFFFFFFFFFFFFFFFFFFF18
S3150817C310FFFFFFFFFFFFFFFFFFFFFFFFFFFFFFFF08
S3150817C320FFFFFFFFFFFFFFFFFFFFFFFFFFFFFFFFF8
S3150817C330FFFFFFFFFFFFFFFFFFFFFFFFFFFFFFFFE8
S3150817C340FFFFFFFFFFFFFFFFFFFFFFFFFFFFFFFFD8
S3150817C350FFFFFFFFFFFFFFFFFFFFFFFFFFFFFFFFC8
S3150817C360FFFFFFFFFFFFFFFFFFFFFFFFFFFFFFFFB8
S3150817C370FFFFFFFFFFFFFFFFFFFFFFFFFFFFFFFFA8
S3150817C380FFFFFFFFFFFFFFFFFFFFFFFFFFFFFFFF98
S3150817C390FFFFFFFFFFFFFFFFFFFFFFFFFFFFFFFF88
S3150817C3A0FFFFFFFFFFFFFFFFFFFFFFFFFFFFFFFF78
S3150817C3B0FFFFFFFFFFFFFFFFFFFFFFFFFFFFFFFF68
S3150817C3C0FFFFFFFFFFFFFFFFFFFFFFFFFFFFFFFF58
S3150817C3D0FFFFFFFFFFFFFFFFFFFFFFFFFFFFFFFF48
S3150817C3E0FFFFFFFFFFFFFFFFFFFFFFFFFFFFFFFF38
S3150817C3F0FFFFFFFFFFFFFFFFFFFFFFFFFFFFFFFF28
S3150817C400FFFFFFFFFFFFFFFFFFFFFFFFFFFFFFFF17
S3150817C410FFFFFFFFFFFFFFFFFFFFFFFFFFFFFFFF07
S3150817C420FFFFFFFFFFFFFFFFFFFFFFFFFFFFFFFFF7
S3150817C430FFFFFFFFFFFFFFFFFFFFFFFFFFFFFFFFE7
S3150817C440FFFFFFFFFFFFFFFFFFFFFFFFFFFFFFFFD7
S3150817C450FFFFFFFFFFFFFFFFFFFFFFFFFFFFFFFFC7
S3150817C460FFFFFFFFFFFFFFFFFFFFFFFFFFFFFFFFB7
S3150817C470FFFFFFFFFFFFFFFFFFFFFFFFFFFFFFFFA7
S3150817C480FFFFFFFFFFFFFFFFFFFFFFFFFFFFFFFF97
S3150817C490FFFFFFFFFFFFFFFFFFFFFFFFFFFFFFFF87
S3150817C4A0FFFFFFFFFFFFFFFFFFFFFFFFFFFFFFFF77
S3150817C4B0FFFFFFFFFFFFFFFFFFFFFFFFFFFFFFFF67
S3150817C4C0FFFFFFFFFFFFFFFFFFFFFFFFFFFFFFFF57
S3150817C4D0FFFFFFFFFFFFFFFFFFFFFFFFFFFFFFFF47
S3150817C4E0FFFFFFFFFFFFFFFFFFFFFFFFFFFFFFFF37
S3150817C4F0FFFFFFFFFFFFFFFFFFFFFFFFFFFFFFFF27
S3150817C500FFFFFFFFFFFFFFFFFFFFFFFFFFFFFFFF16
S3150817C510FFFFFFFFFFFFFFFFFFFFFFFFFFFFFFFF06
S3150817C520FFFFFFFFFFFFFFFFFFFFFFFFFFFFFFFFF6
S3150817C530FFFFFFFFFFFFFFFFFFFFFFFFFFFFFFFFE6
S3150817C540FFFFFFFFFFFFFFFFFFFFFFFFFFFFFFFFD6
S3150817C550FFFFFFFFFFFFFFFFFFFFFFFFFFFFFFFFC6
S3150817C560FFFFFFFFFFFFFFFFFFFFFFFFFFFFFFFFB6
S3150817C570FFFFFFFFFFFFFFFFFFFFFFFFFFFFFFFFA6
S3150817C580FFFFFFFFFFFFFFFFFFFFFFFFFFFFFFFF96
S3150817C590FFFFFFFFFFFFFFFFFFFFFFFFFFFFFFFF86
S3150817C5A0FFFFFFFFFFFFFFFFFFFFFFFFFFFFFFFF76
S3150817C5B0FFFFFFFFFFFFFFFFFFFFFFFFFFFFFFFF66
S3150817C5C0FFFFFFFFFFFFFFFFFFFFFFFFFFFFFFFF56
S3150817C5D0FFFFFFFFFFFFFFFFFFFFFFFFFFFFFFFF46
S3150817C5E0FFFFFFFFFFFFFFFFFFFFFFFFFFFFFFFF36
S3150817C5F0FFFFFFFFFFFFFFFFFFFFFFFFFFFFFFFF26
S3150817C600FFFFFFFFFFFFFFFFFFFFFFFFFFFFFFFF15
S3150817C610FFFFFFFFFFFFFFFFFFFFFFFFFFFFFFFF05
S3150817C620FFFFFFFFFFFFFFFFFFFFFFFFFFFFFFFFF5
S3150817C630FFFFFFFFFFFFFFFFFFFFFFFFFFFFFFFFE5
S3150817C640FFFFFFFFFFFFFFFFFFFFFFFFFFFFFFFFD5
S3150817C650FFFFFFFFFFFFFFFFFFFFFFFFFFFFFFFFC5
S3150817C660FFFFFFFFFFFFFFFFFFFFFFFFFFFFFFFFB5
S3150817C670FFFFFFFFFFFFFFFFFFFFFFFFFFFFFFFFA5
S3150817C680FFFFFFFFFFFFFFFFFFFFFFFFFFFFFFFF95
S3150817C690FFFFFFFFFFFFFFFFFFFFFFFFFFFFFFFF85
S3150817C6A0FFFFFFFFFFFFFFFFFFFFFFFFFFFFFFFF75
S3150817C6B0FFFFFFFFFFFFFFFFFFFFFFFFFFFFFFFF65
S3150817C6C0FFFFFFFFFFFFFFFFFFFFFFFFFFFFFFFF55
S3150817C6D0FFFFFFFFFFFFFFFFFFFFFFFFFFFFFFFF45
S3150817C6E0FFFFFFFFFFFFFFFFFFFFFFFFFFFFFFFF35
S3150817C6F0FFFFFFFFFFFFFFFFFFFFFFFFFFFFFFFF25
S3150817C700FFFFFFFFFFFFFFFFFFFFFFFFFFFFFFFF14
S3150817C710FFFFFFFFFFFFFFFFFFFFFFFFFFFFFFFF04
S3150817C720FFFFFFFFFFFFFFFFFFFFFFFFFFFFFFFFF4
S3150817C730FFFFFFFFFFFFFFFFFFFFFFFFFFFFFFFFE4
S3150817C740FFFFFFFFFFFFFFFFFFFFFFFFFFFFFFFFD4
S3150817C750FFFFFFFFFFFFFFFFFFFFFFFFFFFFFFFFC4
S3150817C760FFFFFFFFFFFFFFFFFFFFFFFFFFFFFFFFB4
S3150817C770FFFFFFFFFFFFFFFFFFFFFFFFFFFFFFFFA4
S3150817C780FFFFFFFFFFFFFFFFFFFFFFFFFFFFFFFF94
S3150817C790FFFFFFFFFFFFFFFFFFFFFFFFFFFFFFFF84
S3150817C7A0FFFFFFFFFFFFFFFFFFFFFFFFFFFFFFFF74
S3150817C7B0FFFFFFFFFFFFFFFFFFFFFFFFFFFFFFFF64
S3150817C7C0FFFFFFFFFFFFFFFFFFFFFFFFFFFFFFFF54
S3150817C7D0FFFFFFFFFFFFFFFFFFFFFFFFFFFFFFFF44
S3150817C7E0FFFFFFFFFFFFFFFFFFFFFFFFFFFFFFFF34
S3150817C7F0FFFFFFFFFFFFFFFFFFFFFFFFFFFFFFFF24
S3150817C800FFFFFFFFFFFFFFFFFFFFFFFFFFFFFFFF13
S3150817C810FFFFFFFFFFFFFFFFFFFFFFFFFFFFFFFF03
S3150817C820FFFFFFFFFFFFFFFFFFFFFFFFFFFFFFFFF3
S3150817C830FFFFFFFFFFFFFFFFFFFFFFFFFFFFFFFFE3
S3150817C840FFFFFFFFFFFFFFFFFFFFFFFFFFFFFFFFD3
S3150817C850FFFFFFFFFFFFFFFFFFFFFFFFFFFFFFFFC3
S3150817C860FFFFFFFFFFFFFFFFFFFFFFFFFFFFFFFFB3
S3150817C870FFFFFFFFFFFFFFFFFFFFFFFFFFFFFFFFA3
S3150817C880FFFFFFFFFFFFFFFFFFFFFFFFFFFFFFFF93
S3150817C890FFFFFFFFFFFFFFFFFFFFFFFFFFFFFFFF83
S3150817C8A0FFFFFFFFFFFFFFFFFFFFFFFFFFFFFFFF73
S3150817C8B0FFFFFFFFFFFFFFFFFFFFFFFFFFFFFFFF63
S3150817C8C0FFFFFFFFFFFFFFFFFFFFFFFFFFFFFFFF53
S3150817C8D0FFFFFFFFFFFFFFFFFFFFFFFFFFFFFFFF43
S3150817C8E0FFFFFFFFFFFFFFFFFFFFFFFFFFFFFFFF33
S3150817C8F0FFFFFFFFFFFFFFFFFFFFFFFFFFFFFFFF23
S3150817C900FFFFFFFFFFFFFFFFFFFFFFFFFFFFFFFF12
S3150817C910FFFFFFFFFFFFFFFFFFFFFFFFFFFFFFFF02
S3150817C920FFFFFFFFFFFFFFFFFFFFFFFFFFFFFFFFF2
S3150817C930FFFFFFFFFFFFFFFFFFFFFFFFFFFFFFFFE2
S3150817C940FFFFFFFFFFFFFFFFFFFFFFFFFFFFFFFFD2
S3150817C950FFFFFFFFFFFFFFFFFFFFFFFFFFFFFFFFC2
S3150817C960FFFFFFFFFFFFFFFFFFFFFFFFFFFFFFFFB2
S3150817C970FFFFFFFFFFFFFFFFFFFFFFFFFFFFFFFFA2
S3150817C980FFFFFFFFFFFFFFFFFFFFFFFFFFFFFFFF92
S3150817C990FFFFFFFFFFFFFFFFFFFFFFFFFFFFFFFF82
S3150817C9A0FFFFFFFFFFFFFFFFFFFFFFFFFFFFFFFF72
S3150817C9B0FFFFFFFFFFFFFFFFFFFFFFFFFFFFFFFF62
S3150817C9C0FFFFFFFFFFFFFFFFFFFFFFFFFFFFFFFF52
S3150817C9D0FFFFFFFFFFFFFFFFFFFFFFFFFFFFFFFF42
S3150817C9E0FFFFFFFFFFFFFFFFFFFFFFFFFFFFFFFF32
S3150817C9F0FFFFFFFFFFFFFFFFFFFFFFFFFFFFFFFF22
S3150817CA00FFFFFFFFFFFFFFFFFFFFFFFFFFFFFFFF11
S3150817CA10FFFFFFFFFFFFFFFFFFFFFFFFFFFFFFFF01
S3150817CA20FFFFFFFFFFFFFFFFFFFFFFFFFFFFFFFFF1
S3150817CA30FFFFFFFFFFFFFFFFFFFFFFFFFFFFFFFFE1
S3150817CA40FFFFFFFFFFFFFFFFFFFFFFFFFFFFFFFFD1
S3150817CA50FFFFFFFFFFFFFFFFFFFFFFFFFFFFFFFFC1
S3150817CA60FFFFFFFFFFFFFFFFFFFFFFFFFFFFFFFFB1
S3150817CA70FFFFFFFFFFFFFFFFFFFFFFFFFFFFFFFFA1
S3150817CA80FFFFFFFFFFFFFFFFFFFFFFFFFFFFFFFF91
S3150817CA90FFFFFFFFFFFFFFFFFFFFFFFFFFFFFFFF81
S3150817CAA0FFFFFFFFFFFFFFFFFFFFFFFFFFFFFFFF71
S3150817CAB0FFFFFFFFFFFFFFFFFFFFFFFFFFFFFFFF61
S3150817CAC0FFFFFFFFFFFFFFFFFFFFFFFFFFFFFFFF51
S3150817CAD0FFFFFFFFFFFFFFFFFFFFFFFFFFFFFFFF41
S3150817CAE0FFFFFFFFFFFFFFFFFFFFFFFFFFFFFFFF31
S3150817CAF0FFFFFFFFFFFFFFFFFFFFFFFFFFFFFFFF21
S3150817CB00FFFFFFFFFFFFFFFFFFFFFFFFFFFFFFFF10
S3150817CB10FFFFFFFFFFFFFFFFFFFFFFFFFFFFFFFF00
S3150817CB20FFFFFFFFFFFFFFFFFFFFFFFFFFFFFFFFF0
S3150817CB30FFFFFFFFFFFFFFFFFFFFFFFFFFFFFFFFE0
S3150817CB40FFFFFFFFFFFFFFFFFFFFFFFFFFFFFFFFD0
S3150817CB50FFFFFFFFFFFFFFFFFFFFFFFFFFFFFFFFC0
S3150817CB60FFFFFFFFFFFFFFFFFFFFFFFFFFFFFFFFB0
S3150817CB70FFFFFFFFFFFFFFFFFFFFFFFFFFFFFFFFA0
S3150817CB80FFFFFFFFFFFFFFFFFFFFFFFFFFFFFFFF90
S3150817CB90FFFFFFFFFFFFFFFFFFFFFFFFFFFFFFFF80
S3150817CBA0FFFFFFFFFFFFFFFFFFFFFFFFFFFFFFFF70
S3150817CBB0FFFFFFFFFFFFFFFFFFFFFFFFFFFFFFFF60
S3150817CBC0FFFFFFFFFFFFFFFFFFFFFFFFFFFFFFFF50
S3150817CBD0FFFFFFFFFFFFFFFFFFFFFFFFFFFFFFFF40
S3150817CBE0FFFFFFFFFFFFFFFFFFFFFFFFFFFFFFFF30
S3150817CBF0FFFFFFFFFFFFFFFFFFFFFFFFFFFFFFFF20
S3150817CC00FFFFFFFFFFFFFFFFFFFFFFFFFFFFFFFF0F
S3150817CC10FFFFFFFFFFFFFFFFFFFFFFFFFFFFFFFFFF
S3150817CC20FFFFFFFFFFFFFFFFFFFFFFFFFFFFFFFFEF
S3150817CC30FFFFFFFFFFFFFFFFFFFFFFFFFFFFFFFFDF
S3150817CC40FFFFFFFFFFFFFFFFFFFFFFFFFFFFFFFFCF
S3150817CC50FFFFFFFFFFFFFFFFFFFFFFFFFFFFFFFFBF
S3150817CC60FFFFFFFFFFFFFFFFFFFFFFFFFFFFFFFFAF
S3150817CC70FFFFFFFFFFFFFFFFFFFFFFFFFFFFFFFF9F
S3150817CC80FFFFFFFFFFFFFFFFFFFFFFFFFFFFFFFF8F
S3150817CC90FFFFFFFFFFFFFFFFFFFFFFFFFFFFFFFF7F
S3150817CCA0FFFFFFFFFFFFFFFFFFFFFFFFFFFFFFFF6F
S3150817CCB0FFFFFFFFFFFFFFFFFFFFFFFFFFFFFFFF5F
S3150817CCC0FFFFFFFFFFFFFFFFFFFFFFFFFFFFFFFF4F
S3150817CCD0FFFFFFFFFFFFFFFFFFFFFFFFFFFFFFFF3F
S3150817CCE0FFFFFFFFFFFFFFFFFFFFFFFFFFFFFFFF2F
S3150817CCF0FFFFFFFFFFFFFFFFFFFFFFFFFFFFFFFF1F
S3150817CD00FFFFFFFFFFFFFFFFFFFFFFFFFFFFFFFF0E
S3150817CD10FFFFFFFFFFFFFFFFFFFFFFFFFFFFFFFFFE
S3150817CD20FFFFFFFFFFFFFFFFFFFFFFFFFFFFFFFFEE
S3150817CD30FFFFFFFFFFFFFFFFFFFFFFFFFFFFFFFFDE
S3150817CD40FFFFFFFFFFFFFFFFFFFFFFFFFFFFFFFFCE
S3150817CD50FFFFFFFFFFFFFFFFFFFFFFFFFFFFFFFFBE
S3150817CD60FFFFFFFFFFFFFFFFFFFFFFFFFFFFFFFFAE
S3150817CD70FFFFFFFFFFFFFFFFFFFFFFFFFFFFFFFF9E
S3150817CD80FFFFFFFFFFFFFFFFFFFFFFFFFFFFFFFF8E
S3150817CD90FFFFFFFFFFFFFFFFFFFFFFFFFFFFFFFF7E
S3150817CDA0FFFFFFFFFFFFFFFFFFFFFFFFFFFFFFFF6E
S3150817CDB0FFFFFFFFFFFFFFFFFFFFFFFFFFFFFFFF5E
S3150817CDC0FFFFFFFFFFFFFFFFFFFFFFFFFFFFFFFF4E
S3150817CDD0FFFFFFFFFFFFFFFFFFFFFFFFFFFFFFFF3E
S3150817CDE0FFFFFFFFFFFFFFFFFFFFFFFFFFFFFFFF2E
S3150817CDF0FFFFFFFFFFFFFFFFFFFFFFFFFFFFFFFF1E
S3150817CE00FFFFFFFFFFFFFFFFFFFFFFFFFFFFFFFF0D
S3150817CE10FFFFFFFFFFFFFFFFFFFFFFFFFFFFFFFFFD
S3150817CE20FFFFFFFFFFFFFFFFFFFFFFFFFFFFFFFFED
S3150817CE30FFFFFFFFFFFFFFFFFFFFFFFFFFFFFFFFDD
S3150817CE40FFFFFFFFFFFFFFFFFFFFFFFFFFFFFFFFCD
S3150817CE50FFFFFFFFFFFFFFFFFFFFFFFFFFFFFFFFBD
S3150817CE60FFFFFFFFFFFFFFFFFFFFFFFFFFFFFFFFAD
S3150817CE70FFFFFFFFFFFFFFFFFFFFFFFFFFFFFFFF9D
S3150817CE80FFFFFFFFFFFFFFFFFFFFFFFFFFFFFFFF8D
S3150817CE90FFFFFFFFFFFFFFFFFFFFFFFFFFFFFFFF7D
S3150817CEA0FFFFFFFFFFFFFFFFFFFFFFFFFFFFFFFF6D
S3150817CEB0FFFFFFFFFFFFFFFFFFFFFFFFFFFFFFFF5D
S3150817CEC0FFFFFFFFFFFFFFFFFFFFFFFFFFFFFFFF4D
S3150817CED0FFFFFFFFFFFFFFFFFFFFFFFFFFFFFFFF3D
S3150817CEE0FFFFFFFFFFFFFFFFFFFFFFFFFFFFFFFF2D
S3150817CEF0FFFFFFFFFFFFFFFFFFFFFFFFFFFFFFFF1D
S3150817CF00FFFFFFFFFFFFFFFFFFFFFFFFFFFFFFFF0C
S3150817CF10FFFFFFFFFFFFFFFFFFFFFFFFFFFFFFFFFC
S3150817CF20FFFFFFFFFFFFFFFFFFFFFFFFFFFFFFFFEC
S3150817CF30FFFFFFFFFFFFFFFFFFFFFFFFFFFFFFFFDC
S3150817CF40FFFFFFFFFFFFFFFFFFFFFFFFFFFFFFFFCC
S3150817CF50FFFFFFFFFFFFFFFFFFFFFFFFFFFFFFFFBC
S3150817CF60FFFFFFFFFFFFFFFFFFFFFFFFFFFFFFFFAC
S3150817CF70FFFFFFFFFFFFFFFFFFFFFFFFFFFFFFFF9C
S3150817CF80FFFFFFFFFFFFFFFFFFFFFFFFFFFFFFFF8C
S3150817CF90FFFFFFFFFFFFFFFFFFFFFFFFFFFFFFFF7C
S3150817CFA0FFFFFFFFFFFFFFFFFFFFFFFFFFFFFFFF6C
S3150817CFB0FFFFFFFFFFFFFFFFFFFFFFFFFFFFFFFF5C
S3150817CFC0FFFFFFFFFFFFFFFFFFFFFFFFFFFFFFFF4C
S3150817CFD0FFFFFFFFFFFFFFFFFFFFFFFFFFFFFFFF3C
S3150817CFE0FFFFFFFFFFFFFFFFFFFFFFFFFFFFFFFF2C
S3150817CFF0FFFFFFFFFFFFFFFFFFFFFFFFFFFFFFFF1C
S3150817D000FFFFFFFFFFFFFFFFFFFFFFFFFFFFFFFF0B
S3150817D010FFFFFFFFFFFFFFFFFFFFFFFFFFFFFFFFFB
S3150817D020FFFFFFFFFFFFFFFFFFFFFFFFFFFFFFFFEB
S3150817D030FFFFFFFFFFFFFFFFFFFFFFFFFFFFFFFFDB
S3150817D040FFFFFFFFFFFFFFFFFFFFFFFFFFFFFFFFCB
S3150817D050FFFFFFFFFFFFFFFFFFFFFFFFFFFFFFFFBB
S3150817D060FFFFFFFFFFFFFFFFFFFFFFFFFFFFFFFFAB
S3150817D070FFFFFFFFFFFFFFFFFFFFFFFFFFFFFFFF9B
S3150817D080FFFFFFFFFFFFFFFFFFFFFFFFFFFFFFFF8B
S3150817D090FFFFFFFFFFFFFFFFFFFFFFFFFFFFFFFF7B
S3150817D0A0FFFFFFFFFFFFFFFFFFFFFFFFFFFFFFFF6B
S3150817D0B0FFFFFFFFFFFFFFFFFFFFFFFFFFFFFFFF5B
S3150817D0C0FFFFFFFFFFFFFFFFFFFFFFFFFFFFFFFF4B
S3150817D0D0FFFFFFFFFFFFFFFFFFFFFFFFFFFFFFFF3B
S3150817D0E0FFFFFFFFFFFFFFFFFFFFFFFFFFFFFFFF2B
S3150817D0F0FFFFFFFFFFFFFFFFFFFFFFFFFFFFFFFF1B
S3150817D100FFFFFFFFFFFFFFFFFFFFFFFFFFFFFFFF0A
S3150817D110FFFFFFFFFFFFFFFFFFFFFFFFFFFFFFFFFA
S3150817D120FFFFFFFFFFFFFFFFFFFFFFFFFFFFFFFFEA
S3150817D130FFFFFFFFFFFFFFFFFFFFFFFFFFFFFFFFDA
S3150817D140FFFFFFFFFFFFFFFFFFFFFFFFFFFFFFFFCA
S3150817D150FFFFFFFFFFFFFFFFFFFFFFFFFFFFFFFFBA
S3150817D160FFFFFFFFFFFFFFFFFFFFFFFFFFFFFFFFAA
S3150817D170FFFFFFFFFFFFFFFFFFFFFFFFFFFFFFFF9A
S3150817D180FFFFFFFFFFFFFFFFFFFFFFFFFFFFFFFF8A
S3150817D190FFFFFFFFFFFFFFFFFFFFFFFFFFFFFFFF7A
S3150817D1A0FFFFFFFFFFFFFFFFFFFFFFFFFFFFFFFF6A
S3150817D1B0FFFFFFFFFFFFFFFFFFFFFFFFFFFFFFFF5A
S3150817D1C0FFFFFFFFFFFFFFFFFFFFFFFFFFFFFFFF4A
S3150817D1D0FFFFFFFFFFFFFFFFFFFFFFFFFFFFFFFF3A
S3150817D1E0FFFFFFFFFFFFFFFFFFFFFFFFFFFFFFFF2A
S3150817D1F0FFFFFFFFFFFFFFFFFFFFFFFFFFFFFFFF1A
S3150817D200FFFFFFFFFFFFFFFFFFFFFFFFFFFFFFFF09
S3150817D210FFFFFFFFFFFFFFFFFFFFFFFFFFFFFFFFF9
S3150817D220FFFFFFFFFFFFFFFFFFFFFFFFFFFFFFFFE9
S3150817D230FFFFFFFFFFFFFFFFFFFFFFFFFFFFFFFFD9
S3150817D240FFFFFFFFFFFFFFFFFFFFFFFFFFFFFFFFC9
S3150817D250FFFFFFFFFFFFFFFFFFFFFFFFFFFFFFFFB9
S3150817D260FFFFFFFFFFFFFFFFFFFFFFFFFFFFFFFFA9
S3150817D270FFFFFFFFFFFFFFFFFFFFFFFFFFFFFFFF99
S3150817D280FFFFFFFFFFFFFFFFFFFFFFFFFFFFFFFF89
S3150817D290FFFFFFFFFFFFFFFFFFFFFFFFFFFFFFFF79
S3150817D2A0FFFFFFFFFFFFFFFFFFFFFFFFFFFFFFFF69
S3150817D2B0FFFFFFFFFFFFFFFFFFFFFFFFFFFFFFFF59
S3150817D2C0FFFFFFFFFFFFFFFFFFFFFFFFFFFFFFFF49
S3150817D2D0FFFFFFFFFFFFFFFFFFFFFFFFFFFFFFFF39
S3150817D2E0FFFFFFFFFFFFFFFFFFFFFFFFFFFFFFFF29
S3150817D2F0FFFFFFFFFFFFFFFFFFFFFFFFFFFFFFFF19
S3150817D300FFFFFFFFFFFFFFFFFFFFFFFFFFFFFFFF08
S3150817D310FFFFFFFFFFFFFFFFFFFFFFFFFFFFFFFFF8
S3150817D320FFFFFFFFFFFFFFFFFFFFFFFFFFFFFFFFE8
S3150817D330FFFFFFFFFFFFFFFFFFFFFFFFFFFFFFFFD8
S3150817D340FFFFFFFFFFFFFFFFFFFFFFFFFFFFFFFFC8
S3150817D350FFFFFFFFFFFFFFFFFFFFFFFFFFFFFFFFB8
S3150817D360FFFFFFFFFFFFFFFFFFFFFFFFFFFFFFFFA8
S3150817D370FFFFFFFFFFFFFFFFFFFFFFFFFFFFFFFF98
S3150817D380FFFFFFFFFFFFFFFFFFFFFFFFFFFFFFFF88
S3150817D390FFFFFFFFFFFFFFFFFFFFFFFFFFFFFFFF78
S3150817D3A0FFFFFFFFFFFFFFFFFFFFFFFFFFFFFFFF68
S3150817D3B0FFFFFFFFFFFFFFFFFFFFFFFFFFFFFFFF58
S3150817D3C0FFFFFFFFFFFFFFFFFFFFFFFFFFFFFFFF48
S3150817D3D0FFFFFFFFFFFFFFFFFFFFFFFFFFFFFFFF38
S3150817D3E0FFFFFFFFFFFFFFFFFFFFFFFFFFFFFFFF28
S3150817D3F0FFFFFFFFFFFFFFFFFFFFFFFFFFFFFFFF18
S3150817D400FFFFFFFFFFFFFFFFFFFFFFFFFFFFFFFF07
S3150817D410FFFFFFFFFFFFFFFFFFFFFFFFFFFFFFFFF7
S3150817D420FFFFFFFFFFFFFFFFFFFFFFFFFFFFFFFFE7
S3150817D430FFFFFFFFFFFFFFFFFFFFFFFFFFFFFFFFD7
S3150817D440FFFFFFFFFFFFFFFFFFFFFFFFFFFFFFFFC7
S3150817D450FFFFFFFFFFFFFFFFFFFFFFFFFFFFFFFFB7
S3150817D460FFFFFFFFFFFFFFFFFFFFFFFFFFFFFFFFA7
S3150817D470FFFFFFFFFFFFFFFFFFFFFFFFFFFFFFFF97
S3150817D480FFFFFFFFFFFFFFFFFFFFFFFFFFFFFFFF87
S3150817D490FFFFFFFFFFFFFFFFFFFFFFFFFFFFFFFF77
S3150817D4A0FFFFFFFFFFFFFFFFFFFFFFFFFFFFFFFF67
S3150817D4B0FFFFFFFFFFFFFFFFFFFFFFFFFFFFFFFF57
S3150817D4C0FFFFFFFFFFFFFFFFFFFFFFFFFFFFFFFF47
S3150817D4D0FFFFFFFFFFFFFFFFFFFFFFFFFFFFFFFF37
S3150817D4E0FFFFFFFFFFFFFFFFFFFFFFFFFFFFFFFF27
S3150817D4F0FFFFFFFFFFFFFFFFFFFFFFFFFFFFFFFF17
S3150817D500FFFFFFFFFFFFFFFFFFFFFFFFFFFFFFFF06
S3150817D510FFFFFFFFFFFFFFFFFFFFFFFFFFFFFFFFF6
S3150817D520FFFFFFFFFFFFFFFFFFFFFFFFFFFFFFFFE6
S3150817D530FFFFFFFFFFFFFFFFFFFFFFFFFFFFFFFFD6
S3150817D540FFFFFFFFFFFFFFFFFFFFFFFFFFFFFFFFC6
S3150817D550FFFFFFFFFFFFFFFFFFFFFFFFFFFFFFFFB6
S3150817D560FFFFFFFFFFFFFFFFFFFFFFFFFFFFFFFFA6
S3150817D570FFFFFFFFFFFFFFFFFFFFFFFFFFFFFFFF96
S3150817D580FFFFFFFFFFFFFFFFFFFFFFFFFFFFFFFF86
S3150817D590FFFFFFFFFFFFFFFFFFFFFFFFFFFFFFFF76
S3150817D5A0FFFFFFFFFFFFFFFFFFFFFFFFFFFFFFFF66
S3150817D5B0FFFFFFFFFFFFFFFFFFFFFFFFFFFFFFFF56
S3150817D5C0FFFFFFFFFFFFFFFFFFFFFFFFFFFFFFFF46
S3150817D5D0FFFFFFFFFFFFFFFFFFFFFFFFFFFFFFFF36
S3150817D5E0FFFFFFFFFFFFFFFFFFFFFFFFFFFFFFFF26
S3150817D5F0FFFFFFFFFFFFFFFFFFFFFFFFFFFFFFFF16
S3150817D600FFFFFFFFFFFFFFFFFFFFFFFFFFFFFFFF05
S3150817D610FFFFFFFFFFFFFFFFFFFFFFFFFFFFFFFFF5
S3150817D620FFFFFFFFFFFFFFFFFFFFFFFFFFFFFFFFE5
S3150817D630FFFFFFFFFFFFFFFFFFFFFFFFFFFFFFFFD5
S3150817D640FFFFFFFFFFFFFFFFFFFFFFFFFFFFFFFFC5
S3150817D650FFFFFFFFFFFFFFFFFFFFFFFFFFFFFFFFB5
S3150817D660FFFFFFFFFFFFFFFFFFFFFFFFFFFFFFFFA5
S3150817D670FFFFFFFFFFFFFFFFFFFFFFFFFFFFFFFF95
S3150817D680FFFFFFFFFFFFFFFFFFFFFFFFFFFFFFFF85
S3150817D690FFFFFFFFFFFFFFFFFFFFFFFFFFFFFFFF75
S3150817D6A0FFFFFFFFFFFFFFFFFFFFFFFFFFFFFFFF65
S3150817D6B0FFFFFFFFFFFFFFFFFFFFFFFFFFFFFFFF55
S3150817D6C0FFFFFFFFFFFFFFFFFFFFFFFFFFFFFFFF45
S3150817D6D0FFFFFFFFFFFFFFFFFFFFFFFFFFFFFFFF35
S3150817D6E0FFFFFFFFFFFFFFFFFFFFFFFFFFFFFFFF25
S3150817D6F0FFFFFFFFFFFFFFFFFFFFFFFFFFFFFFFF15
S3150817D700FFFFFFFFFFFFFFFFFFFFFFFFFFFFFFFF04
S3150817D710FFFFFFFFFFFFFFFFFFFFFFFFFFFFFFFFF4
S3150817D720FFFFFFFFFFFFFFFFFFFFFFFFFFFFFFFFE4
S3150817D730FFFFFFFFFFFFFFFFFFFFFFFFFFFFFFFFD4
S3150817D740FFFFFFFFFFFFFFFFFFFFFFFFFFFFFFFFC4
S3150817D750FFFFFFFFFFFFFFFFFFFFFFFFFFFFFFFFB4
S3150817D760FFFFFFFFFFFFFFFFFFFFFFFFFFFFFFFFA4
S3150817D770FFFFFFFFFFFFFFFFFFFFFFFFFFFFFFFF94
S3150817D780FFFFFFFFFFFFFFFFFFFFFFFFFFFFFFFF84
S3150817D790FFFFFFFFFFFFFFFFFFFFFFFFFFFFFFFF74
S3150817D7A0FFFFFFFFFFFFFFFFFFFFFFFFFFFFFFFF64
S3150817D7B0FFFFFFFFFFFFFFFFFFFFFFFFFFFFFFFF54
S3150817D7C0FFFFFFFFFFFFFFFFFFFFFFFFFFFFFFFF44
S3150817D7D0FFFFFFFFFFFFFFFFFFFFFFFFFFFFFFFF34
S3150817D7E0FFFFFFFFFFFFFFFFFFFFFFFFFFFFFFFF24
S3150817D7F0FFFFFFFFFFFFFFFFFFFFFFFFFFFFFFFF14
S3150817D800FFFFFFFFFFFFFFFFFFFFFFFFFFFFFFFF03
S3150817D810FFFFFFFFFFFFFFFFFFFFFFFFFFFFFFFFF3
S3150817D820FFFFFFFFFFFFFFFFFFFFFFFFFFFFFFFFE3
S3150817D830FFFFFFFFFFFFFFFFFFFFFFFFFFFFFFFFD3
S3150817D840FFFFFFFFFFFFFFFFFFFFFFFFFFFFFFFFC3
S3150817D850FFFFFFFFFFFFFFFFFFFFFFFFFFFFFFFFB3
S3150817D860FFFFFFFFFFFFFFFFFFFFFFFFFFFFFFFFA3
S3150817D870FFFFFFFFFFFFFFFFFFFFFFFFFFFFFFFF93
S3150817D880FFFFFFFFFFFFFFFFFFFFFFFFFFFFFFFF83
S3150817D890FFFFFFFFFFFFFFFFFFFFFFFFFFFFFFFF73
S3150817D8A0FFFFFFFFFFFFFFFFFFFFFFFFFFFFFFFF63
S3150817D8B0FFFFFFFFFFFFFFFFFFFFFFFFFFFFFFFF53
S3150817D8C0FFFFFFFFFFFFFFFFFFFFFFFFFFFFFFFF43
S3150817D8D0FFFFFFFFFFFFFFFFFFFFFFFFFFFFFFFF33
S3150817D8E0FFFFFFFFFFFFFFFFFFFFFFFFFFFFFFFF23
S3150817D8F0FFFFFFFFFFFFFFFFFFFFFFFFFFFFFFFF13
S3150817D900FFFFFFFFFFFFFFFFFFFFFFFFFFFFFFFF02
S3150817D910FFFFFFFFFFFFFFFFFFFFFFFFFFFFFFFFF2
S3150817D920FFFFFFFFFFFFFFFFFFFFFFFFFFFFFFFFE2
S3150817D930FFFFFFFFFFFFFFFFFFFFFFFFFFFFFFFFD2
S3150817D940FFFFFFFFFFFFFFFFFFFFFFFFFFFFFFFFC2
S3150817D950FFFFFFFFFFFFFFFFFFFFFFFFFFFFFFFFB2
S3150817D960FFFFFFFFFFFFFFFFFFFFFFFFFFFFFFFFA2
S3150817D970FFFFFFFFFFFFFFFFFFFFFFFFFFFFFFFF92
S3150817D980FFFFFFFFFFFFFFFFFFFFFFFFFFFFFFFF82
S3150817D990FFFFFFFFFFFFFFFFFFFFFFFFFFFFFFFF72
S3150817D9A0FFFFFFFFFFFFFFFFFFFFFFFFFFFFFFFF62
S3150817D9B0FFFFFFFFFFFFFFFFFFFFFFFFFFFFFFFF52
S3150817D9C0FFFFFFFFFFFFFFFFFFFFFFFFFFFFFFFF42
S3150817D9D0FFFFFFFFFFFFFFFFFFFFFFFFFFFFFFFF32
S3150817D9E0FFFFFFFFFFFFFFFFFFFFFFFFFFFFFFFF22
S3150817D9F0FFFFFFFFFFFFFFFFFFFFFFFFFFFFFFFF12
S3150817DA00FFFFFFFFFFFFFFFFFFFFFFFFFFFFFFFF01
S3150817DA10FFFFFFFFFFFFFFFFFFFFFFFFFFFFFFFFF1
S3150817DA20FFFFFFFFFFFFFFFFFFFFFFFFFFFFFFFFE1
S3150817DA30FFFFFFFFFFFFFFFFFFFFFFFFFFFFFFFFD1
S3150817DA40FFFFFFFFFFFFFFFFFFFFFFFFFFFFFFFFC1
S3150817DA50FFFFFFFFFFFFFFFFFFFFFFFFFFFFFFFFB1
S3150817DA60FFFFFFFFFFFFFFFFFFFFFFFFFFFFFFFFA1
S3150817DA70FFFFFFFFFFFFFFFFFFFFFFFFFFFFFFFF91
S3150817DA80FFFFFFFFFFFFFFFFFFFFFFFFFFFFFFFF81
S3150817DA90FFFFFFFFFFFFFFFFFFFFFFFFFFFFFFFF71
S3150817DAA0FFFFFFFFFFFFFFFFFFFFFFFFFFFFFFFF61
S3150817DAB0FFFFFFFFFFFFFFFFFFFFFFFFFFFFFFFF51
S3150817DAC0FFFFFFFFFFFFFFFFFFFFFFFFFFFFFFFF41
S3150817DAD0FFFFFFFFFFFFFFFFFFFFFFFFFFFFFFFF31
S3150817DAE0FFFFFFFFFFFFFFFFFFFFFFFFFFFFFFFF21
S3150817DAF0FFFFFFFFFFFFFFFFFFFFFFFFFFFFFFFF11
S3150817DB00FFFFFFFFFFFFFFFFFFFFFFFFFFFFFFFF00
S3150817DB10FFFFFFFFFFFFFFFFFFFFFFFFFFFFFFFFF0
S3150817DB20FFFFFFFFFFFFFFFFFFFFFFFFFFFFFFFFE0
S3150817DB30FFFFFFFFFFFFFFFFFFFFFFFFFFFFFFFFD0
S3150817DB40FFFFFFFFFFFFFFFFFFFFFFFFFFFFFFFFC0
S3150817DB50FFFFFFFFFFFFFFFFFFFFFFFFFFFFFFFFB0
S3150817DB60FFFFFFFFFFFFFFFFFFFFFFFFFFFFFFFFA0
S3150817DB70FFFFFFFFFFFFFFFFFFFFFFFFFFFFFFFF90
S3150817DB80FFFFFFFFFFFFFFFFFFFFFFFFFFFFFFFF80
S3150817DB90FFFFFFFFFFFFFFFFFFFFFFFFFFFFFFFF70
S3150817DBA0FFFFFFFFFFFFFFFFFFFFFFFFFFFFFFFF60
S3150817DBB0FFFFFFFFFFFFFFFFFFFFFFFFFFFFFFFF50
S3150817DBC0FFFFFFFFFFFFFFFFFFFFFFFFFFFFFFFF40
S3150817DBD0FFFFFFFFFFFFFFFFFFFFFFFFFFFFFFFF30
S3150817DBE0FFFFFFFFFFFFFFFFFFFFFFFFFFFFFFFF20
S3150817DBF0FFFFFFFFFFFFFFFFFFFFFFFFFFFFFFFF10
S3150817DC00FFFFFFFFFFFFFFFFFFFFFFFFFFFFFFFFFF
S3150817DC10FFFFFFFFFFFFFFFFFFFFFFFFFFFFFFFFEF
S3150817DC20FFFFFFFFFFFFFFFFFFFFFFFFFFFFFFFFDF
S3150817DC30FFFFFFFFFFFFFFFFFFFFFFFFFFFFFFFFCF
S3150817DC40FFFFFFFFFFFFFFFFFFFFFFFFFFFFFFFFBF
S3150817DC50FFFFFFFFFFFFFFFFFFFFFFFFFFFFFFFFAF
S3150817DC60FFFFFFFFFFFFFFFFFFFFFFFFFFFFFFFF9F
S3150817DC70FFFFFFFFFFFFFFFFFFFFFFFFFFFFFFFF8F
S3150817DC80FFFFFFFFFFFFFFFFFFFFFFFFFFFFFFFF7F
S3150817DC90FFFFFFFFFFFFFFFFFFFFFFFFFFFFFFFF6F
S3150817DCA0FFFFFFFFFFFFFFFFFFFFFFFFFFFFFFFF5F
S3150817DCB0FFFFFFFFFFFFFFFFFFFFFFFFFFFFFFFF4F
S3150817DCC0FFFFFFFFFFFFFFFFFFFFFFFFFFFFFFFF3F
S3150817DCD0FFFFFFFFFFFFFFFFFFFFFFFFFFFFFFFF2F
S3150817DCE0FFFFFFFFFFFFFFFFFFFFFFFFFFFFFFFF1F
S3150817DCF0FFFFFFFFFFFFFFFFFFFFFFFFFFFFFFFF0F
S3150817DD00FFFFFFFFFFFFFFFFFFFFFFFFFFFFFFFFFE
S3150817DD10FFFFFFFFFFFFFFFFFFFFFFFFFFFFFFFFEE
S3150817DD20FFFFFFFFFFFFFFFFFFFFFFFFFFFFFFFFDE
S3150817DD30FFFFFFFFFFFFFFFFFFFFFFFFFFFFFFFFCE
S3150817DD40FFFFFFFFFFFFFFFFFFFFFFFFFFFFFFFFBE
S3150817DD50FFFFFFFFFFFFFFFFFFFFFFFFFFFFFFFFAE
S3150817DD60FFFFFFFFFFFFFFFFFFFFFFFFFFFFFFFF9E
S3150817DD70FFFFFFFFFFFFFFFFFFFFFFFFFFFFFFFF8E
S3150817DD80FFFFFFFFFFFFFFFFFFFFFFFFFFFFFFFF7E
S3150817DD90FFFFFFFFFFFFFFFFFFFFFFFFFFFFFFFF6E
S3150817DDA0FFFFFFFFFFFFFFFFFFFFFFFFFFFFFFFF5E
S3150817DDB0FFFFFFFFFFFFFFFFFFFFFFFFFFFFFFFF4E
S3150817DDC0FFFFFFFFFFFFFFFFFFFFFFFFFFFFFFFF3E
S3150817DDD0FFFFFFFFFFFFFFFFFFFFFFFFFFFFFFFF2E
S3150817DDE0FFFFFFFFFFFFFFFFFFFFFFFFFFFFFFFF1E
S3150817DDF0FFFFFFFFFFFFFFFFFFFFFFFFFFFFFFFF0E
S3150817DE00FFFFFFFFFFFFFFFFFFFFFFFFFFFFFFFFFD
S3150817DE10FFFFFFFFFFFFFFFFFFFFFFFFFFFFFFFFED
S3150817DE20FFFFFFFFFFFFFFFFFFFFFFFFFFFFFFFFDD
S3150817DE30FFFFFFFFFFFFFFFFFFFFFFFFFFFFFFFFCD
S3150817DE40FFFFFFFFFFFFFFFFFFFFFFFFFFFFFFFFBD
S3150817DE50FFFFFFFFFFFFFFFFFFFFFFFFFFFFFFFFAD
S3150817DE60FFFFFFFFFFFFFFFFFFFFFFFFFFFFFFFF9D
S3150817DE70FFFFFFFFFFFFFFFFFFFFFFFFFFFFFFFF8D
S3150817DE80FFFFFFFFFFFFFFFFFFFFFFFFFFFFFFFF7D
S3150817DE90FFFFFFFFFFFFFFFFFFFFFFFFFFFFFFFF6D
S3150817DEA0FFFFFFFFFFFFFFFFFFFFFFFFFFFFFFFF5D
S3150817DEB0FFFFFFFFFFFFFFFFFFFFFFFFFFFFFFFF4D
S3150817DEC0FFFFFFFFFFFFFFFFFFFFFFFFFFFFFFFF3D
S3150817DED0FFFFFFFFFFFFFFFFFFFFFFFFFFFFFFFF2D
S3150817DEE0FFFFFFFFFFFFFFFFFFFFFFFFFFFFFFFF1D
S3150817DEF0FFFFFFFFFFFFFFFFFFFFFFFFFFFFFFFF0D
S3150817DF00FFFFFFFFFFFFFFFFFFFFFFFFFFFFFFFFFC
S3150817DF10FFFFFFFFFFFFFFFFFFFFFFFFFFFFFFFFEC
S3150817DF20FFFFFFFFFFFFFFFFFFFFFFFFFFFFFFFFDC
S3150817DF30FFFFFFFFFFFFFFFFFFFFFFFFFFFFFFFFCC
S3150817DF40FFFFFFFFFFFFFFFFFFFFFFFFFFFFFFFFBC
S3150817DF50FFFFFFFFFFFFFFFFFFFFFFFFFFFFFFFFAC
S3150817DF60FFFFFFFFFFFFFFFFFFFFFFFFFFFFFFFF9C
S3150817DF70FFFFFFFFFFFFFFFFFFFFFFFFFFFFFFFF8C
S3150817DF80FFFFFFFFFFFFFFFFFFFFFFFFFFFFFFFF7C
S3150817DF90FFFFFFFFFFFFFFFFFFFFFFFFFFFFFFFF6C
S3150817DFA0FFFFFFFFFFFFFFFFFFFFFFFFFFFFFFFF5C
S3150817DFB0FFFFFFFFFFFFFFFFFFFFFFFFFFFFFFFF4C
S3150817DFC0FFFFFFFFFFFFFFFFFFFFFFFFFFFFFFFF3C
S3150817DFD0FFFFFFFFFFFFFFFFFFFFFFFFFFFFFFFF2C
S3150817DFE0FFFFFFFFFFFFFFFFFFFFFFFFFFFFFFFF1C
S3150817DFF0FFFFFFFFFFFFFFFFFFFFFFFFFFFFFFFF0C
S5030A00F2
S70500000000FA
